indicator_orig,indic_id,indicator_harmonized
GDP,IPBES_GA2.1_sup_1,gross domestic product
Globalization index,IPBES_GA2.1_sup_2,globalization index
Poverty gap,IPBES_GA2.1_sup_3,poverty gap
Food Security Index,IPBES_GA2.1_sup_4,food security index
Depth of the food deficit (kcal/capit a/day) (3- year average),IPBES_GA2.1_sup_5,food deficit (kcal/capit a/day) (3- year average)
Access to improved sanitation facilities,IPBES_GA2.1_sup_6,access to improved sanitation facilities
Domestic Material Consumption,IPBES_GA2.1_sup_7,domestic material consumption
per capita calorie intake,IPBES_GA2.1_sup_8,per capita calorie intake
Prevalence of obesity in the adult population (18 years and older),IPBES_GA2.1_sup_9,prevalence of obesity in the adult population (18 years and older)
Energy use (kg of oil equivalent per capita),IPBES_GA2.1_sup_10,energy use (kg of oil equivalent per capita)
Mobile cellular subscriptions,IPBES_GA2.1_sup_11,mobile cellular subscriptions
Fossil fuel energy consumption (% of total),IPBES_GA2.1_sup_12,fossil-fuel energy consumption (percentage of total)
Renewable electricity consumption (% of total electricity output),IPBES_GA2.1_sup_13,renewable electricity consumption (percentage of total electricity output)
Electric power consumption (kWh per capita),IPBES_GA2.1_sup_14,electric power consumption (kwh per capita)
Access to electricity,IPBES_GA2.1_sup_15,access to electricity
Alternative and nuclear energy (% of total energy use),IPBES_GA2.1_sup_16,alternative and nuclear energy (percentage of total energy use)
Protein intake per country per person,IPBES_GA2.1_sup_17,protein intake per country per person
"Energy supply derived from cereals, roots and tubers",IPBES_GA2.1_sup_18,"energy supply derived from cereals, roots and tubers"
People per ouletlet McDonals,IPBES_GA2.1_sup_19,people per outlet mcdonals
Population growth (annual %),IPBES_GA2.1_sup_20,population growth (annual percentage)
Population density,IPBES_GA2.1_sup_21,population density
Child mortality rate,IPBES_GA2.1_sup_22,child mortality rate
Urban Population,IPBES_GA2.1_sup_23,urban population
International migrant stock,IPBES_GA2.1_sup_24,international migrant stock
Refugee population,IPBES_GA2.1_sup_25,refugee population
Migration Net,IPBES_GA2.1_sup_26,migration net
Population in the largest city,IPBES_GA2.1_sup_27,population in the largest city
Population in megacities,IPBES_GA2.1_sup_28,population in megacities
GDP per capita,IPBES_GA2.1_sup_29,gross domestic product
Agricultural land,IPBES_GA2.1_sup_30,agricultural land
livestock indigenous animals,IPBES_GA2.1_sup_31,livestock indigenous animals
livestock density of cattle,IPBES_GA2.1_sup_32,livestock density of cattle
livestock density of animals (chickens),IPBES_GA2.1_sup_33,livestock density of animals (chickens)
agricultural organic area,IPBES_GA2.1_sup_34,area of agricultural land under organic production
"International tourism, number of departures",IPBES_GA2.1_sup_35,"international tourism, number of departures"
"International tourism, number of arrivals",IPBES_GA2.1_sup_36,"international tourism, number of arrivals"
Container port traffic (TEU: 20 foot equivalent units),IPBES_GA2.1_sup_37,container port traffic (teu: 20 foot equivalent units)
Air passengers,IPBES_GA2.1_sup_38,air passengers
Air departures,IPBES_GA2.1_sup_39,air departures
Deaths from air pollution,IPBES_GA2.1_sup_40,deaths from air pollution
GHG emissions (in tonnes CO2 eq and tonnes per capita),IPBES_GA2.1_sup_41,ghg emissions
Pesticides used per unit area,IPBES_GA2.1_sup_42,pesticide use
Fertilizers used per unit area,IPBES_GA2.1_sup_43,fertilizers used
Air pollution,IPBES_GA2.1_sup_44,air pollution
Nitrogenen deposition trends,IPBES_GA2.1_sup_45,nitrogenen deposition trends
GHG emissions change,IPBES_GA2.1_sup_46,ghg emissions
Extraction ores,IPBES_GA2.1_sup_47,extraction ores
Extraction all of biomass,IPBES_GA2.1_sup_48,extraction all of biomass
Extraction of ind. & const. minerals,IPBES_GA2.1_sup_49,extraction of industrial and constrution minerals
Extraction biomass food,IPBES_GA2.1_sup_50,extraction biomass food
Extraction Biomass Forstry,IPBES_GA2.1_sup_51,extraction biomass forestry
Extraction biomass feed,IPBES_GA2.1_sup_52,extraction biomass feed
Extraction biomass animals,IPBES_GA2.1_sup_53,extraction biomass animals
Extraction other biomass,IPBES_GA2.1_sup_54,extraction other biomass
Extraction fossil fuel,IPBES_GA2.1_sup_55,extraction fossil-fuel
Water withdrawal,IPBES_GA2.1_sup_56,water withdrawal
Renewable internal freshwater resource,IPBES_GA2.1_sup_57,renewable internal freshwater resource
Agricultural water withdrawal,IPBES_GA2.1_sup_58,agricultural water withdrawal
Ramsar Sites,IPBES_GA2.1_sup_59,ramsar sites
Certified Forest Area,IPBES_GA2.1_sup_60,certified forest area
United Nations Framework Convention on Climate Change,IPBES_GA2.1_sup_61,united nations framework convention on climate change
Convention of fishing and conservation of the living resources of the high seas,IPBES_GA2.1_sup_62,convention of fishing and conservation of the living resources of the high seas
Montreal Protocol,IPBES_GA2.1_sup_63,montreal protocol
Convention on Biological Diversity,IPBES_GA2.1_sup_64,convention on biological diversity
Convention on the Conservation of Antarctic Marine Living Resources,IPBES_GA2.1_sup_65,convention on the conservation of antarctic marine living resources
"Credit to Agriculture, Forestry and Fishing",IPBES_GA2.1_sup_66,"credit to agriculture, forestry and fishing"
Political stability and absence of violence/terrorism,IPBES_GA2.1_sup_67,political stability and absence of violence/terrorism
Aboveground biomass,IPBES_GA2.2_sup_1,above-ground biomass
BHI (overall habitat integrity),IPBES_GA2.2_sup_2,biodiversity habitat index
BHI (overall habitat integrity) - Hotspots,IPBES_GA2.2_sup_3,biodiversity habitat index
Coastal carbon-rich habitat,IPBES_GA2.2_sup_4,coastal carbon-rich habitat
Coastal protection habitats,IPBES_GA2.2_sup_5,coastal protection habitats
Extent of forests,IPBES_GA2.2_sup_6,extent of forests
Extent of intact forest landscapes,IPBES_GA2.2_sup_7,extent of intact forest landscapes
Extent of marine wilderness,IPBES_GA2.2_sup_8,extent of marine wilderness
Extent of terrestrial wilderness,IPBES_GA2.2_sup_9,extent of terrestrial wilderness
Fraction of ocean not fished per year,IPBES_GA2.2_sup_10,fraction of ocean not fished per year
Land not cultivated or urban (global),IPBES_GA2.2_sup_11,land not cultivated or urban
Land not cultivated or urban (Hotspots),IPBES_GA2.2_sup_12,land not cultivated or urban (hotspots)
Land not cultivated or urban (Indigenous Lands),IPBES_GA2.2_sup_13,land not cultivated or urban (indigenous lands)
Leaf Area Index,IPBES_GA2.2_sup_14,leaf area index (lai)
Mangrove forest area,IPBES_GA2.2_sup_15,mangrove forest area
Natural habitat extent,IPBES_GA2.2_sup_16,extent of suitable habitat
Percentage live coral cover,IPBES_GA2.2_sup_17,live coral cover
Permanent surface water extent,IPBES_GA2.2_sup_18,permanent surface water extent
Remaining primary vegetation,IPBES_GA2.2_sup_19,remaining primary vegetation
Remaining primary vegetation (Hotspots),IPBES_GA2.2_sup_20,remaining primary vegetation (hotspots)
Remaining primary vegetation (Indigenous Lands),IPBES_GA2.2_sup_21,remaining primary vegetation (indigenous lands)
Seagrass meadow area,IPBES_GA2.2_sup_22,seagrass meadow area
Soil organic carbon (correlative model),IPBES_GA2.2_sup_23,soil organic carbon
Soil organic carbon (mechanistic models),IPBES_GA2.2_sup_24,soil organic carbon
Tree cover,IPBES_GA2.2_sup_25,tree cover
Vegetation biomass (mechanistic models),IPBES_GA2.2_sup_26,vegetation biomass
Wetland Extent Trends Index,IPBES_GA2.2_sup_27,wetland extent trends index
Biological pump efficiency,IPBES_GA2.2_sup_28,biological pump efficiency
Biomass turnover rate,IPBES_GA2.2_sup_29,biomass turnover rate
Evapotranspiration (model ensemble),IPBES_GA2.2_sup_30,evapotranspiration
Marine NPP (remote sensing),IPBES_GA2.2_sup_31,marine net primary production
NPP remaining in ecosystems,IPBES_GA2.2_sup_32,net primary production
Oceanic carbon sequestration,IPBES_GA2.2_sup_33,oceanic carbon sequestration
Terrestrial C sequestration (model ensemble),IPBES_GA2.2_sup_34,terrestrial c sequestration
Terrestrial NPP (model ensemble),IPBES_GA2.2_sup_35,terrestrial net primary production
Terrestrial NPP (remote-sensing),IPBES_GA2.2_sup_36,terrestrial net primary production
Biodiversity Intactness Index (Hotspots),IPBES_GA2.2_sup_37,biodiversity intactness index (hotspots)
Biodiversity Intactness Index (Indigenous Lands),IPBES_GA2.2_sup_38,biodiversity intactness index (indigenous lands)
Biodiversity Intactness Index (overall),IPBES_GA2.2_sup_39,biodiversity intactness index
Local species richness (BioTime),IPBES_GA2.2_sup_40,local species richness (biotime)
Local species richness (PREDICTS),IPBES_GA2.2_sup_41,local species richness (predicts)
Mean Species Abundance index,IPBES_GA2.2_sup_42,mean species abundance (msa)
Mean Species Abundance index (Hotspots),IPBES_GA2.2_sup_43,mean species abundance (msa) (hotspots)
Mean Species Abundance index (Indigenous Lands),IPBES_GA2.2_sup_44,mean species abundance (msa) (indigenous lands)
Tropical forest BII (hotspots),IPBES_GA2.2_sup_45,"biodiversity intactness index (tropical forest, hotspots)"
Tropical forest BII (Indigenous Lands),IPBES_GA2.2_sup_46,"biodiversity intactness index (tropical forest, indigenous lands)"
Tropical forest BII (overall),IPBES_GA2.2_sup_47,biodiversity intactness index (tropical forest)
Bird species per grid cell (cSAR),IPBES_GA2.2_sup_48,bird species per grid cell
Cumulative introduced invasive aliens,IPBES_GA2.2_sup_49,cumulative introduced invasive aliens
Cumulative number of alien species,IPBES_GA2.2_sup_50,cumulative introduced invasive aliens
Forest-specialist bird species per grid cell (cSAR),IPBES_GA2.2_sup_51,forest-specialist bird species per grid cell
Functional intactness (Madingley),IPBES_GA2.2_sup_52,functional intactness (madingley)
Species richness per grid cell (AIM),IPBES_GA2.2_sup_53,species richness per grid cell
BHI (species persisting) - Hotspots,IPBES_GA2.2_sup_54,"biodiversity habitat index (species persisting, hotspots)"
Biodiversity Habitat Index (species persisting),IPBES_GA2.2_sup_55,biodiversity habitat index (species persisting)
Global bird richness (cSAR),IPBES_GA2.2_sup_56,global bird richness (csar)
Global forest-specialist bird richness (cSAR),IPBES_GA2.2_sup_57,global forest-specialist bird richness (csar)
Global mammal & bird species remaining,IPBES_GA2.2_sup_58,global mammal and bird species remaining
Red List Index (overall),IPBES_GA2.2_sup_59,red list index
RLI (forest specialists),IPBES_GA2.2_sup_60,red list index (forest specialists)
RLI (internationally traded birds),IPBES_GA2.2_sup_61,red list index (internationally traded birds)
RLI (pollinators),IPBES_GA2.2_sup_62,red list index (pollinators)
RLI (species used in food & medicine),IPBES_GA2.2_sup_63,red list index (for utilized species)
RLI (wild relatives),IPBES_GA2.2_sup_64,red list index (wild relatives of farmed and domesticated species)
Extent of suitable habitat (mammals),IPBES_GA2.2_sup_65,extent of suitable habitat (mammals)
Mammalian range size,IPBES_GA2.2_sup_66,mammalian range size
Megafaunal range size,IPBES_GA2.2_sup_67,megafaunal range size
Species Habitat Index,IPBES_GA2.2_sup_68,species habitat index
Fish stocks biologically sustainable,IPBES_GA2.2_sup_69,proportion of fish stocks within biologically sustainable levels
Living Planet Index (freshwater),IPBES_GA2.2_sup_70,living planet index (freshwater)
Living Planet Index (marine),IPBES_GA2.2_sup_71,living planet index (marine)
Living Planet Index (overall),IPBES_GA2.2_sup_72,living planet index
Living Planet Index (terrestrial),IPBES_GA2.2_sup_73,living planet index (terrestrial)
Predatory fish biomass,IPBES_GA2.2_sup_74,predatory fish biomass
Prey fish biomass,IPBES_GA2.2_sup_75,prey fish biomass
Wild Bird Index (habitat specialists),IPBES_GA2.2_sup_76,wild bird index (habitat specialists)
Wild mammal biomass,IPBES_GA2.2_sup_77,wild mammal biomass
Functional richness (Madingley),IPBES_GA2.2_sup_78,functional richness (madingley)
Mammalian body mass,IPBES_GA2.2_sup_79,mammalian body mass
Marine Trophic Index,IPBES_GA2.2_sup_80,marine trophic index (mti)
Biodiversity Barometer (% of respondents that have heard of biodiversity),IPBES_GA3_sup_1,biodiversity barometer (percentage of respondents that have heard of biodiversity)
Biodiversity Barometer (% of respondents giving correct definition of biodiversity),IPBES_GA3_sup_2,biodiversity barometer (percentage of respondents giving correct definition of biodiversity)
Funding towards environmental education ($),IPBES_GA3_sup_3,funding towards environmental education
Online interest in biodiversity (proportion of google searches),IPBES_GA3_sup_4,online interest in biodiversity (proportion of google searches)
Funding towards Environmental Impact Assessment ($),IPBES_GA3_sup_5,funding towards environmental impact assessment
Number of research studies involving economic valuation,IPBES_GA3_sup_6,number of research studies involving economic valuation
World Trade Organisation green box agricultural subsidies ($),IPBES_GA3_sup_7,world trade organisation greenbox agricultural subsidies
Funding towards institutional capacity building in fisheries ($),IPBES_GA3_sup_8,funding towards institutional capacity building in fisheries
Percentage of countries that are Category 1 CITES Parties†,IPBES_GA3_sup_9,percentage of countries that are category 1 cites parties
Ecological Footprint (number of earths needed to support human society)†,IPBES_GA3_sup_10,ecological footprint
Red List Index (impacts of utilisation),IPBES_GA3_sup_11,red list index (for utilized species)
Red List Index (internationally traded species),IPBES_GA3_sup_12,red list index (internationally traded species)
Human appropriation of net primary productivity (Pg C),IPBES_GA3_sup_13,human appropriation of net primary productivity
Human appropriation of fresh water (water footprint) (thousand km3)†,IPBES_GA3_sup_14,human appropriation of fresh water
Wetland Extent Trends Index,IPBES_GA3_sup_15,wetland extent trends index
Area of tree cover loss (ha)†,IPBES_GA3_sup_16,tree cover
Percentage natural habitat extent,IPBES_GA3_sup_17,extent of suitable habitat
Wild Bird Index (habitat specialists),IPBES_GA3_sup_18,wild bird index (habitat specialists)
Red List index (forest specialists),IPBES_GA3_sup_19,red list index (forest specialists)
Proportion of fish stocks in safe biological limits†,IPBES_GA3_sup_20,proportion of fish stocks within biologically sustainable levels
Marine Stewardship Council certified fisheries (tonnes)†,IPBES_GA3_sup_21,marine stewardship council certified fisheries
Marine trophic index†,IPBES_GA3_sup_22,marine trophic index (mti)
Red List Index (impacts of fisheries),IPBES_GA3_sup_23,red list index (impacts of fisheries)
Global effort in bottom-trawling (kW sea-days),IPBES_GA3_sup_24,global effort in bottom-trawling
Nitrogen use balance (kg/km2)†,IPBES_GA3_sup_25,nitrogen use balance
Wild Bird Index (farmland birds),IPBES_GA3_sup_26,wild bird index (farmland birds)
Area of agricultural land under organic production (million ha),IPBES_GA3_sup_27,area of agricultural land under organic production
Area of agricultural land under conservation agriculture (thousand ha),IPBES_GA3_sup_28,area of agricultural land under conservation
Area of forest under sustainable management: total FSC and PEFC forest management certification (million ha)†,IPBES_GA3_sup_29,area of forest under sustainable management
Red List Index (impacts of pollution),IPBES_GA3_sup_30,red list index (impacts of pollution)
Pesticide use (tonnes)†,IPBES_GA3_sup_31,pesticide use
Nitrogen surplus (Tg N),IPBES_GA3_sup_32,nitrogen surplus (tg n)
Number of invasive alien species introductions,IPBES_GA3_sup_33,number of invasive alien species introduction events
Red List Index (impacts of invasive alien species),IPBES_GA3_sup_34,red list index (impacts of invasive alien species)
Percentage of countries with invasive alien species legislation,IPBES_GA3_sup_35,percentage of countries with invasive alien species legislation
Percentage live coral cover,IPBES_GA3_sup_36,live coral cover
Glacial mass balance (mm water equivalent),IPBES_GA3_sup_37,glacier mass balance
Mean polar sea ice extent (million km2),IPBES_GA3_sup_38,mean polar sea ice extent
Climatic Impact Index for birds,IPBES_GA3_sup_39,climatic impact index for birds
Area of mangrove forest cover (km2),IPBES_GA3_sup_40,mangrove forest area
Percentage of marine and coastal areas covered by protected areas†,IPBES_GA3_sup_41,protected area coverage of marine and coastal areas
Percentage of terrestrial areas covered by protected areas†,IPBES_GA3_sup_42,percentage of terrestrial ecoregions covered by protected areas
Percentage of Key Biodiversity Areas covered by protected areas†,IPBES_GA3_sup_43,protected area coverage of key biodiversity areas
Percentage of terrestrial ecoregions covered by protected areas,IPBES_GA3_sup_44,percentage of terrestrial ecoregions covered by protected areas
Percentage of marine ecoregions covered by protected areas,IPBES_GA3_sup_45,percentage of marine ecoregions covered by protected areas
"Protected area coverage of bird, mammal and amphibian distributions",IPBES_GA3_sup_46,"protected area coverage of bird, mammal and amphibian distributions"
Number of protected area management effectiveness assessments†,IPBES_GA3_sup_47,number of protected area management effectiveness (pame) assessments
Funding towards nature reserves ($),IPBES_GA3_sup_48,funding towards nature reserves
Living Planet Index,IPBES_GA3_sup_49,living planet index
Red List Index†,IPBES_GA3_sup_50,red list index
Funding towards species protection ($),IPBES_GA3_sup_51,funding towards species protection
Number of plant genetic resources for food and agriculture secured in conservation facilities,IPBES_GA3_sup_52,number of plant and animal genetic resources secured in medium or long-term conservation facilities
Percentage of terrestrial domesticated animal breeds at risk†,IPBES_GA3_sup_53,percentage of terrestrial domesticated animal breeds at risk
Red List Index (wild relatives of farmed and domesticated species),IPBES_GA3_sup_54,red list index (wild relatives of farmed and domesticated species)
Percentage change in local species richness,IPBES_GA3_sup_55,percentage change in local species richness
Red List Index (species used for food and medicine),IPBES_GA3_sup_56,red list index (for utilized species)
Red List Index (pollinator species),IPBES_GA3_sup_57,red list index (pollinators)
Percentage of global rural population with access to improved water resources,IPBES_GA3_sup_58,percentage of global rural population with access to improved water resources
Percentage of countries that have ratified the Nagoya Protocol,IPBES_GA3_sup_59,percentage of countries that have ratified the nagoya protocol
Percentage of countries with revised NBSAPs†,IPBES_GA3_sup_60,percentage of countries with revised nbsaps
Species Status Information Index†,IPBES_GA3_sup_61,species status index
Number of biodiversity papers published,IPBES_GA3_sup_62,number of biodiversity papers published
Proportion of known species assessed through the IUCN Red List †,IPBES_GA3_sup_63,proportion of known species assessed through the red list index
Number of species occurrence records in the Global Biodiversity Information Facility,IPBES_GA3_sup_64,species occurrence records accessible through the global biodiversity information facility
Funding committed to environmental research ($),IPBES_GA3_sup_65,funding committed to environmental research
Funding provided by the Global Environment Facility ($),IPBES_GA3_sup_66,funding provided by the global environment facility
Official Development Assistance provided in support of the CBD objectives ($),IPBES_GA3_sup_67,official development assistance provided in support of the cbd objectives
"Global funding committed towards environmental policy, laws, regulations and economic instruments ($)",IPBES_GA3_sup_68,"global funding committed towards environmental policy, laws, regulations and economic instruments"
"Proportion of the population living below the international poverty line by sex, age, employment status and geographic location (urban/rural)",IPBES_SUA_sup_1.1.1_1,"proportion of the population living below the international poverty line by sex, age, employment status and geographic location (urban/rural)"
"Proportion of population living below the national poverty line, by sex and age",IPBES_SUA_sup_1.2.1_2,"proportion of population living below the national poverty line, by sex and age"
"Proportion of men, women and children of all ages living in poverty in all its dimensions according to national definitions",IPBES_SUA_sup_1.2.2_3,"proportion of men, women and children of all ages living in poverty in all its dimensions according to national definitions"
Proportion of population living in households with access to basic services,IPBES_SUA_sup_1.4.1_4,proportion of population living in households with access to basic services
"Proportion of total adult population with secure tenure rights to land, (a) with legally recognized documentation, and (b) who perceive their rights to land as secure, by sex and type of tenure",IPBES_SUA_sup_1.4.2_5,"proportion of total adult population with secure tenure rights to land, (a) with legally recognized documentation, and (b) who perceive their rights to land as secure, by sex and type of tenure"
"Number of deaths, missing persons and directly affected persons attributed to disasters per 100,000 population",IPBES_SUA_sup_1.5.1_6,"number of deaths, missing persons and directly affected persons attributed to disasters per 100,000 population"
Direct economic loss attributed to disasters in relation to global gross domestic product (GDP),IPBES_SUA_sup_1.5.2_7,direct economic loss attributed to disasters in relation to global gross domestic product
Number of countries that adopt and implement national disaster risk reduction strategies in line with the Sendai Framework for Disaster Risk Reduction 2015–2030,IPBES_SUA_sup_1.5.3_8,number of countries that adopt and implement national disaster risk reduction strategies in line with the sendai framework for disaster risk reduction 2015-2030
Proportion of local governments that adopt and implement local disaster risk reduction strategies in line with national disaster risk reduction strategies,IPBES_SUA_sup_1.5.4_9,proportion of local governments that adopt and implement local disaster risk reduction strategies in line with national disaster risk reduction strategies
Total official development assistance grants from all donors that focus on poverty reduction as a share of the recipient country’s gross national income,IPBES_SUA_sup_1.a.1_10,total official development assistance grants from all donors that focus on poverty reduction as a share of the recipient country’s gross national income
Pro-poor public social spending,IPBES_SUA_sup_1.b.1_11,pro-poor public social spending
Prevalence of undernourishment,IPBES_SUA_sup_2.1.1_12,prevalence of undernourishment
"Prevalence of moderate or severe food insecurity in the population, based on the Food Insecurity Experience Scale (FIES)",IPBES_SUA_sup_2.1.2_13,"prevalence of moderate or severe food insecurity in the population, based on the food insecurity experience scale"
Prevalence of stunting (height for age <-2 standard deviation from the median of the World Health Organization (WHO) Child Growth Standards) among children under 5 years of age,IPBES_SUA_sup_2.2.1_14,prevalence of stunting (height for age <-2 standard deviation from the median of the world health organization (who) child growth standards) among children under 5 years of age
"Prevalence of malnutrition (weight for height >+2 or <-2 standard deviation from the median of the WHO Child Growth Standards) among children under 5 years of age, by type (wasting and overweight)",IPBES_SUA_sup_2.2.2_15,"prevalence of malnutrition (weight for height >+2 or <-2 standard deviation from the median of the who child growth standards) among children under 5 years of age, by type (wasting and overweight)"
"Prevalence of anaemia in women aged 15 to 49 years, by pregnancy status (percentage)",IPBES_SUA_sup_2.2.3_16,"prevalence of anaemia in women aged 15 to 49 years, by pregnancy status (percentage)"
Volume of production per labour unit by classes of farming/pastoral/forestry enterprise size,IPBES_SUA_sup_2.3.1_17,volume of production per labour unit by classes of farming/pastoral/forestry enterprise size
"Average income of small-scale food producers, by sex and indigenous status",IPBES_SUA_sup_2.3.2_18,"average income of small-scale food producers, by sex and indigenous status"
Proportion of agricultural area under productive and sustainable agriculture,IPBES_SUA_sup_2.4.1_19,proportion of agricultural area under productive and sustainable agriculture
Number of plant and animal genetic resources for food and agriculture secured in either medium- or long-term conservation facilities,IPBES_SUA_sup_2.5.1_20,number of plant and animal genetic resources for food and agriculture secured in either medium- or long-term conservation facilities
Proportion of local breeds classified as being at risk of extinction,IPBES_SUA_sup_2.5.2_21,proportion of local breeds classified as being at risk of extinction
The agriculture orientation index for government expenditures,IPBES_SUA_sup_2.a.1_22,agriculture orientation index for government expenditures
Total official flows (official development assistance plus other official flows) to the agriculture sector,IPBES_SUA_sup_2.a.2_23,total official flows (official development assistance plus other official flows) to the agriculture sector
Agricultural export subsidies,IPBES_SUA_sup_2.b.1_24,agricultural export subsidies
Indicator of food price anomalies,IPBES_SUA_sup_2.c.1_25,indicator of food price anomalies
"Proportion of total agricultural population with ownership or secure rights over agricultural land, by sex",IPBES_SUA_sup_5.a.1.a_26,"proportion of total agricultural population with ownership or secure rights over agricultural land, by sex"
"share of women among owners or rights-bearers of agricultural land, by type of tenure",IPBES_SUA_sup_5.a.1.b_27,"share of women among owners or rights-bearers of agricultural land, by type of tenure"
Proportion of countries where the legal framework (including customary law) guarantees women equal rights to land ownership and/or control,IPBES_SUA_sup_5.a.2_28,proportion of countries where the legal framework (including customary law) guarantees women equal rights to land ownership and/or control
Proportion of countries with systems to track and make public allocations for gender equality and women’s empowerment,IPBES_SUA_sup_5.c.1_29,proportion of countries with systems to track and make public allocations for gender equality and women’s empowerment
Proportion of population using safely managed drinking water services,IPBES_SUA_sup_6.1.1_30,proportion of population using safely managed drinking water services
Proportion of bodies of water with good ambient water quality,IPBES_SUA_sup_6.3.2_31,proportion of bodies of water with good ambient water quality
Change in water-use efficiency over time,IPBES_SUA_sup_6.4.1_32,change in water-use efficiency over time
Level of water stress: freshwater withdrawal as a proportion of available freshwater resources,IPBES_SUA_sup_6.4.2_33,level of water stress (freshwater withdrawal as a proportion of available freshwater resources)
Degree of integrated water resources management,IPBES_SUA_sup_6.5.1_34,degree of integrated water resources management
Proportion of transboundary basin area with an operational arrangement for water cooperation,IPBES_SUA_sup_6.5.2_35,proportion of transboundary basin area with an operational arrangement for water cooperation
Change in the extent of water-related ecosystems over time,IPBES_SUA_sup_6.6.1_36,change in the extent of water-related ecosystems over time
Amount of water- and sanitation-related official development assistance that is part of a government-coordinated spending plan,IPBES_SUA_sup_6.a.1_37,amount of water- and sanitation-related official development assistance that is part of a government-coordinated spending plan
Proportion of local administrative units with established and operational policies and procedures for participation of local communities in water and sanitation management,IPBES_SUA_sup_6.b.1_38,proportion of local administrative units with established and operational policies and procedures for participation of local communities in water and sanitation management
Proportion of population with primary reliance on clean fuels and technology,IPBES_SUA_sup_7.1.2_39,proportion of population with primary reliance on clean fuels and technology
Renewable energy share in the total final energy consumption,IPBES_SUA_sup_7.2.1_40,renewable energy share in the total final energy consumption
Energy intensity measured in terms of primary energy and GDP,IPBES_SUA_sup_7.3.1_41,energy intensity measured in terms of primary energy and gross domestic product
"International financial flows to developing countries in support of clean energy research and development and renewable energy production, including in hybrid systems",IPBES_SUA_sup_7.a.1_42,"international financial flows to developing countries in support of clean energy research and development and renewable energy production, including in hybrid systems"
Installed renewable energy-generating capacity in developing countries (in watts per capita),IPBES_SUA_sup_7.b.1_43,installed renewable energy-generating capacity in developing countries (in watts per capita)
Annual growth rate of real GDP per capita,IPBES_SUA_sup_8.1.1_44,annual growth rate of real gross domestic product
Annual growth rate of real GDP per employed person,IPBES_SUA_sup_8.2.1_45,annual growth rate of real gross domestic product per employed person
"Proportion of informal employment in total employment, by sector and sex",IPBES_SUA_sup_8.3.1_46,"proportion of informal employment in total employment, by sector and sex"
"Material footprint, material footprint per capita, and material footprint per GDP",IPBES_SUA_sup_8.4.1_47,"material footprint, material footprint per capita, and material footprint per gross domestic product"
"Domestic material consumption, domestic material consumption per capita, and domestic material consumption per GDP",IPBES_SUA_sup_8.4.2_48,"domestic material consumption, domestic material consumption, and domestic material consumption per gross domestic product"
"Average hourly earnings of employees, by sex, age, occupation and persons with disabilities",IPBES_SUA_sup_8.5.1_49,"average hourly earnings of employees, by sex, age, occupation and persons with disabilities"
"Unemployment rate, by sex, age and persons with disabilities",IPBES_SUA_sup_8.5.2_50,"unemployment rate, by sex, age and persons with disabilities"
"Proportion of youth (aged 15–24 years) not in education, employment or training",IPBES_SUA_sup_8.6.1_51,"proportion of youth (aged 15-24 years) not in education, employment or training"
"Proportion and number of children aged 5–17 years engaged in child labour, by sex and age",IPBES_SUA_sup_8.7.1_52,"proportion and number of children aged 5-17 years engaged in child labour, by sex and age"
"Fatal and non-fatal occupational injuries per 100,000 workers, by sex and migrant status",IPBES_SUA_sup_8.8.1_53,"fatal and non-fatal occupational injuries per 100,000 workers, by sex and migrant status"
"Level of national compliance with labour rights (freedom of association and collective bargaining) based on International Labour Organization (ILO) textual sources and national legislation, by sex and migrant status",IPBES_SUA_sup_8.8.2_54,"level of national compliance with labour rights (freedom of association and collective bargaining) based on international labour organization (ilo) textual sources and national legislation, by sex and migrant status"
Tourism direct GDP as a proportion of total GDP and in growth rate,IPBES_SUA_sup_8.9.1_55,tourism direct gross domestic product as a proportion of total gross domestic product and in growth rate
Proportion of adults (15 years and older) with an account at a bank or other financial institution or with a mobile-money-service provider,IPBES_SUA_sup_8.10.2_56,proportion of adults (15 years and older) with an account at a bank or other financial institution or with a mobile-money-service provider
Aid for Trade commitments and disbursements,IPBES_SUA_sup_8.a.1_57,aid for trade commitments and disbursements
"Existence of a developed and operationalized national strategy for youth employment, as a distinct strategy or as part of a national employment strategy",IPBES_SUA_sup_8.b.1_58,"existence of a developed and operationalized national strategy for youth employment, as a distinct strategy or as part of a national employment strategy"
Proportion of the rural population who live within 2 km of an all-season road,IPBES_SUA_sup_9.1.1_59,proportion of the rural population who live within 2 km of an all-season road
"Passenger and freight volumes, by mode of transport",IPBES_SUA_sup_9.1.2_60,"passenger and freight volumes, by mode of transport"
Manufacturing value added as a proportion of GDP and per capita,IPBES_SUA_sup_9.2.1_61,manufacturing value added as a proportion of gross domestic product and per capita
Manufacturing employment as a proportion of total employment,IPBES_SUA_sup_9.2.2_62,manufacturing employment as a proportion of total employment
Proportion of small-scale industries in total industry value added,IPBES_SUA_sup_9.3.1_63,proportion of small-scale industries in total industry value added
Proportion of small-scale industries with a loan or line of credit,IPBES_SUA_sup_9.3.2_64,proportion of small-scale industries with a loan or line of credit
CO2 emission per unit of value added,IPBES_SUA_sup_9.4.1_65,co2 emission per unit of value added
Research and development expenditure as a proportion of GDP,IPBES_SUA_sup_9.5.1_66,research and development expenditure as a proportion of gross domestic product
Total official international support (official development assistance plus other official flows) to infrastructure,IPBES_SUA_sup_9.a.1_67,total official international support (official development assistance plus other official flows) to infrastructure
Proportion of medium and high-tech industry value added in total value added,IPBES_SUA_sup_9.b.1_68,proportion of medium and high-tech industry value added in total value added
"Proportion of population covered by a mobile network, by technology",IPBES_SUA_sup_9.c.1_69,"proportion of population covered by a mobile network, by technology"
Growth rates of household expenditure or income per capita among the bottom 40 per cent of the population and the total population,IPBES_SUA_sup_10.1.1_70,growth rates of household expenditure or income per capita among the bottom 40 percent of the population and the total population
"Proportion of people living below 50 per cent of median income, by sex, age and persons with disabilities",IPBES_SUA_sup_10.2.1_71,"proportion of people living below 50 percent of median income, by sex, age and persons with disabilities"
Proportion of population reporting having personally felt discriminated against or harassed in the previous 12 months on the basis of a ground of discrimination prohibited under international human rights law,IPBES_SUA_sup_10.3.1_72,proportion of population reporting having personally felt discriminated against or harassed in the previous 12 months on the basis of a ground of discrimination prohibited under international human rights law
Labour share of GDP,IPBES_SUA_sup_10.4.1_73,labour share of gross domestic product
Proportion of members and voting rights of developing countries in international organizations,IPBES_SUA_sup_10.6.1_74,proportion of members and voting rights of developing countries in international organizations
"Number of countries with migration policies that facilitate orderly, safe, regular and responsible migration and mobility of people",IPBES_SUA_sup_10.7.2_75,"number of countries with migration policies that facilitate orderly, safe, regular and responsible migration and mobility of people"
Number of people who died or disappeared in the process of migration towards an international destinationi,IPBES_SUA_sup_10.7.3_76,number of people who died or disappeared in the process of migration towards an international destinationi
"Proportion of the population who are refugees, by country of origin",IPBES_SUA_sup_10.7.4_77,"proportion of the population who are refugees, by country of origin"
"Total resource flows for development, by recipient and donor countries and type of flow (e.g. official development assistance, foreign direct investment and other flows)",IPBES_SUA_sup_10.b.1_78,"total resource flows for development, by recipient and donor countries and type of flow (e.g. official development assistance, foreign direct investment and other flows)"
Ratio of land consumption rate to population growth rate,IPBES_SUA_sup_11.3.1_79,ratio of land consumption rate to population growth rate
"Total per capita expenditure on the preservation, protection and conservation of all cultural and natural heritage, by source of funding (public, private), type of heritage (cultural, natural) and level of government (national, regional, and local/municipal)",IPBES_SUA_sup_11.4.1_80,"total per capita expenditure on the preservation, protection and conservation of all cultural and natural heritage, by source of funding (public, private), type of heritage (cultural, natural) and level of government (national, regional, and local/municipal)"
"Number of deaths, missing persons and directly affected persons attributed to disasters per 100,000 population",IPBES_SUA_sup_11.5.1_81,"number of deaths, missing persons and directly affected persons attributed to disasters per 100,000 population"
"Direct economic loss in relation to global GDP, damage to critical infrastructure and number of disruptions to basic services, attributed to disasters",IPBES_SUA_sup_11.5.2_82,"direct economic loss in relation to global gross domestic product, damage to critical infrastructure and number of disruptions to basic services, attributed to disasters"
Annual mean levels of fine particulate matter (e.g. PM2.5 and PM10) in cities (population weighted),IPBES_SUA_sup_11.6.2_83,annual mean levels of fine particulate matter in cities
"Proportion of persons victim of physical or sexual harassment, by sex, age, disability status and place of occurrence, in the previous 12 months",IPBES_SUA_sup_11.7.2_84,"proportion of persons victim of physical or sexual harassment, by sex, age, disability status and place of occurrence, in the previous 12 months"
Number of countries that have national urban policies or regional development plans that (a) respond to population dynamics; (b) ensure balanced territorial development; and (c) increase local fiscal space,IPBES_SUA_sup_11.a.1_85,number of countries that have national urban policies or regional development plans that (a) respond to population dynamics; (b) ensure balanced territorial development; and (c) increase local fiscal space
Number of countries that adopt and implement national disaster risk reduction strategies in line with the Sendai Framework for Disaster Risk Reduction 2015–2030,IPBES_SUA_sup_11.b.1_86,number of countries that adopt and implement national disaster risk reduction strategies in line with the sendai framework for disaster risk reduction 2015-2030
Proportion of local governments that adopt and implement local disaster risk reduction strategies in line with national disaster risk reduction strategies,IPBES_SUA_sup_11.b.2_87,proportion of local governments that adopt and implement local disaster risk reduction strategies in line with national disaster risk reduction strategies
"Number of countries developing, adopting or implementing policy instruments aimed at supporting the shift to sustainable consumption and production",IPBES_SUA_sup_12.1.1_88,"number of countries developing, adopting or implementing policy instruments aimed at encouraging and enabling people to make sustainable consumption choices"
"Material footprint, material footprint per capita, and material footprint per GDP",IPBES_SUA_sup_12.2.1_89,"material footprint, material footprint per capita, and material footprint per gross domestic product"
"Domestic material consumption, domestic material consumption per capita, and domestic material consumption per GDP",IPBES_SUA_sup_12.2.2_90,"domestic material consumption, domestic material consumption, and domestic material consumption per gross domestic product"
Food loss index,IPBES_SUA_sup_12.3.1.a_91,food loss index
food waste index,IPBES_SUA_sup_12.3.1.b_92,food waste index
Hazardous waste generated per capita,IPBES_SUA_sup_12.4.2.a_93,hazardous waste
"proportion of hazardous waste treated, by type of treatment",IPBES_SUA_sup_12.4.2.b_94,"proportion of hazardous waste treated, by type of treatment"
"National recycling rate, tons of material recycled",IPBES_SUA_sup_12.5.1_95,"national recycling rate, tons of material recycled"
Number of companies publishing sustainability reports,IPBES_SUA_sup_12.6.1_96,number of companies publishing sustainability reports
Degree of sustainable public procurement policies and action plan implementation,IPBES_SUA_sup_12.7.1_97,degree of sustainable public procurement policies and action plan implementation
Extent to which (i) global citizenship education and (ii) education for sustainable development are mainstreamed in (a) national education policies; (b) curricula; (c) teacher education; and (d) student assessment,IPBES_SUA_sup_12.8.1_98,"extent to which (i) global citizenship education and (ii) education for sustainable development, including gender equality and human rights, are mainstreamed at all levels in: (a) national education policies, (b) curricula, (c) teacher education and (d) student assessments"
Installed renewable energy-generating capacity in developing countries (in watts per capita),IPBES_SUA_sup_12.a.1_99,installed renewable energy-generating capacity in developing countries (in watts per capita)
Implementation of standard accounting tools to monitor the economic and environmental aspects of tourism sustainability,IPBES_SUA_sup_12.b.1_100,implementation of standard accounting tools to monitor the economic and environmental aspects of tourism sustainability
Amount of fossil-fuel subsidies per unit of GDP (production and consumption),IPBES_SUA_sup_12.c.1_101,amount of fossil-fuel subsidies per unit of gross domestic product (production and consumption)
"Number of deaths, missing persons and directly affected persons attributed to disasters per 100,000 population",IPBES_SUA_sup_13.1.1_102,"number of deaths, missing persons and directly affected persons attributed to disasters per 100,000 population"
Number of countries that adopt and implement national disaster risk reduction strategies in line with the Sendai Framework for Disaster Risk Reduction 2015–2030,IPBES_SUA_sup_13.1.2_103,number of countries that adopt and implement national disaster risk reduction strategies in line with the sendai framework for disaster risk reduction 2015-2030
Proportion of local governments that adopt and implement local disaster risk reduction strategies in line with national disaster risk reduction strategies,IPBES_SUA_sup_13.1.3_104,proportion of local governments that adopt and implement local disaster risk reduction strategies in line with national disaster risk reduction strategies
"Number of countries with nationally determined contributions, long-term strategies, national adaptation plans, strategies as reported in adaptation communications and national communications",IPBES_SUA_sup_13.2.1_105,"number of countries with nationally determined contributions, long-term strategies, national adaptation plans and adaptation communications, as reported to the secretariat of the united nations framework convention on climate change"
Total greenhouse gas emissions per year,IPBES_SUA_sup_13.2.2_106,total greenhouse gas emissions per year
Extent to which (i) global citizenship education and (ii) education for sustainable development are mainstreamed in (a) national education policies; (b) curricula; (c) teacher education; and (d) student assessment,IPBES_SUA_sup_13.3.1_107,"extent to which (i) global citizenship education and (ii) education for sustainable development, including gender equality and human rights, are mainstreamed at all levels in: (a) national education policies, (b) curricula, (c) teacher education and (d) student assessments"
Amounts provided and mobilized in United States dollars per year in relation to the continued existing collective mobilization goal of the $100 billion commitment through to 2025,IPBES_SUA_sup_13.a.1_108,amounts provided and mobilized in united states dollars per year in relation to the continued existing collective mobilization goal of the $100 billion commitment through to 2025
"Number of least developed countries and small island developing States with nationally determined contributions, long-term strategies, national adaptation plans, strategies as reported in adaptation communications and national communications",IPBES_SUA_sup_13.b.1_109,"number of least developed countries and small island developing states with nationally determined contributions, long-term strategies, national adaptation plans and adaptation communications, as reported to the secretariat of the united nations framework convention on climate change"
Index of coastal eutrophication,IPBES_SUA_sup_14.1.1.a_110,index of coastal eutrophication potential (icep)
plastic debris density,IPBES_SUA_sup_14.1.1.b_111,plastic debris density
Number of countries using ecosystem-based approaches to managing marine areas,IPBES_SUA_sup_14.2.1_112,number of countries using ecosystem-based approaches to managing marine areas
Average marine acidity (pH) measured at agreed suite of representative sampling stations,IPBES_SUA_sup_14.3.1_113,average marine acidity (ph) measured at agreed suite of representative sampling stations
Proportion of fish stocks within biologically sustainable levels,IPBES_SUA_sup_14.4.1_114,proportion of fish stocks within biologically sustainable levels
Coverage of protected areas in relation to marine areas,IPBES_SUA_sup_14.5.1_115,protected area coverage of marine and coastal areas
"Degree of implementation of international instruments aiming to combat illegal, unreported and unregulated fishing",IPBES_SUA_sup_14.6.1_116,"degree of implementation of international instruments aiming to combat illegal, unreported and unregulated fishing"
"Sustainable fisheries as a proportion of GDP in small island developing States, least developed countries and all countries",IPBES_SUA_sup_14.7.1_117,"sustainable fisheries as a proportion of gross domestic product in small island developing states, least developed countries and all countries"
Proportion of total research budget allocated to research in the field of marine technology,IPBES_SUA_sup_14.a.1_118,proportion of total research budget allocated to research in the field of marine technology
Degree of application of a legal/regulatory/ policy/institutional framework which recognizes and protects access rights for small-scale fisheries,IPBES_SUA_sup_14.b.1_119,degree of application of a legal/regulatory/ policy/institutional framework which recognizes and protects access rights for small-scale fisheries
"Number of countries making progress in ratifying, accepting and implementing through legal, policy and institutional frameworks, ocean-related instruments that implement international law, as reflected in the United Nations Convention on the Law of the Sea, for the conservation and sustainable use of the oceans and their resources",IPBES_SUA_sup_14.c.1_120,"number of countries making progress in ratifying, accepting and implementing through legal, policy and institutional frameworks, ocean-related instruments that implement international law, as reflected in the united nations convention on the law of the sea, for the conservation and sustainable use of the oceans and their resources"
Forest area as a proportion of total land area,IPBES_SUA_sup_15.1.1_121,forest area as a percentage of total land area
"Proportion of important sites for terrestrial and freshwater biodiversity that are covered by protected areas, by ecosystem type",IPBES_SUA_sup_15.1.2_122,protected area coverage of important sites for terrestrial and freshwater biodiversity
Progress towards sustainable forest management,IPBES_SUA_sup_15.2.1_123,progress towards sustainable forest management
Proportion of land that is degraded over total land area,IPBES_SUA_sup_15.3.1_124,proportion of land that is degraded over total land area
Coverage by protected areas of important sites for mountain biodiversity,IPBES_SUA_sup_15.4.1_125,protected area coverage of important sites for mountain biodiversity
Mountain Green Cover Index,IPBES_SUA_sup_15.4.2_126,mountain green cover index
Red List Index,IPBES_SUA_sup_15.5.1_127,red list index
"Number of countries that have adopted legislative, administrative and policy frameworks to ensure fair and equitable sharing of benefits",IPBES_SUA_sup_15.6.1_128,"number of countries that have adopted legislative, administrative and policy frameworks to ensure fair and equitable sharing of benefits"
Proportion of traded wildlife that was poached or illicitly trafficked,IPBES_SUA_sup_15.7.1_129,proportion of traded wildlife that was poached or illicitly trafficked
Proportion of countries adopting relevant national legislation and adequately resourcing the prevention or control of invasive alien species,IPBES_SUA_sup_15.8.1_130,proportion of countries adopting relevant national legislation and adequately resourcing the prevention or control of invasive alien species
Number of countries that have established national targets in accordance with or similar to Aichi Biodiversity Target 2 of the Strategic Plan for Biodiversity 2011–2020 in their national biodiversity strategy and action plans and the progress reported towards these targets,IPBES_SUA_sup_15.9.1.a_131,number of countries that have established national targets in accordance with or similar to aichi biodiversity target 2 of the strategic plan for biodiversity 2011-2020 in their national biodiversity strategy and action plans and the progress reported towards these targets
"integration of biodiversity into national accounting and reporting systems, defined as implementation of the System of Environmental-Economic Accounting",IPBES_SUA_sup_15.9.1.b_132,"integration of biodiversity into national accounting and reporting systems, defined as implementation of the system of environmental-economic accounting"
Official development assistance on conservation and sustainable use of biodiversity,IPBES_SUA_sup_15.a.1.a_133,official development assistance on conservation and sustainable use of biodiversity
revenue generated and finance mobilized from biodiversity-relevant economic instruments,IPBES_SUA_sup_15.a.1.b_134,revenue generated and finance mobilized from biodiversity relevant economic instruments
Official development assistance on conservation and sustainable use of biodiversity,IPBES_SUA_sup_15.b.1.a_135,official development assistance on conservation and sustainable use of biodiversity
revenue generated and finance mobilized from biodiversity-relevant economic instruments,IPBES_SUA_sup_15.b.1.b_136,revenue generated and finance mobilized from biodiversity relevant economic instruments
Proportion of traded wildlife that was poached or illicitly trafficked,IPBES_SUA_sup_15.c.1_137,proportion of traded wildlife that was poached or illicitly trafficked
"Total government revenue as a proportion of GDP, by source",IPBES_SUA_sup_17.1.1_138,"total government revenue as a proportion of gross domestic product, by source"
Proportion of domestic budget funded by domestic taxes,IPBES_SUA_sup_17.1.2_139,proportion of domestic budget funded by domestic taxes
"Net official development assistance, total and to least developed countries, as a proportion of the Organization for Economic Cooperation and Development (OECD) Development Assistance Committee donors’ gross national income (GNI)",IPBES_SUA_sup_17.2.1_140,"net official development assistance, total and to least developed countries, as a proportion of the organization for economic cooperation and development (oecd) development assistance committee donors’ gross national income (gni)"
"Foreign direct investment, official development assistance and South-South cooperation as a proportion of gross national income",IPBES_SUA_sup_17.3.1_141,"foreign direct investment (fdi), official development assistance and south-south cooperation as a proportion of total domestic budget"
Volume of remittances (in United States dollars) as a proportion of total GDP,IPBES_SUA_sup_17.3.2_142,volume of remittances (in united states dollars) as a proportion of total gross domestic product
"Number of countries that adopt and implement investment promotion regimes for developing countries, including the least developed countries",IPBES_SUA_sup_17.5.1_143,"number of countries that adopt and implement investment promotion regimes for developing countries, including the least developed countries"
"Total amount of funding for developing countries to promote the development, transfer, dissemination and diffusion of environmentally sound technologies",IPBES_SUA_sup_17.7.1_144,"total amount of funding for developing countries to promote the development, transfer, dissemination and diffusion of environmentally sound technologies"
Proportion of individuals using the Internet,IPBES_SUA_sup_17.8.1_145,proportion of individuals using the internet
"Dollar value of financial and technical assistance (including through North-South, South‑South and triangular cooperation) committed to developing countries",IPBES_SUA_sup_17.9.1_146,"dollar value of financial and technical assistance (including through north-south, south‑south and triangular cooperation) committed to developing countries"
Worldwide weighted tariff-average,IPBES_SUA_sup_17.10.1_147,worldwide weighted tariff-average
Developing countries’ and least developed countries’ share of global exports,IPBES_SUA_sup_17.11.1_148,developing countries’ and least developed countries’ share of global exports
"Weighted average tariffs faced by developing countries, least developed countries and small island developing States",IPBES_SUA_sup_17.12.1_149,"weighted average tariffs faced by developing countries, least developed countries and small island developing states"
Number of countries with mechanisms in place to enhance policy coherence of sustainable development,IPBES_SUA_sup_17.14.1_150,number of countries with mechanisms in place to enhance policy coherence of sustainable development
Extent of use of country-owned results frameworks and planning tools by providers of development cooperation,IPBES_SUA_sup_17.15.1_151,extent of use of country-owned results frameworks and planning tools by providers of development cooperation
Number of countries reporting progress in multi-stakeholder development effectiveness monitoring frameworks that support the achievement of the sustainable development goals,IPBES_SUA_sup_17.16.1_152,number of countries reporting progress in multi-stakeholder development effectiveness monitoring frameworks that support the achievement of the sustainable development goals
Amount in United States dollars committed to public-private partnerships for infrastructure,IPBES_SUA_sup_17.17.1_153,amount in united states dollars committed to public-private partnerships for infrastructure
Statistical capacity indicator for Sustainable Development Goal monitoring,IPBES_SUA_sup_17.18.1_154,statistical capacity indicator for sustainable development goal monitoring
Number of countries that have national statistical legislation that complies with the Fundamental Principles of Official Statistics,IPBES_SUA_sup_17.18.2_155,number of countries that have national statistical legislation that complies with the fundamental principles of official statistics
"Number of countries with a national statistical plan that is fully funded and under implementation, by source of funding",IPBES_SUA_sup_17.18.3_156,"number of countries with a national statistical plan that is fully funded and under implementation, by source of funding"
Dollar value of all resources made available to strengthen statistical capacity in developing countries,IPBES_SUA_sup_17.19.1_157,dollar value of all resources made available to strengthen statistical capacity in developing countries
Monthly maximum value of daily maximum temperature,IPCC_sup_1,monthly maximum value of daily maximum temperature
Monthly minimum value of daily maximum temperature,IPCC_sup_2,monthly minimum value of daily maximum temperature
Monthly minimum value of daily minimum temperature,IPCC_sup_3,monthly minimum value of daily minimum temperature
Monthly maximum value of daily minimum temperature,IPCC_sup_4,monthly maximum value of daily minimum temperature
Percentage of days when daily maximum temperature is greater than the 90th percentile,IPCC_sup_5,percentage of days when daily maximum temperature is greater than the 90th percentile
Percentage of days when daily maximum temperature is less than the 10th percentile,IPCC_sup_6,percentage of days when daily maximum temperature is less than the 10th percentile
Percentage of days when daily minimum temperature is greater than the 90th percentile,IPCC_sup_7,percentage of days when daily minimum temperature is greater than the 90th percentile
Percentage of days when daily minimum temperature is less than the 10th percentile,IPCC_sup_8,percentage of days when daily minimum temperature is less than the 10th percentile
Number of icing days: annual count of days when TX (daily maximum temperature) <0°C,IPCC_sup_9,number of icing days: annual count of days when tx (daily maximum temperature) <0°c
Number of frost days: annual count of days when TN (daily minimum temperature) <0°C,IPCC_sup_10,number of frost days: annual count of days when tn (daily minimum temperature) <0°c
Warm spell duration index: annual count of days with at least six consecutive days when TX >90th percentile,IPCC_sup_11,warm spell duration index (wsdi)
Cold spell duration index: annual count of days with at least six consecutive days when TN <10th percentile,IPCC_sup_12,cold spell duration index: annual count of days with at least six consecutive days when tn <10th percentile
Number of summer days: annual count of days when TX (daily maximum temperature) >25°C,IPCC_sup_13,number of summer days: annual count of days when tx (daily maximum temperature) >25°c
Number of tropical nights: annual count of days when TN (daily minimum temperature) >20°C,IPCC_sup_14,number of tropical nights: annual count of days when tn (daily minimum temperature) >20°c
Daily temperature range: monthly mean difference between TX and TN,IPCC_sup_15,daily temperature range: monthly mean difference between tx and tn
"Growing season length: annual (1 Jan to 31 Dec in Northern Hemisphere (NH), 1 July to 30 June in Southern Hemisphere (SH)) count between first span of at least six days with daily mean temperature TG >5°C and first span after July 1 (Jan 1 in SH) of six days with TG <5°C",IPCC_sup_16,"growing season length: annual (1 jan to 31 dec in northern hemisphere (nh), 1 july to 30 june in southern hemisphere (sh)) count between first span of at least six days with daily mean temperature tg >5°c and first span after july 1 (jan 1 in sh) of six days with tg <5°c"
One-in-20 year return value of monthly maximum value of daily maximum temperature,IPCC_sup_17,one-in-20 year return value of monthly maximum value of daily maximum temperature
One-in-20 year return value of monthly minimum value of daily maximum temperature,IPCC_sup_18,one-in-20 year return value of monthly minimum value of daily maximum temperature
One-in-20 year return value of monthly minimum value of daily minimum temperature,IPCC_sup_19,one-in-20 year return value of monthly minimum value of daily minimum temperature
One-in-20 year return value of monthly maximum value of daily minimum temperature,IPCC_sup_20,one-in-20 year return value of monthly maximum value of daily minimum temperature
Maximum one-day precipitation,IPCC_sup_21,maximum one-day precipitation
Maximum five-day precipitation,IPCC_sup_22,maximum five-day precipitation
Annual count of days when precipitation is greater than or equal to 5 mm,IPCC_sup_23,annual count of days when precipitation is greater than or equal to 5 mm
Annual count of days when precipitation is greater than or equal to 10 mm,IPCC_sup_24,annual count of days when precipitation is greater than or equal to 10 mm
Annual count of days when precipitation is greater than or equal to 20 mm,IPCC_sup_25,annual count of days when precipitation is greater than or equal to 20 mm
Annual count of days when precipitation is greater than or equal to 50 mm,IPCC_sup_26,annual count of days when precipitation is greater than or equal to 50 mm
Maximum number of consecutive days with less than 1 mm of precipitation per day,IPCC_sup_27,maximum number of consecutive days with less than 1 mm of precipitation per day
Maximum number of consecutive days with more than or equal to 1 mm of precipitation per day,IPCC_sup_28,maximum number of consecutive days with more than or equal to 1 mm of precipitation per day
Annual total precipitation when the daily precipitation exceeds the 95th percentile of the wet-day (>1 mm) precipitation,IPCC_sup_29,annual total precipitation when the daily precipitation exceeds the 95th percentile of the wet-day (>1 mm) precipitation
Annual precipitation amount when the daily precipitation exceeds the 99th percentile of the wet-day precipitation,IPCC_sup_30,annual precipitation amount when the daily precipitation exceeds the 99th percentile of the wet-day precipitation
Simple precipitation intensity index,IPCC_sup_31,simple precipitation intensity index
One-in-20 year return value of maximum one-day precipitation,IPCC_sup_32,one-in-20 year return value of maximum one-day precipitation
One-in-20 year return value of maximum five-day precipitation,IPCC_sup_33,one-in-20 year return value of maximum five-day precipitation
Standardized precipitation index,IPCC_sup_34,standardized precipitation index (spi)
"Potential evaporation, evaporative demand drought index",IPCC_sup_35,"potential evaporation, evaporative demand drought index"
Soil moisture anomalies,IPCC_sup_36,soil moisture anomalies
Standardized soil moisture index,IPCC_sup_37,standardized soil moisture index (ssmi)
Standardized runoff index,IPCC_sup_38,standardized runoff index (sri)
Standardized streamflow index,IPCC_sup_39,standardized streamflow index (ssi)
Palmer drought severity index,IPCC_sup_40,palmer drought severity index (pdsi)
Standardized precipitation evapotranspiration index,IPCC_sup_41,standardized precipitation evapotranspiration index (spei)
Cooling degree days above 22°C,IPCC_sup_42,cooling degree days
"Number of days with Tmax >35°C or 40°C (TX35, TX40)",IPCC_sup_43,"number of days with tmax >35°c or 40°c (tx35, tx40)"
NOAA heat index (HI): number of days above 41°C threshold,IPCC_sup_44,noaa heat index (hi): number of days above 41°c threshold
Heating degree days below 15.5°C,IPCC_sup_45,heating degree days below 15.5°c
Number of frost days below 0°C (FD),IPCC_sup_46,number of frost days below 0°c (fd)
Flood index (FI),IPCC_sup_47,flood index (fi)
Soil moisture (SM),IPCC_sup_48,soil moisture
Standardized Precipitation Index accumulated over 6 months (SPI-6),IPCC_sup_49,standardized precipitation index accumulated over 6 months (spi-6)
Annual mean wind speed,IPCC_sup_50,annual mean wind speed
Number of days with snow water equivalent >100 mm (SWE100) over the snow season (Nov–Mar for NH),IPCC_sup_51,number of days with snow water equivalent >100 mm (swe100) over the snow season (nov-mar for nh)
1-in-100-year return period level (ETWL),IPCC_sup_52,1-in-100-year return period level (etwl)
Shoreline retreat by mid- and end of century,IPCC_sup_53,shoreline retreat by mid- and end of century
Red List of Ecosystems,GBF_GA_H_1,red list of ecosystems
Extent of natural ecosystems,GBF_GA_H_2,extent of natural ecosystems
Red List Index,GBF_GA_H_3,red list index
The proportion of populations within species with an effective population size > 500,GBF_GA_H_4,proportion of populations within species with an effective population size > 500
Services provided by ecosystems,GBF_GB_H_5,services provided by ecosystems
"Number of countries with policies or actions for implementing and monitoring the sustainable use of biodiversity and the maintenance and enhancement of nature's contributions to people, including ecosystem functions and services",GBF_GB_H_6,"number of countries with policies or actions for implementing and monitoring the sustainable use of biodiversity and the maintenance and enhancement of nature's contributions to people, including ecosystem functions and services"
Monetary benefits received in accordance with applicable internationally agreed Access and Benefit-sharing instruments,GBF_GC_H_7,monetary benefits received in accordance with applicable internationally agreed access and benefit-sharing instruments
Non-monetary benefits arising from applicable international Access and Benefit-sharing instruments,GBF_GC_H_8,non-monetary benefits arising from applicable international access and benefit-sharing instruments
"Number of countries that have taken effective legal, policy, administrative and capacity-building measures at all levels, as appropriate, to ensure the fair and equitable sharing of benefits from the utilization of genetic resources and from digital sequence information on genetic resources, as well as traditional knowledge associated with genetic resources.",GBF_GC_H_9,"number of countries that have taken effective legal, policy, administrative and capacity-building measures at all levels, as appropriate, to ensure the fair and equitable sharing of benefits from the utilization of genetic resources and from digital sequence information on genetic resources, as well as traditional knowledge associated with genetic resources"
"International public funding, including official development assistance (ODA) for conservation and sustainable use of biodiversity and ecosystems",GBF_GD_H_10,"international public funding, including official development assistance (oda) for conservation and sustainable use of biodiversity and ecosystems"
Domestic public funding on conservation and sustainable use of biodiversity and ecosystems,GBF_GD_H_11,domestic public funding on conservation and sustainable use of biodiversity and ecosystems
Private funding (domestic and international) on conservation and sustainable use of biodiversity and ecosystems,GBF_GD_H_12,private funding (domestic and international) on conservation and sustainable use of biodiversity and ecosystems
Red List of Ecosystems,GBF_T1_H_13,red list of ecosystems
Extent of natural ecosystems,GBF_T1_H_14,extent of natural ecosystems
Percentage of land and seas covered by biodiversity-inclusive spatial plans,GBF_T1_H_15,percentage of land and seas covered by biodiversity-inclusive spatial plans
"Number of countries using participatory, integrated and biodiversity-inclusive spatial planning or effective management processes to address land and sea use change.",GBF_T1_H_16,"number of countries using participatory, integrated and biodiversity-inclusive spatial planning or effective management processes to address land and sea use change"
Area under restoration,GBF_T2_H_17,area under restoration
Coverage of protected areas and other effective area-based conservation measures,GBF_T3_H_18,coverage of protected areas and other effective area-based conservation measures
Red List Index,GBF_T4_H_19,red list index
The proportion of populations within species with an effective population size > 500,GBF_T4_H_20,proportion of populations within species with an effective population size > 500
Proportion of fish stocks within biologically sustainable levels,GBF_T5_H_21,proportion of fish stocks within biologically sustainable levels
Rate of invasive alien species establishment,GBF_T6_H_22,rate of invasive alien species establishment
"Number of countries adopting relevant regulation, processes and measures and allocating resources to reduce the impact of invasive alien species.",GBF_T6_H_23,"number of countries adopting relevant regulation, processes and measures and allocating resources to reduce the impact of invasive alien species"
Index of coastal eutrophication potential,GBF_T7_H_24,index of coastal eutrophication potential (icep)
Aggregated Total Applied Toxicity,GBF_T7_H_25,aggregated total applied toxicity
Number of countries with agreed policies to minimize the impact of climate change and ocean acidification on biodiversity and that minimize negative and foster positive impacts of climate action on biodiversity.,GBF_T8_H_26,number of countries with agreed policies to minimize the impact of climate change and ocean acidification on biodiversity and that minimize negative and foster positive impacts of climate action on biodiversity
Benefits from the sustainable use of wild species,GBF_T9_H_27,benefits from the sustainable use of wild species
Percentage of the population in traditional occupations,GBF_T9_H_28,percentage of the population in traditional occupations
"Number or countries with policies to manage the use of wild species sustainably, providing social, economic and environmental benefits for people, and to protect and encourage customary sustainable use by indigenous peoples and local communities",GBF_T9_H_29,"number or countries with policies to manage the use of wild species sustainably, providing social, economic and environmental benefits for people, and to protect and encourage customary sustainable use by indigenous peoples and local communities"
Proportion of agricultural area under productive and sustainable agriculture,GBF_T10_H_30,proportion of agricultural area under productive and sustainable agriculture
Progress towards sustainable forest management,GBF_T10_H_31,progress towards sustainable forest management
Services provided by ecosystems,GBF_T11_H_32,services provided by ecosystems
Average share of the built-up area of cities that is green/blue space for public use for all,GBF_T12_H_33,average share of the built-up area of cities that is green/blue space for public use for all
Number of countries with biodiversity-inclusive urban planning referring to green or blue urban spaces.,GBF_T12_H_34,number of countries with biodiversity-inclusive urban planning referring to green or blue urban spaces
Indicator on monetary benefits received,GBF_T13_H_35,indicator on monetary benefits received
Indicator on non-monetary benefits,GBF_T13_H_36,indicator on non-monetary benefits
"Number of countries that have taken effective legal, policy, administrative and capacity-building measures at all levels, as appropriate, to ensure the fair and equitable sharing of benefits from the utilization of genetic resources and from digital sequence information on genetic resources, as well as traditional knowledge associated with genetic resources.",GBF_T13_H_37,"number of countries that have taken effective legal, policy, administrative and capacity-building measures at all levels, as appropriate, to ensure the fair and equitable sharing of benefits from the utilization of genetic resources and from digital sequence information on genetic resources, as well as traditional knowledge associated with genetic resources"
"Number of countries integrating biodiversity and its multiple values into policies, regulations, planning, development processes, poverty [reduction][eradication] strategies and accounts at all levels, [ensuring that biodiversity values are mainstreamed] [and] across all sectors [ and fiscal and financial flows are aligned with it].",GBF_T14_H_38,"number of countries integrating biodiversity and its multiple values into policies, regulations, planning, development processes, poverty [reduction][eradication] strategies and accounts at all levels, [ensuring that biodiversity values are mainstreamed] [and] across all sectors [ and fiscal and financial flows are aligned with it]"
"Number of companies disclosing their biodiversity-related risks, dependencies and impacts",GBF_T15_H_39,"number of companies disclosing their biodiversity-related risks, dependencies and impacts"
"Number of countries taking legal, administrative or policy measures aimed at encouraging and enabling business and financial institutions, and in particular, ensuring that large and transnational companies and financial institutions, to progressively reduce negative impacts from business and financial institutions on biodiversity, increase their positive impacts, reduce their biodiversity-related risks and promote actions to ensure sustainable patterns of production.",GBF_T15_H_40,"number of countries taking legal, administrative or policy measures aimed at encouraging and enabling business and financial institutions, and in particular, ensuring that large and transnational companies and financial institutions, to progressively reduce negative impacts from business and financial institutions on biodiversity, increase their positive impacts, reduce their biodiversity-related risks and promote actions to ensure sustainable patterns of production"
"Number of countries developing, adopting or implementing policy instruments aimed at encouraging and enabling people to make sustainable consumption choices.",GBF_T16_H_41,"number of countries developing, adopting or implementing policy instruments aimed at encouraging and enabling people to make sustainable consumption choices"
Number of countries that have taken action to implement biosafety measures as set out in Article 8(g) of the Convention and measures for the handling of biotechnology and the distribution of its benefits as set out in Article 19.,GBF_T17_H_42,number of countries that have taken action to implement biosafety measures as set out in article 8(g) of the convention and measures for the handling of biotechnology and the distribution of its benefits as set out in article 19
Positive incentives in place to promote biodiversity conservation and sustainable use,GBF_T18_H_43,positive incentives in place to promote biodiversity conservation and sustainable use
Value of subsidies and other incentives harmful to biodiversity,GBF_T18_H_44,value of subsidies and other incentives harmful to biodiversity
"International public funding, including official development assistance (ODA) for conservation and sustainable use of biodiversity and ecosystems",GBF_T19_H_45,"international public funding, including official development assistance (oda) for conservation and sustainable use of biodiversity and ecosystems"
Domestic public funding on conservation and sustainable use of biodiversity and ecosystems,GBF_T19_H_46,domestic public funding on conservation and sustainable use of biodiversity and ecosystems
Private funding (domestic and international) on conservation and sustainable use of biodiversity and ecosystems,GBF_T19_H_47,private funding (domestic and international) on conservation and sustainable use of biodiversity and ecosystems
"Number of countries that have taken significant action to strengthen capacity-building and development, access to and transfer of technology, and to promote the development of and access to innovation and technical and scientific cooperation.",GBF_T20_H_48,"number of countries that have taken significant action to strengthen capacity-building and development, access to and transfer of technology, and to promote the development of and access to innovation and technical and scientific cooperation"
Indicator on biodiversity information for monitoring the global biodiversity framework,GBF_T21_H_49,indicator on biodiversity information for monitoring the global biodiversity framework
"Number of countries taking action towards the full, equitable, inclusive, effective and gender-responsive representation and participation in decision-making and access to justice and information related to biodiversity by indigenous peoples and local communities, respecting their cultures and their rights over lands, territories, resources and traditional knowledge, as well as by women and girls, children and youth, and persons with disabilities, and the full protection of environmental human rights defenders",GBF_T22_H_50,"number of countries taking action towards the full, equitable, inclusive, effective and gender-responsive representation and participation in decision-making and access to justice and information related to biodiversity by indigenous peoples and local communities, respecting their cultures and their rights over lands, territories, resources and traditional knowledge, as well as by women and girls, children and youth, and persons with disabilities, and the full protection of environmental human rights defenders"
"Number of countries with legal, administrative or policy frameworks, including the Gender Plan of Action, as well as the allocation of specific financial resources to ensure that all women and girls have equal opportunity and capacity to contribute to the three objectives of the Convention, including by ensuring women’s equal rights and access to land and natural resources.",GBF_T23_H_51,"number of countries with legal, administrative or policy frameworks, including the gender plan of action, as well as the allocation of specific financial resources to ensure that all women and girls have equal opportunity and capacity to contribute to the three objectives of the convention, including by ensuring women’s equal rights and access to land and natural resources"
Ecosystem Intactness Index,GBF_GA_C_1,ecosystem intactness index
Ecosystem Integrity Index,GBF_GA_C_2,ecosystem integrity index
Species habitat Index,GBF_GA_C_3,species habitat index
Biodiversity Habitat Index,GBF_GA_C_4,biodiversity habitat index
Protected Connected (Protconn) index,GBF_GA_C_5,protected connected (protconn) index
Protected Area Connectedness Index (PARC-Connectedness),GBF_GA_C_6,protected area connectedness (parc-connectedness) index
Evolutionarily Distinct and Globally Endangered (EDGE),GBF_GA_C_7,evolutionarily distinct and globally endangered (edge)
Living Planet Index,GBF_GA_C_8,living planet index
Change in the extent of water-related ecosystems over time,GBF_GA_C_9,change in the extent of water-related ecosystems over time
Red List Index (for utilized species),GBF_GB_C_10,red list index (for utilized species)
Living Planet Index (for used species),GBF_GB_C_11,living planet index (used species)
Priority retention of intact / wilderness areas,GBF_T1_C_14,priority retention of intact / wilderness areas
Extent of natural ecosystems by type,GBF_T2_C_15,extent of natural ecosystems
Maintenance and restoration of connectivity of natural ecosystems,GBF_T2_C_16,maintenance and restoration of connectivity of natural ecosystems
Protected area coverage of key biodiversity areas,GBF_T3_C_17,protected area coverage of key biodiversity areas
Protected Area Management Effectiveness (PAME),GBF_T3_C_18,protected area management effectiveness (pame)
Protconn,GBF_T3_C_19,protected connected (protconn) index
Protected Area Connectedness Index (PARC-Connectedness),GBF_T3_C_20,protected area connectedness (parc-connectedness) index
Red List of Ecosystems,GBF_T3_C_21,red list of ecosystems
Connectivity Indicator (in development),GBF_T3_C_22,connectivity indicator
The number of protected areas that have completed a site-level assessment of governance and equity (SAGE),GBF_T3_C_23,the number of protected areas that have completed a site-level assessment of governance and equity (sage)
Species Protection Index,GBF_T3_C_24,species protection index
Living Planet Index,GBF_T4_C_25,living planet index
Number of plant and animal genetic resources secured in medium or long-term conservation facilities,GBF_T4_C_26,number of plant and animal genetic resources secured in medium or long-term conservation facilities
Trends in effective and sustainable management of human-wildlife conflict and coexistence,GBF_T4_C_27,trends in effective and sustainable management of human-wildlife conflict and coexistence
Green Status of Species Index,GBF_T4_C_28,green status of species index
Conservation status of species listed in the CITES Appendices has stabilized or improved,GBF_T4_C_29,conservation status of species listed in the cites appendices has stabilized or improved
Red List Index for used species,GBF_T5_C_30,red list index (for utilized species)
Living Planet Index for used species,GBF_T5_C_31,living planet index (used species)
Sustainable use of Wild Species,GBF_T5_C_32,sustainable use of wild species
Rate of invasive species impact and rate of impact,GBF_T6_C_33,rate of invasive species impact and rate of impact
Rate of invasive alien species spread,GBF_T6_C_34,rate of invasive alien species spread
Number of invasive alien species introduction events,GBF_T6_C_35,number of invasive alien species introduction events
Fertilizer use,GBF_T7_C_36,fertilizer use
Proportion of domestic and industrial wastewater flow safely treated,GBF_T7_C_37,proportion of domestic and industrial wastewater flows safely treated
Floating plastic debris density [by micro and macro plastics],GBF_T7_C_38,plastic debris density
Red List Index (impact of pollution),GBF_T7_C_39,red list index (impacts of pollution)
Total climate regulation services provided by ecosystems by ecosystem type (System of Environmental Economic Accounts),GBF_T8_C_40,total climate regulation services provided by ecosystems by ecosystem type (system of environmental economic accounts)
Number of countries that adopt and implement national disaster risk reduction strategies in line with the Sendai Framework for Disaster Risk Reduction 2015-2030 which include biodiversity,GBF_T8_C_41,number of countries that adopt and implement national disaster risk reduction strategies in line with the sendai framework for disaster risk reduction 2015-2030
National greenhouse inventories from land use and land use change,GBF_T8_C_42,national greenhouse inventories from land use and land use change
Bioclimatic Ecosystem Resilience Index (BERI),GBF_T8_C_43,bioclimatic ecosystem resilience index (beri)
"Number of people using wild resources for energy, food or culture (including firewood collection, hunting and fishing, gathering, medicinal use, craft making, etc.)",GBF_T9_C_44,"number of people using wild resources for energy, food or culture (including firewood collection, hunting and fishing, gathering, medicinal use, craft making, etc.)"
Red List Index (species used for food and medicine),GBF_T9_C_45,red list index (for utilized species)
Living Planet Index (for used species),GBF_T9_C_46,living planet index (used species)
Area of forest under sustainable management: total forest management certification by Forest Stewardship Council and Programme for the Endorsement of Forest Certification,GBF_T10_C_47,area of forest under sustainable management
"Average income of small-scale food producers, by sex and indigenous status",GBF_T10_C_48,"average income of small-scale food producers, by sex and indigenous status"
"Number of deaths, missing persons and directly affected persons attributed to disasters per 100,000 population",GBF_T11_C_49,"number of deaths, missing persons and directly affected persons attributed to disasters per 100,000 population"
"Mortality rate attributed to unsafe water, unsafe sanitation and lack of hygiene (exposure to unsafe Water, Sanitation and Hygiene for All (WASH) services)",GBF_T11_C_50,"mortality rate attributed to unsafe water, unsafe sanitation and lack of hygiene (exposure to unsafe water, sanitation and hygiene for all (wash) services)"
Annual mean levels of fine particulate matter (e.g. PM2.5 and PM10) in cities,GBF_T11_C_51,annual mean levels of fine particulate matter in cities
Proportion of bodies of water with good ambient water quality,GBF_T11_C_52,proportion of bodies of water with good ambient water quality
Level of water stress,GBF_T11_C_53,level of water stress
Recreation and cultural ecosystem services provided,GBF_T12_C_54,recreation and cultural ecosystem services provided
Number of permits or their equivalents for genetic resources (including those related to traditional knowledge) by type of permit,GBF_T13_C_55,number of permits or their equivalents for genetic resources (including those related to traditional knowledge) by type of permit
Number of countries with Implementation of the System of Environmental Economic Accounting,GBF_T14_C_56,number of countries with implementation of the system of environmental economic accounting
Indicator based on Task Force for Naturerelated Financial Disclosures,GBF_T15_C_57,indicator based on task force for naturerelated financial disclosures
Food waste index,GBF_T16_C_58,food waste index
Material footprint per capita,GBF_T16_C_59,material footprint per capita
Global environmental impacts of consumption,GBF_T16_C_60,global environmental impacts of consumption
Ecological footprint,GBF_T16_C_61,ecological footprint
"Value of subsidies and other incentives harmful to biodiversity, that are redirected, repurposed or eliminated",GBF_T18_C_63,value of subsidies and other incentives harmful to biodiversity
Species status index,GBF_T21_C_66,species status index
"Extent to which (i) global citizenship education and (ii) education for sustainable development, including gender equality and human rights, are mainstreamed at all levels in: (a) national education policies, (b) curricula, (c) teacher education and (d) student assessments",GBF_T21_C_67,"extent to which (i) global citizenship education and (ii) education for sustainable development, including gender equality and human rights, are mainstreamed at all levels in: (a) national education policies, (b) curricula, (c) teacher education and (d) student assessments"
"Proportion of total adult population with secure tenure rights to land, (a) with legally recognized documentation, and (b) who perceive their rights to land as secure, by sex and type of tenure",GBF_T22_C_68,"proportion of total adult population with secure tenure rights to land, (a) with legally recognized documentation, and (b) who perceive their rights to land as secure, by sex and type of tenure"
Proportion of seats held by women in (a) national parliaments and (b) local governments,GBF_T23_C_69,proportion of seats held by women in (a) national parliaments and (b) local governments
Indicator on national implementation of the Gender Plan of Action 2023-2030,GBF_T23_C_70,indicator on national implementation of the gender plan of action 2023-2030
"Proportion of total adult population with secure tenure rights to land, (a) with legally recognized documentation, and (b) who perceive their rights to land as secure, by sex and type of tenure",GBF_T23_C_71,"proportion of total adult population with secure tenure rights to land, (a) with legally recognized documentation, and (b) who perceive their rights to land as secure, by sex and type of tenure"
Forest area as a proportion of total land area,GBF_GA_CY_1,forest area as a percentage of total land area
Forest distribution,GBF_GA_CY_2,forest distribution
"Tree cover loss
",GBF_GA_CY_3,tree cover loss
Grassland and savannah extent,GBF_GA_CY_4,grassland and savannah extent
"Mountain Green Cover Index
",GBF_GA_CY_5,mountain green cover index
"Peatland extent and condition
",GBF_GA_CY_6,peatland extent and condition
"Permafrost thickness, depth and extent
",GBF_GA_CY_7,"permafrost thickness, depth and extent"
"Continuous Global Mangrove Forest Cover
",GBF_GA_CY_8,continuous global mangrove forest area
"Trends in mangrove forest fragmentation
",GBF_GA_CY_9,trends in mangrove forest fragmentation
"Trends in mangrove extent
",GBF_GA_CY_10,trends in mangrove extent
"Live coral cover 
",GBF_GA_CY_11,live coral cover
"Hard coral cover and composition 
",GBF_GA_CY_12,hard coral cover and composition
"Global coral reef extent 
",GBF_GA_CY_13,global coral reef extent
Global Seagrass Extent (Seagrass Cover and composition),GBF_GA_CY_14,global seagrass extent (seagrass cover and composition)
"Global saltmarsh extent
",GBF_GA_CY_15,global saltmarsh extent
"Kelp canopy extent
",GBF_GA_CY_16,kelp canopy extent
"Macroalgal Canopy Cover and Composition
",GBF_GA_CY_17,macroalgal canopy cover and composition
"Cover of key benthic groups
",GBF_GA_CY_18,cover of key benthic groups
"Fleshy algae cover
",GBF_GA_CY_19,fleshy algae cover
"Wetland Extent Trends Index
",GBF_GA_CY_20,wetland extent trends index
Change in the extent of inland water ecosystems over time,GBF_GA_CY_21,change in the extent of inland water ecosystems over time
"Forest Fragmentation Index
",GBF_GA_CY_22,forest fragmentation index
"Forest Landscape Integrity Index
",GBF_GA_CY_23,forest landscape integrity index
"Biomass of selected natural ecosystems 
",GBF_GA_CY_24,biomass of selected natural ecosystems
Biodiversity Habitat Index,GBF_GA_CY_25,biodiversity habitat index
"Global Vegetation Health Products
",GBF_GA_CY_26,global vegetation health products
Bioclimatic Ecosystem Resilience Index (BERI),GBF_GA_CY_27,bioclimatic ecosystem resilience index (beri)
"Relative Magnitude of Fragmentation (RMF) 
",GBF_GA_CY_28,relative magnitude of fragmentation (rmf)
"Ecosystem Intactness Index
",GBF_GA_CY_29,ecosystem intactness index
"Biodiversity Intactness Index 
",GBF_GA_CY_30,biodiversity intactness index
"Ocean Health Index 
",GBF_GA_CY_31,ocean health index
Extent of physical damage indicator to predominant seafloor habitats physical damage,GBF_GA_CY_32,extent of physical damage indicator to predominant seafloor habitats physical damage
River Fragmentation Index,GBF_GA_CY_33,river fragmentation index
Dendritic Connectivity Index,GBF_GA_CY_34,dendritic connectivity index
Percentage of threatened species that are improving in status according to the Red List,GBF_GA_CY_35,percentage of threatened species that are improving in status
Number of threatened species by species group,GBF_GA_CY_36,number of threatened species by species group
Wild bird index,GBF_GA_CY_37,wild bird index
Mean Species Abundance (MSA),GBF_GA_CY_38,mean species abundance (msa)
Species Protection Index,GBF_GA_CY_39,species protection index
Changes in plankton biomass and abundance,GBF_GA_CY_40,changes in plankton biomass and abundance
Fish abundance and biomass,GBF_GA_CY_41,fish abundance and biomass
Genetic scorecard for wild species,GBF_GA_CY_42,genetic scorecard for wild species
local species richness (predicts),GBF_GA_CY_43,local species richness (predicts)
"Marine species richness 
",GBF_GA_CY_44,marine species richness
Comprehensiveness of conservation of socioeconomically as well as culturally valuable species.,GBF_GA_CY_45,comprehensiveness of conservation of socioeconomically as well as culturally valuable species
Number of plant and animal genetic resources for food and agriculture secured in either medium- or long-term conservation facilities,GBF_GA_CY_46,number of plant and animal genetic resources for food and agriculture secured in either medium- or long-term conservation facilities
Proportion of local breeds classified as being at risk extinction,GBF_GA_CY_47,proportion of local breeds classified as being at risk of extinction
Red List Index (wild relatives of domesticated animals),GBF_GA_CY_48,red list index (wild relatives of farmed and domesticated species)
CMS Connectivity Indicator,GBF_GA_CY_49,cms connectivity indicator
Species Status Index,GBF_GA_CY_50,species status index
"Intact Wilderness 
",GBF_GA_CY_51,intact wilderness
Expected Loss of Phylogenetic diversity,GBF_GA_CY_52,loss of phylogenetic diversity
Proportion of populations maintained within species,GBF_GA_CY_53,proportion of populations maintained within species
Free flowing rivers,GBF_GA_CY_54,free flowing rivers
Levels of poverty in biodiversity depended communities,GBF_GB_CY_55,levels of poverty in biodiversity depended communities
Ecological footprint,GBF_GB_CY_56,ecological footprint
Number of certified forest areas under sustainable management with verified impacts on biodiversity conservation,GBF_GB_CY_57,number of certified forest areas under sustainable management with verified impacts on biodiversity conservation
Expected loss of Phylogenetic Diversity,GBF_GB_CY_58,loss of phylogenetic diversity
Red List Index (pollinating species),GBF_GB_CY_59,red list index (pollinators)
Green status index (pollinators),GBF_GB_CY_60,green status of species index (pollinators)
Air quality index,GBF_GB_CY_61,air quality index
Air pollution emissions account,GBF_GB_CY_62,air pollution emissions account
Zoonotic disease in wildlife,GBF_GB_CY_63,zoonotic disease
Climatic impact index,GBF_GB_CY_64,climatic impact index
Ocean acidification,GBF_GB_CY_65,ocean acidification
Level of water stress: freshwater withdrawal as a proportion of available freshwater resources,GBF_GB_CY_66,level of water stress (freshwater withdrawal as a proportion of available freshwater resources)
Proportion of bodies of water with good ambient water quality,GBF_GB_CY_67,proportion of bodies of water with good ambient water quality
Eflow index,GBF_GB_CY_68,eflow index
Change in the quality of inland water ecosystems over time,GBF_GB_CY_69,change in the quality of inland water ecosystems over time
Change in the quality of coastal water ecosystems over time,GBF_GB_CY_70,change in the quality of coastal water ecosystems over time
Level of erosion,GBF_GB_CY_71,level of erosion
"Number of deaths, missing persons and directly affected persons attributed to disasters per 100,000 population",GBF_GB_CY_72,"number of deaths, missing persons and directly affected persons attributed to disasters per 100,000 population"
Intact wilderness,GBF_GB_CY_73,intact wilderness
Biofuel production,GBF_GB_CY_74,biofuel production
Maximum fish catch potential,GBF_GB_CY_75,fish catch potential
Population involved in hunting and gathering,GBF_GB_CY_76,population involved in hunting and gathering
"Prevalence of moderate or severe food insecurity in the population, based on the Food Insecurity Experience Scale",GBF_GB_CY_77,"prevalence of moderate or severe food insecurity in the population, based on the food insecurity experience scale"
Forestry Production & Trade (Wood Fuel),GBF_GB_CY_78,forestry production and trade (wood fuel)
Trends in the legal trade of medicinal plants,GBF_GB_CY_79,trends in the legal trade of medicinal plants
Visitor management assessment,GBF_GB_CY_80,visitor management assessment
Number of formal and nonformal education programmes transmitting spiritual and cultural values in the UNESCO World Network of Biosphere Reserves,GBF_GB_CY_81,number of formal and nonformal education programmes transmitting spiritual and cultural values in the unesco world network of biosphere reserves
"Number of mixed sites (having both natural and cultural Outstanding Universal Values), cultural landscapes (recognized as combined works of nature and people) and natural sites with cultural values including those supporting local and indigenous knowledge and practices inscribed on the UNESCO World Heritage List and UNESCO World Network of Biosphere Reserves",GBF_GB_CY_82,"number of mixed sites (having both natural and cultural outstanding universal values), cultural landscapes (recognized as combined works of nature and people) and natural sites with cultural values including those supporting local and indigenous knowledge and practices inscribed on the unesco world heritage list and unesco world network of biosphere reserves"
Index of Linguistic Diversity,GBF_GB_CY_83,linguistic diversity index
Trends of Bilinguistic diversity and numbers of speakers of indigenous languages,GBF_GB_CY_84,trends of bilinguistic diversity and numbers of speakers of indigenous languages
"Index of development of the standard - setting framework for the protection and promotion of culture, cultural rights and cultural diversity",GBF_GB_CY_85,"index of development of the standard - setting framework for the protection and promotion of culture, cultural rights and cultural diversity"
Cultural vitality index,GBF_GB_CY_86,cultural vitality index
UNESCO Culture 2030 (multiple indicators),GBF_GB_CY_87,unesco culture 2030 (multiple indicators)
Processes and tools to monitor the implementation of a right to a healthy environment (e.g. Included in NBSAPs and reported in national reports,GBF_GB_CY_88,processes and tools to monitor the implementation of a right to a healthy environment (e.g. included in nbsaps and reported in national reports
Red List Index (for internationally traded species),GBF_GB_CY_89,red list index (internationally traded species)
Number of users that have provided information relevant to the utilization of genetic resources to designated checkpoints,GBF_GC_CY_90,number of users that have provided information relevant to the utilization of genetic resources to designated checkpoints
Total number of internationally recognized certificates published in the ABS Clearing-House,GBF_GC_CY_91,total number of internationally recognized certificates of compliance published in the abs clearing-house
Number of checkpoint communiques published in the ABS Clearing-House,GBF_GC_CY_92,number of checkpoint communiques published in the abs clearing-house
Number of internationally recognized certificates of compliance for non-commercial purposes,GBF_GC_CY_93,number of internationally recognized certificates of compliance for non-commercial purposes
"Integration of biodiversity into national accounting and reporting systems, defined as implementation of the System of Environmental-Economic Accounting.",GBF_GC_CY_94,"integration of biodiversity into national accounting and reporting systems, defined as implementation of the system of environmental-economic accounting"
Finance mobilized for capacity-building,GBF_GD_CY_95,finance mobilized for capacity-building
"Financial and technical assistance provided in dollars (including through South-South, North-South and triangular cooperation)",GBF_GD_CY_96,"financial and technical assistance provided in dollars (including through south-south, north-south and triangular cooperation)"
"Finance mobilized for promoting the development, transfer, dissemination and diffusion of technology",GBF_GD_CY_97,"finance mobilized for promoting the development, transfer, dissemination and diffusion of technology"
"Number of scientists per population
",GBF_GD_CY_98,number of scientists per population
Joint scientific papers published in Ocean Biodiversity Information System (OBIS) by sector,GBF_GD_CY_99,joint scientific papers published in ocean biodiversity information system (ocean biodiversity information system (obis)) by sector
Nationally maintained research vessels,GBF_GD_CY_100,nationally maintained research vessels
Proportion of total research budget allocated to research in the field of marine technology,GBF_GD_CY_101,proportion of total research budget allocated to research in the field of marine technology
Volume of official development assistance flows for scholarships by sector and type of study,GBF_GD_CY_102,volume of official development assistance flows for scholarships by sector and type of study
Global imports of information and communication technology (ICT) goods as presented by bilateral trade flows by ICT goods categories,GBF_GD_CY_103,global imports of information and communication technology (ict) goods as presented by bilateral trade flows by ict goods categories
"Total amount of funding for developing countries to promote the development, transfer, dissemination and diffusion of environmentally sound technologies",GBF_GD_CY_104,"total amount of funding for developing countries to promote the development, transfer, dissemination and diffusion of environmentally sound technologies"
Number of countries using natural capital accounts in planning processes,GBF_T1_CY_105,number of countries using natural capital accounts in planning processes
Percentage of spatial plans utilizing information on key biodiversity areas,GBF_T1_CY_106,percentage of spatial plans utilizing information on key biodiversity areas
Habitat patches located within marine protected areas or integrated coastal zone management (ICZM),GBF_T1_CY_107,habitat patches located within marine protected areas or integrated coastal zone management (iczm)
Other spatial management plans (not captured as ICZM or marine spatial planning in 14.2.1),GBF_T1_CY_108,other spatial management plans (not captured as iczm or marine spatial planning in 14.2.1)
Number of countries using ocean accounts in planning processes,GBF_T1_CY_109,number of countries using ocean accounts in planning processes
Proportion of transboundary basin area with an operational arrangement for water cooperation,GBF_T1_CY_110,proportion of transboundary basin area with an operational arrangement for water cooperation
Percent of total land area that is under cultivation,GBF_T1_CY_111,percent of total land area that is under cultivation
Extent of natural ecosystems by type,GBF_T1_CY_112,extent of natural ecosystems
"Number of countries implementing national legislation, policies or other measures regarding FPIC related to conservation would work here for IPs (not necessarily LCs), if spatial planning was substituted for conservation.",GBF_T1_CY_113,"number of countries implementing national legislation, policies or other measures regarding fpic related to conservation"
Ecosystem Integrity Index,GBF_T1_CY_114,ecosystem integrity index
Habitat distributional range,GBF_T2_CY_115,habitat distributional range
"Index of Species Rarity Sites, High Biodiversity Areas, Large Mammal Landscapes, Intact Wilderness and Climate Stabilization Areas",GBF_T2_CY_116,"index of species rarity sites, high biodiversity areas, large mammal landscapes, intact wilderness and climate stabilization areas"
Increase in secondary natural forest cover,GBF_T2_CY_117,increase in secondary natural forest cover
Annual Tropical Primary Tree Cover Loss,GBF_T2_CY_118,annual tropical primary tree cover loss
Forest Landscape Integrity Index,GBF_T2_CY_119,forest landscape integrity index
Global Ecosystem Restoration Index,GBF_T2_CY_120,global ecosystem restoration index
Free flowing rivers,GBF_T2_CY_121,free flowing rivers
Percentage of cropped landscapes with at least 10 % natural land,GBF_T2_CY_122,percentage of cropped landscapes with at least 10 percentage natural land
Bioclimatic Ecosystem Resilience Index (BERI),GBF_T2_CY_123,bioclimatic ecosystem resilience index (beri)
Priority retention of intact / wilderness areas,GBF_T2_CY_124,priority retention of intact / wilderness areas
Status of Key Biodiversity Areas,GBF_T2_CY_125,status of key biodiversity areas
Biodiversity Habitat Index,GBF_T2_CY_126,biodiversity habitat index
Red List Index,GBF_T2_CY_127,red list index
Red List of Ecosystems,GBF_T2_CY_128,red list of ecosystems
Living Planet Index,GBF_T2_CY_129,living planet index
Species habitat Index,GBF_T2_CY_130,species habitat index
"Protected area downgrading, downsizing and degazettement (PD)",GBF_T3_CY_131,"protected area downgrading, downsizing and degazettement (pd)"
Status of key biodiversity areas,GBF_T3_CY_132,status of key biodiversity areas
IUCN Green List of Protected and Conserved Areas,GBF_T3_CY_133,iucn green list of protected and conserved areas
Number of hectares of UNESCO designated sites (natural and mixed World Heritage sites and Biosphere Reserves),GBF_T3_CY_134,number of hectares of unesco designated sites (natural and mixed world heritage sites and biosphere reserves)
Protected area and OECM management effectiveness (MEPCA) indicator,GBF_T3_CY_135,protected area and oecm management effectiveness (mepca) indicator
Protected Area Isolation Index (PAI),GBF_T3_CY_136,protected area isolation index (pai)
Protected Areas Network metric (ProNet),GBF_T3_CY_137,protected areas network metric (pronet)
Extent to which protected areas and other effective area-based conservation measures (OECMs) cover Key Biodiversity Areas that are important for migratory species,GBF_T3_CY_138,extent to which protected areas and other effective area-based conservation measures cover key biodiversity areas that are important for migratory species
Coverage of Protected areas and OECMS and traditional territories (by governance type),GBF_T3_CY_139,coverage of protected areas and other effective area-based conservation measures and traditional territories (by governance type)
Ramsar Management Effectiveness Tracking Tool (R-METT),GBF_T3_CY_140,ramsar management effectiveness tracking tool (r-mett)
Percentage of biosphere reserves that have a positive conservation outcome and effective management,GBF_T3_CY_141,percentage of biosphere reserves that have a positive conservation outcome and effective management
Extent of indigenous peoples and local communities lands that have some form of recognition,GBF_T3_CY_142,extent of indigenous peoples and local communities lands that have some form of recognition
Species Protection Index,GBF_T3_CY_143,species protection index
"Number of countries implementing national legislation, policies or other measures regarding FPIC related to conservation",GBF_T3_CY_144,"number of countries implementing national legislation, policies or other measures regarding fpic related to conservation"
Red List of Ecosystems,GBF_T3_CY_145,red list of ecosystems
"Proportion of terrestrial, freshwater and marine ecological regions which are conserved by protected areas or other effective area-based conservation measures",GBF_T3_CY_146,"proportion of terrestrial, freshwater and marine ecological regions which are conserved by protected areas or other effective area-based conservation measures"
Species threat abatement and restoration metric,GBF_T4_CY_147,species threat abatement and restoration metric
Changing status of evolutionary distinct and globally endangered species (EDGE Index),GBF_T4_CY_148,changing status of evolutionary distinct and globally endangered species (edge index)
Percentage of threatened species that are improving in status,GBF_T4_CY_149,percentage of threatened species that are improving in status
Number of CMS daughter agreements,GBF_T4_CY_150,number of cms daughter agreements
Proportion of local breeds classified as being at risk extinction,GBF_T4_CY_151,proportion of local breeds classified as being at risk of extinction
Red List Index (wild relatives of domesticated animals),GBF_T4_CY_152,red list index (wild relatives of farmed and domesticated species)
Rate of invasive alien species establishment,GBF_T4_CY_153,rate of invasive alien species establishment
Sustainable watershed and inland fisheries index,GBF_T5_CY_154,sustainable watershed and inland fisheries index
Red List Index (for internationally traded species and for migratory species),GBF_T5_CY_155,red list index (internationally traded species and migratory species)
Marine Stewardship Council Fish catch,GBF_T5_CY_156,marine stewardship council certified catch
Total catch of cetaceans under International Convention for the Regulation of Whaling,GBF_T5_CY_157,total catch of cetaceans under international convention for the regulation of whaling
By catch of vulnerable and non-target species,GBF_T5_CY_158,by catch of vulnerable and non-target species
"Degree of implementation of international instruments aiming to combat illegal, unreported and unregulated fishing",GBF_T5_CY_159,"degree of implementation of international instruments aiming to combat illegal, unreported and unregulated fishing"
Proportion of legal and illegal wildlife trade consisting of species threatened with extinction,GBF_T5_CY_160,proportion of legal and illegal wildlife trade consisting of species threatened with extinction
Illegal trade by CITES species classification,GBF_T5_CY_161,illegal trade by cites species classification
Number of countries incorporating trade in their national biodiversity policy,GBF_T5_CY_162,number of countries incorporating trade in their national biodiversity policy
"Proportion of terrestrial, freshwater and marine ecological regions which are conserved by protected areas or other effective area-based conservation measures",GBF_T5_CY_163,"proportion of terrestrial, freshwater and marine ecological regions which are conserved by protected areas or other effective area-based conservation measures"
Implementation of measures designed to minimize the impacts of fisheries and hunting on migratory species and their habitats,GBF_T5_CY_164,implementation of measures designed to minimize the impacts of fisheries and hunting on migratory species and their habitats
Number of MSC Chain of Custody Certification holders by distribution country,GBF_T5_CY_165,number of msc chain of custody certification holders by distribution country
Trends of trade and commercialization in biodiversity-based products that is sustainable and legal (in line with BioTrade Principles and/or CITES requirements),GBF_T5_CY_166,trends of trade and commercialization in biodiversity-based products that is sustainable and legal (in line with biotrade principles and/or cites requirements)
Number of invasive alien species in national lists as per the Global Register of Introduced and Invasive Species,GBF_T6_CY_167,number of invasive alien species in national lists as per the global register of introduced and invasive species
"Trends in abundance, temporal occurrence, and spatial distribution of non-indigenous species, particularly invasive, non-indigenous species, notably in risk areas (in relation to the main vectors and pathways of spreading of such species)",GBF_T6_CY_168,"trends in abundance, temporal occurrence, and spatial distribution of non-indigenous species, particularly invasive, non-indigenous species, notably in risk areas (in relation to the main vectors and pathways of spreading of such species)"
Red List Index (impacts of invasive alien species),GBF_T6_CY_169,red list index (impacts of invasive alien species)
Trends in Loss of Reactive Nitrogen to the Environment.,GBF_T7_CY_170,trends in loss of reactive nitrogen to the environment
Trends in Nitrogen Deposition,GBF_T7_CY_171,trends in nitrogen deposition
Municipal solid waste collected and managed,GBF_T7_CY_172,municipal solid waste collected and managed
Hazardous waste generation,GBF_T7_CY_173,hazardous waste
Trends in the amount of litter in the water column including microplastics and on the seafloor,GBF_T7_CY_174,trends in the amount of litter in the water column including microplastics and on the seafloor
Index of coastal eutrophication (icep),GBF_T7_CY_175,index of coastal eutrophication potential (icep)
plastic debris density,GBF_T7_CY_176,plastic debris density
Red List of Ecosystems,GBF_T7_CY_177,red list of ecosystems
Underwater noise pollution,GBF_T7_CY_178,underwater noise pollution
"Name, amount/ volume/ concentration of highly hazardous pesticides by type (per land/marine area)",GBF_T7_CY_179,"name, amount/ volume/ concentration of highly hazardous pesticides by type (per land/marine area)"
Pesticide use per area of cropland,GBF_T7_CY_180,pesticide use per area of cropland
Above-ground biomass stock in forest (tonnes/ha),GBF_T8_CY_181,above-ground biomass in forests
National greenhouse inventories from land use and land use change,GBF_T8_CY_182,national greenhouse inventories from land use and land use change
Proportion of local governments that adopt and implement local disaster risk reduction strategies in line with national disaster risk reduction strategies,GBF_T8_CY_183,proportion of local governments that adopt and implement local disaster risk reduction strategies in line with national disaster risk reduction strategies
"Number of least developed countries and small island developing States with nationally determined contributions, long-term strategies, national adaptation plans, strategies as reported in adaptation communications and national communications",GBF_T8_CY_184,"number of least developed countries and small island developing states with nationally determined contributions, long-term strategies, national adaptation plans and adaptation communications, as reported to the secretariat of the united nations framework convention on climate change"
Index of coastal eutrophication,GBF_T8_CY_185,index of coastal eutrophication potential (icep)
"Carbon stocks and annual net GHG emissions, by landuse category, split by natural and non-natural land cover",GBF_T8_CY_186,"carbon stocks and annual net ghg emissions, by landuse category, split by natural and non-natural land cover"
Proportion of fish stocks within biologically sustainable levels,GBF_T9_CY_187,proportion of fish stocks within biologically sustainable levels
"Degree of implementation of international instruments aiming to combat illegal, unreported and unregulated fishing",GBF_T9_CY_188,"degree of implementation of international instruments aiming to combat illegal, unreported and unregulated fishing"
Number of MSC Chain of Custody Certification holders by distribution country,GBF_T9_CY_189,number of msc chain of custody certification holders by distribution country
Spawning stock biomass (related to commercially exploited species),GBF_T9_CY_190,spawning stock biomass (related to commercially exploited species)
Number of plant and animal genetic resources for food and agriculture secured in medium- or longterm conservation facilities,GBF_T9_CY_191,number of plant and animal genetic resources for food and agriculture secured in either medium- or long-term conservation facilities
Volume of production per labour unit by classes of farming/pastoral/ forestry enterprise size,GBF_T9_CY_192,volume of production per labour unit by classes of farming/pastoral/forestry enterprise size
Agrobiodiversity Index,GBF_T10_CY_193,agrobiodiversity index
Changes in soil organic carbon stocks,GBF_T10_CY_194,soil organic carbon (soc) stocks
Red List Index (wild relatives of domesticated animals),GBF_T10_CY_195,red list index (wild relatives of farmed and domesticated species)
Red List Index (pollinating species),GBF_T10_CY_196,red list index (pollinators)
Proportion of local breeds classified as being at risk extinction,GBF_T10_CY_197,proportion of local breeds classified as being at risk of extinction
Proportion of land that is degraded over total land area,GBF_T10_CY_198,proportion of land that is degraded over total land area
Air emission accounts,GBF_T11_CY_199,air emission accounts
Proportion of local administrative units with established and operational policies and procedures for participation of local communities in water and sanitation management,GBF_T11_CY_200,proportion of local administrative units with established and operational policies and procedures for participation of local communities in water and sanitation management
Proportion of population using safely managed drinking water services,GBF_T11_CY_201,proportion of population using safely managed drinking water services
Mortality rate attributed to household and ambient air pollution,GBF_T11_CY_202,mortality rate attributed to household and ambient air pollution
Total number of transfers of crop material from the Multilateral System of the International Treaty on Plant Genetic Resources for Food and Agriculture (ITPGRFA) received in a country,GBF_T13_CY_204,total number of transfers of crop material from the multilateral system of the international treaty on plant genetic resources for food and agriculture (itpgrfa) received in a country
"Total number of permits, or their equivalent, granted for access to genetic resources",GBF_T13_CY_205,"total number of permits, or their equivalent, granted for access to genetic resources"
Total number of internationally recognized certificates of compliance published in the ABS Clearing-House,GBF_T13_CY_206,total number of internationally recognized certificates of compliance published in the abs clearing-house
"Number of countries that require prior informed consent that have published legislative, administrative or policy measures on access and benefit-sharing in the ABS Clearing-House",GBF_T13_CY_207,"number of countries that require prior informed consent that have published legislative, administrative or policy measures on access and benefit-sharing in the abs clearing-house"
Number of countries that require prior informed consent that have published information on ABS procedures in the ABS Clearing-House,GBF_T13_CY_208,number of countries that require prior informed consent that have published information on abs procedures in the abs clearing-house
"Number of countries that have adopted legislative, administrative and policy frameworks to ensure fair and equitable sharing of benefits",GBF_T13_CY_209,"number of countries that have adopted legislative, administrative and policy frameworks to ensure fair and equitable sharing of benefits"
Estimated percentage of monetary and non monetary benefits directed towards conservation and sustainable use of biodiversity,GBF_T13_CY_210,estimated percentage of monetary and non monetary benefits directed towards conservation and sustainable use of biodiversity
Human Appropriation of Net Primary Production (HANPP),GBF_T14_CY_211,human appropriation of net primary productivity
CO2 emission per unit of value added,GBF_T14_CY_212,co2 emission per unit of value added
Change in water-use efficiency over time,GBF_T14_CY_213,change in water-use efficiency over time
Species threat abatement and restoration metric,GBF_T15_CY_214,species threat abatement and restoration metric
Number of companies publishing sustainability reports,GBF_T15_CY_215,number of companies publishing sustainability reports
"Extent to which (i) global citizenship education and (ii) education for sustainable development, including gender equality and human rights, are mainstreamed at all levels in: (a) national education policies, (b) curricula, (c) teacher education and (d) student assessments (SDG 4.7.1)",GBF_T16_CY_216,"extent to which (i) global citizenship education and (ii) education for sustainable development, including gender equality and human rights, are mainstreamed at all levels in: (a) national education policies, (b) curricula, (c) teacher education and (d) student assessments"
Recycling rate,GBF_T16_CY_217,recycling rate
Life cycle Impact assessment (LCIA) e.g. LIME ; Lifecycle Impact Assessment Method based on Endpoint Modelling,GBF_T16_CY_218,life cycle impact assessment (lcia)
Levels of poverty in developing communities,GBF_T16_CY_219,levels of poverty in developing communities
Number of countries that have the necessary biosafety legal and administrative measures in place,GBF_T17_CY_220,number of countries that have the necessary biosafety legal and administrative measures in place
Number of countries that implement their biosafety measures,GBF_T17_CY_221,number of countries that implement their biosafety measures
Number of countries that have the necessary measures and means for detection and identification of products of biotechnology,GBF_T17_CY_222,number of countries that have the necessary measures and means for detection and identification of products of biotechnology
Number of countries that carry out scientifically sound risk assessments to support biosafety decision-making,GBF_T17_CY_223,number of countries that carry out scientifically sound risk assessments to support biosafety decision-making
Number of countries that establish and implement risk management measures,GBF_T17_CY_224,number of countries that establish and implement risk management measures
Percentage of Parties to the Cartagena Protocol on Biosafety implementing the relevant provisions of the Protocol,GBF_T17_CY_225,percentage of parties to the cartagena protocol on biosafety implementing the relevant provisions of the protocol
Number of countries with legal and technical measures for restoration and compensation,GBF_T17_CY_226,number of countries with legal and technical measures for restoration and compensation
Percentage of Parties to the Nagoya - Kuala Lumpur Supplementary Protocol,GBF_T17_CY_227,percentage of parties to the nagoya - kuala lumpur supplementary protocol
Percentage of countries with systems in place for restoration and compensation of damage to conservation and sustainable use of biological diversity,GBF_T17_CY_228,percentage of countries with systems in place for restoration and compensation of damage to conservation and sustainable use of biological diversity
Number of countries that establish and implement risk management measures,GBF_T17_CY_229,number of countries that establish and implement risk management measures
Number of countries with mechanisms to facilitate the sharing of and access to information on potential adverse impacts of biotechnology on biodiversity and human health,GBF_T17_CY_230,number of countries with mechanisms to facilitate the sharing of and access to information on potential adverse impacts of biotechnology on biodiversity and human health
Number of countries with biodiversity-relevant taxes,GBF_T18_CY_231,number of countries with biodiversity relevant taxes
Number of countries with biodiversity-relevant charges and fees,GBF_T18_CY_232,number of countries with biodiversity relevant charges and fees
Number of countries with biodiversity-relevant tradable permit schemes,GBF_T18_CY_233,number of countries with biodiversity relevant tradable permit schemes
Trends in potentially environmentally harmful elements of government support to agriculture (producer support estimate),GBF_T18_CY_234,trends in potentially environmentally harmful elements of government support to agriculture (producer support estimate)
Trends in the number and value of government fossil fuel support measures,GBF_T18_CY_235,trends in the number and value of government fossil-fuel support measures
Amount of fossil-fuel subsidies per unit of GDP (production and consumption),GBF_T18_CY_236,amount of fossil-fuel subsidies per unit of gross domestic product (production and consumption)
Amount of funding provided through the Global Environment Facility and allocated to the biodiversity focal area,GBF_T19_CY_237,amount of funding provided through the global environment facility and allocated to the biodiversity focal area
"Foreign direct investment (FDI), official development assistance and South-South cooperation as a proportion of total domestic budget",GBF_T19_CY_238,"foreign direct investment (fdi), official development assistance and south-south cooperation as a proportion of total domestic budget"
Amount and composition of biodiversity-related finance reported to the OECD Creditor reporting system,GBF_T19_CY_239,amount and composition of biodiversity-related finance reported to the oecd creditor reporting system
"Dollar value of financial and technical assistance (including through North-South, South-South and triangular cooperation) committed to developing countries",GBF_T19_CY_240,"dollar value of financial and technical assistance (including through north-south, south-south and triangular cooperation) committed to developing countries"
Dollar value of all resources made available to strengthen statistical capacity in developing countries,GBF_T19_CY_241,dollar value of all resources made available to strengthen statistical capacity in developing countries
Amount of biodiversity-related philanthropic funding,GBF_T19_CY_242,amount of biodiversity-related philanthropic funding
Proportion of total research budget allocated to research in the field of marine technology,GBF_T19_CY_243,proportion of total research budget allocated to research in the field of marine technology
"Total amount of approved funding for developing countries to promote the development, transfer, dissemination and diffusion of environmentally sound technologies",GBF_T19_CY_244,"total amount of funding for developing countries to promote the development, transfer, dissemination and diffusion of environmentally sound technologies"
Number of countries (and number of instruments) with payments for ecosystem services (PES) programmes,GBF_T19_CY_245,number of countries (and number of instruments) with payments for ecosystem services (pes) programmes
"Number of countries that have (a) Assessed values of biodiversity, in accordance with the Convention, (b) Identified and reported funding needs, gaps and priorities (c)Developed national financial plans for biodiversity; (d) Been provided with the necessary funding and capacity building to undertake the above activities",GBF_T19_CY_246,"number of countries that have (a) assessed values of biodiversity, in accordance with the convention, (b) identified and reported funding needs, gaps and priorities (c)developed national financial plans for biodiversity; (d) been provided with the necessary funding and capacity building to undertake the above activities"
Growth in number of records and species in the Living Planet Index database,GBF_T21_CY_248,growth in number of records and species in the living planet index database
Growth in species occurrence records accessible through the Global Biodiversity Information Facility,GBF_T21_CY_249,species occurrence records accessible through the global biodiversity information facility
Growth in marine species occurrence records accessible through OBIS,GBF_T21_CY_250,growth in marine species occurrence records accessible through ocean biodiversity information system (obis)
Proportion of known species assessed through the IUCN Red List.,GBF_T21_CY_251,proportion of known species assessed through the red list index
Number of assessments on the IUCN Red List of threatened species,GBF_T21_CY_252,number of assessments on the red list index
World Association of Zoos and Aquariums (WAZA) bio-literacy survey (Biodiversity literacy in global zoo and aquarium visitors),GBF_T21_CY_253,world association of zoos and aquariums (waza) bio-literacy survey (biodiversity literacy in global zoo and aquarium visitors)
"Species Status Information Index
",GBF_T21_CY_254,species status index
"Percentage of positions in national and local institutions, including (a) the legislatures; (b) the public service; and (c) the judiciary, compared to national distributions, by sex, age, persons with disabilities and population groups",GBF_T22_CY_255,"percentage of positions in national and local institutions, including (a) the legislatures; (b) the public service; and (c) the judiciary, compared to national distributions, by sex, age, persons with disabilities and population groups"
Number of countries with systems to track and make public allocations for gender equality and women's empowerment,GBF_T22_CY_256,number of countries with systems to track and make public allocations for gender equality and women's empowerment
"Proportion of total agricultural population with ownership or secure rights over agricultural land, by sex",GBF_T22_CY_257,"proportion of total agricultural population with ownership or secure rights over agricultural land, by sex"
"share of women among owners or rights-bearers of agricultural land, by type of tenure",GBF_T22_CY_258,"share of women among owners or rights-bearers of agricultural land, by type of tenure"
Number of countries where the legal framework (including customary law) guarantees women's equal rights to land ownership and/or control,GBF_T22_CY_259,number of countries where the legal framework (including customary law) guarantees women's equal rights to land ownership and/or control
Number of protected areas that have completed a site-level assessment of governance and equity (SAGE),GBF_T22_CY_260,number of protected areas that have completed a site-level assessment of governance and equity (sage)
"Trends in number of environmental human rights defenders killed annually, disaggregated by country, gender; number of indigenous environmental human rights defenders kill",GBF_T22_CY_261,"trends in number of environmental human rights defenders killed annually, disaggregated by country, gender; number of indigenous environmental human rights defenders kill"
Land tenure [in the traditional territories] of indigenous peoples and local communities [by sex and type of tenure],GBF_T22_CY_262,land tenure [in the traditional territories] of indigenous peoples and local communities [by sex and type of tenure]
"Proportion of population who believe decision-making is inclusive and responsive, by sex, age, disability and population group",GBF_T22_CY_263,"proportion of population who believe decision-making is inclusive and responsive, by sex, age, disability and population group"
"Percentage of positions in national and local institutions, including (a) the legislatures; (b) the public service; and (c) the judiciary, compared to national distributions, by sex, age, persons with disabilities and population groups",GBF_T23_CY_264,"percentage of positions in national and local institutions, including (a) the legislatures; (b) the public service; and (c) the judiciary, compared to national distributions, by sex, age, persons with disabilities and population groups"
"Proportion of total agricultural population with ownership or secure rights over agricultural land, by sex",GBF_T23_CY_265,"proportion of total agricultural population with ownership or secure rights over agricultural land, by sex"
"share of women among owners or rights-bearers of agricultural land, by type of tenure",GBF_T23_CY_266,"share of women among owners or rights-bearers of agricultural land, by type of tenure"
Number of countries with systems to track and make public allocations for gender equality and women's empowerment,GBF_T23_CY_267,number of countries with systems to track and make public allocations for gender equality and women's empowerment
Number of protected areas that have completed a site-level assessment of governance and equity (SAGE),GBF_T23_CY_268,number of protected areas that have completed a site-level assessment of governance and equity (sage)
"Percentage of population who believe decision making is inclusive and responsive, by sex, age, disability and population group",GBF_T23_CY_269,"percentage of population who believe decision making is inclusive and responsive, by sex, age, disability and population group"
Proportion of countries where the legal framework (including customary law) guarantees women's equal rights to land ownership and/or control,GBF_T23_CY_270,proportion of countries where the legal framework (including customary law) guarantees women equal rights to land ownership and/or control
Number of Parties that are in category 1 under the national legislation project.,CITES_G1.1.1_1,number of parties that are in category 1 under the national legislation project
Number of Parties subject to CITES recommendations to suspend trade.,CITES_G1.1.2_2,number of parties subject to cites recommendations to suspend trade
"Number of Parties that have designated at least one Management Authority, independent Scientific Authority and enforcement focal points in place.",CITES_G1.2.1_3,"number of parties that have designated at least one management authority, independent scientific authority and enforcement focal points in place"
Number of Parties that have implemented relevant reporting under Resolutions and Decisions of the Conference of the Parties and/or Standing Committee recommendations.,CITES_G1.3.1_4,number of parties that have implemented relevant reporting under resolutions and decisions of the conference of the parties and/or standing committee recommendations
The conservation status of species listed on the CITES Appendices has stabilized or improved.,CITES_G1.5.1_5,the conservation status of species listed on the cites appendices has stabilized or improved
Number of CITES-listed species for which Parties have put in place actions that support sustainable use,CITES_G1.5.2_6,number of cites-listed species for which parties have put in place actions that support sustainable use
Number of Parties that have adopted standard procedures for making non-detriment findings (NDFs).,CITES_G2.1.1_7,number of parties that have adopted standard procedures for making non-detriment findings (ndfs)
Number of written NDFs submitted and number of Parties submitting NDFs for posting in the CITES online database.,CITES_G2.1.2_8,number of written ndfs submitted and number of parties submitting ndfs for posting in the cites online database
"Number of Parties that have included the legal acquisition finding obligation in their national regulatory framework, as recommended by Resolution Conf. 18.7 (Rev. CoP19).",CITES_G2.1.3_9,"number of parties that have included the legal acquisition finding obligation in their national regulatory framework, as recommended by resolution conf. 18.7 (rev. cop19)"
"Number of surveys, studies or other analyses undertaken by exporting countries based on the sources of information cited in Resolution Conf. 16.7 (Rev. CoP17) on Non-detriment findings related to - the population status of Appendix-II species; - the trends and impact of trade upon Appendix-II species; and - the status of and trend in naturally-occurring Appendix I species and the impact of any recovery plans.",CITES_G2.2.1_10,"number of surveys, studies or other analyses undertaken by exporting countries based on the sources of information cited in resolution conf. 16.7 (rev. cop17) on non-detriment findings related to - the population status of appendix-ii species; - the trends and impact of trade upon appendix-ii species; and - the status of and trend in naturally-occurring appendix i species and the impact of any recovery plans"
Number and proportion of annual export quotas based on population surveys.,CITES_G2.2.2_11,number and proportion of annual export quotas based on population surveys
Number of workshops and other capacity-building activities that bring range States together to address the conservation and management needs of shared CITES listed species.,CITES_G2.2.3_12,number of workshops and other capacity-building activities that bring range states together to address the conservation and management needs of shared cites listed species
Number of reports shared by the Parties in compliance with the Resolutions of the Convention.,CITES_G2.2.4_13,number of reports shared by the parties in compliance with the resolutions of the convention
"Number of Parties sharing information relevant to the implementation of CITES (e.g. shared databases, data visualization/software, information-sharing focused tools, etc.).",CITES_G2.2.5_14,"number of parties sharing information relevant to the implementation of cites (e.g. shared databases, data visualization/software, information-sharing focused tools, etc.)"
Number of CoP side-events where Parties present information and tools relevant to the implementation of CITES.,CITES_G2.2.6_15,number of cop side-events where parties present information and tools relevant to the implementation of cites
Proportion of Parties that are making use of the available tools,CITES_G2.3.1_16,proportion of parties that are making use of the available tools
Percentage of Parties reporting having sufficient information to enforce the Convention.,CITES_G2.3.2_17,percentage of parties reporting having sufficient information to enforce the convention
Percentage of Parties reporting having sufficient information to make listing decisions that are reflective of species conservation needs.,CITES_G2.4.1_18,percentage of parties reporting having sufficient information to make listing decisions that are reflective of species conservation needs
Number of Parties that have undertaken research (including for non-detriment findings) on their identified key species most relevant to the implementation of the Convention.,CITES_G2.5.1_19,number of parties that have undertaken research (including for non-detriment findings) on their identified key species most relevant to the implementation of the convention
Number of Parties that currently lack information for their identified key species most relevant to the implementation of the Convention and need assistance to address them.,CITES_G2.5.2_20,number of parties that currently lack information for their identified key species most relevant to the implementation of the convention and need assistance to address them
Number of Parties that have adopted standard transparent procedures for the timely issuance of permits in accordance with Article VI of the Convention.,CITES_G3.1.1_21,number of parties that have adopted standard transparent procedures for the timely issuance of permits in accordance with article vi of the convention
Number of Parties making use of the simplified procedures provided for in Resolution Conf. 12.3 (Rev. CoP19).,CITES_G3.1.2_22,number of parties making use of the simplified procedures provided for in resolution conf. 12.3 (rev. cop19)
Number of Parties that have adopted an electronic system for the issuance of permits,CITES_G3.1.3_23,number of parties that have adopted an electronic system for the issuance of permits
"Number of Parties with training programmes and information resources in place to implement CITES, including the making of non-detriment and legal acquisition findings, issuance of permits and enforcement.",CITES_G3.2.1_24,"number of parties with training programmes and information resources in place to implement cites, including the making of non-detriment and legal acquisition findings, issuance of permits and enforcement"
Number of workshops and other capacity-building activities that bring range States together to address the conservation and management needs of shared CITES listed species.,CITES_G3.2.2_25,number of workshops and other capacity-building activities that bring range states together to address the conservation and management needs of shared cites listed species
Number of Parties meeting their obligations with regard to their assessed contributions to the Trust Fund.,CITES_G3.3.1_26,number of parties meeting their obligations with regard to their assessed contributions to the trust fund
Percentage of the total funds required to implement the work programme agreed by the Conference of the Parties that is fully funded.,CITES_G3.3.2_27,percentage of the total funds required to implement the work programme agreed by the conference of the parties that is fully funded
Number of Parties where criminal offences relating to illegal trade in wildlife (such as illegal hunting/harvest and wildlife trafficking) are recognized as a serious crime.,CITES_G3.4.1_28,number of parties where criminal offences relating to illegal trade in wildlife (such as illegal hunting/harvest and wildlife trafficking) are recognized as a serious crime
"Number of seizures made through Parties collaboration across range, transit and destination states, to address entire illegal trade chains.",CITES_G3.5.1_29,"number of seizures made through parties collaboration across range, transit and destination states, to address entire illegal trade chains"
Number of Parties reporting in implementation reports of activities taken to address corruption.,CITES_G3.6.1_30,number of parties reporting in implementation reports of activities taken to address corruption
Number of capacity-building activities delivered to Parties.,CITES_G3.7.1_31,number of capacity-building activities delivered to parties
Number of Parties who report improvements in their implementation following targeted capacity-building efforts.,CITES_G3.7.2_32,number of parties who report improvements in their implementation following targeted capacity-building efforts
Total investments into capacity-building efforts.,CITES_G3.7.3_33,total investments into capacity-building efforts
Number of CITES Parties using the CITES Checklist API.,CITES_G3.8.1_34,number of cites parties using the cites checklist api
Number of CITES-listed species for which Parties have designed/implemented relevant sustainable wildlife management policies.,CITES_G4.1.1_35,number of cites-listed species for which parties have designed/implemented relevant sustainable wildlife management policies
Percentage of Parties that co-developed or otherwise supported the capacity of indigenous peoples and local communities to pursue livelihoods.,CITES_G4.1.2_36,percentage of parties that co-developed or otherwise supported the capacity of indigenous peoples and local communities to pursue livelihoods
"Number of Parties incorporating CITES into their National Biodiversity Strategy and Action Plan (NBSAP), also included in the global and national Strategies for Plant Conservation under CBD programme.",CITES_G4.2.1_37,"number of parties incorporating cites into their national biodiversity strategy and action plan (nbsap), also included in the global and national strategies for plant conservation under cbd programme"
"Number of new, unique visits to the CITES website.",CITES_G4.3.1_38,"number of new, unique visits to the cites website"
Number of Parties with information on CITES and its requirements on their official websites.,CITES_G4.3.2_39,number of parties with information on cites and its requirements on their official websites
Number of followers on CITES social media platforms.,CITES_G4.3.3_40,number of followers on cites social media platforms
"Number of key identified hashtags (e.g. #cites, #citescop19 #worldwildlifeday, etc.) on CITES social media.",CITES_G4.3.4_41,"number of key identified hashtags (e.g. #cites, #citescop19 #worldwildlifeday, etc.) on cites social media"
Number of events submitted to the World Wildlife Day website.,CITES_G4.3.5_42,number of events submitted to the world wildlife day website
Number of meetings/CoP where representatives of other international bodies report on relevant activities to CITES Parties.,CITES_G4.4.1_43,number of meetings/cop where representatives of other international bodies report on relevant activities to cites parties
"Events, documents and presentations, etc. delivered by other intergovernmental bodies and fora in meetings convened by the CITES Secretariat.",CITES_G4.4.2_44,"events, documents and presentations, etc. delivered by other intergovernmental bodies and fora in meetings convened by the cites secretariat"
Number of Notifications to the Parties issued by the CITES Secretariat relating to international actions for sustainable development that may have a bearing on achieving the goal of CITES.,CITES_G4.4.3_45,number of notifications to the parties issued by the cites secretariat relating to international actions for sustainable development that may have a bearing on achieving the goal of cites
"Number of Parties which report that they have achieved synergies in their implementation of CITES, other biodiversity-related conventions and other relevant multilateral environmental, trade and development agreements.",CITES_G5.1.1_46,"number of parties which report that they have achieved synergies in their implementation of cites, other biodiversity-related conventions and other relevant multilateral environmental, trade and development agreements"
Number of Parties cooperating / collaborating with intergovernmental and non-governmental organizations to participate in and/or fund CITES workshops and other training and capacity-building activities.,CITES_G5.1.2_47,number of parties cooperating / collaborating with intergovernmental and non-governmental organizations to participate in and/or fund cites workshops and other training and capacity-building activities
Number of cooperative actions taken under established bilateral or multilateral agreements to prevent species from being unsustainably exploited through international trade.,CITES_G5.1.3_48,number of cooperative actions taken under established bilateral or multilateral agreements to prevent species from being unsustainably exploited through international trade
Number of times other relevant international organizations and agreements dealing with natural resources are consulted on issues relevant to species subject to unsustainable trade.,CITES_G5.1.4_49,number of times other relevant international organizations and agreements dealing with natural resources are consulted on issues relevant to species subject to unsustainable trade
"Number of implemented cooperation agreements between the Secretariat and Multilateral Environmental Agreements (MEAS), including the Biodiversity Liaison Group (BLG) and other biodiversity-related Conventions.",CITES_G5.1.5_50,"number of implemented cooperation agreements between the secretariat and multilateral environmental agreements (meas), including the biodiversity liaison group (blg) and other biodiversity-related conventions"
Number of alliances between CITES and relevant international partners to advance CITES objective and mainstream conservation and sustainable use of biodiversity.,CITES_G5.2.1_51,number of alliances between cites and relevant international partners to advance cites objective and mainstream conservation and sustainable use of biodiversity
Number of Parties funded by international financial mechanisms and other related institutions to develop activities that include CITES-related conservation and sustainable development elements.,CITES_G5.3.1_52,number of parties funded by international financial mechanisms and other related institutions to develop activities that include cites-related conservation and sustainable development elements
Number of countries and institutions that have provided additional funding from CITES Authorities to another country or activity for conservation and sustainable development projects in order to further the objectives of the Convention.,CITES_G5.3.2_53,number of countries and institutions that have provided additional funding from cites authorities to another country or activity for conservation and sustainable development projects in order to further the objectives of the convention
Levels of engagement in World Migratory Bird Day and similar events,CMS_G1.1_1,levels of engagement in world migratory bird day and similar events
Trends in awareness and attitudes to migratory species,CMS_G1.1_2,trends in awareness and attitudes to migratory species
Trends in integration of migratory species values in national and sectoral policies,CMS_G1.2_3,trends in integration of migratory species values in national and sectoral policies
Activity status/viability of CMS Family of instruments,CMS_G1.3_4,activity status/viability of cms family of instruments
Other governance-related indicator on CMS implementation,CMS_G1.3_5,other governance-related indicator on cms implementation
"CMS National Report Format question, to ask about progress in implementing target 4",CMS_G1.4_6,"cms national report format question, to ask about progress in implementing target 4"
Status of migratory species in trade,CMS_G2.5_7,status of migratory species in trade
Proportion of migratory fish stocks in safe biological limits,CMS_G2.6_8,proportion of migratory fish stocks in safe biological limits
Trends in threats to migratory species (overall),CMS_G2.7_9,trends in threats to migratory species
Trends in threats to migratory species (sub-indicators on specific threat types),CMS_G2.7_10,trends in threats to migratory species
Further sub-indicators on additional/more specific threat types,CMS_G2.7_11,further sub-indicators on additional/more specific threat types
Red List Index for migratory species,CMS_G3.8_12,red list index (migratory species)
Living Planet Index for migratory species,CMS_G3.8_13,living planet index (migratory species)
Wild Bird Index for migratory birds,CMS_G3.8_14,wild bird index (migratory birds)
Trends in distribution of migratory species,CMS_G3.8_15,trends in distribution of migratory species
Trends in range-related coverage of migratory species agreements and other concerted actions between States,CMS_G3.9_16,trends in range-related coverage of migratory species agreements and other concerted actions between states
"Trends in conservation status, including connectivity, of identified habitats of key importance for migratory species",CMS_G3.10_17,"trends in conservation status, including connectivity, of identified habitats of key importance for migratory species"
Coverage of key habitats for migratory species in protected areas,CMS_G3.10_18,coverage of key habitats for migratory species in protected areas
Management effectiveness of areas protected specifically for migratory species,CMS_G3.10_19,management effectiveness of areas protected specifically for migratory species
Trends in delivery of ecosystem services directly dependent on migratory species,CMS_G4.11_20,trends in delivery of ecosystem services directly dependent on migratory species
Strategies of relevance to migratory species developed and implemented for minimizing genetic erosion,CMS_G4.12_21,strategies of relevance to migratory species developed and implemented for minimizing genetic erosion
Trends in attention to migratory species in National Biodiversity Strategies and Action Plans,CMS_G5.13_22,trends in attention to migratory species in national biodiversity strategies and action plans
Trends in integration of migratory species concerns in National Biodiversity Strategies and Action Plans,CMS_G5.13_23,trends in integration of migratory species concerns in national biodiversity strategies and action plans
"Trends in the degree to which traditional knowledge and practices are respected through full integration, participation and safeguards in national implementation of the Strategic Plan for Migratory Species",CMS_G5.14_24,"trends in the degree to which traditional knowledge and practices are respected through full integration, participation and safeguards in national implementation of the strategic plan for migratory species"
Trends in publication of papers on migratory species conservation in peer-reviewed literature,CMS_G5.15_25,trends in publication of papers on migratory species conservation in peer-reviewed literature
Trends in official funding for actions which support implementation of the Strategic Plan for Migratory Species,CMS_G5.16_26,trends in official funding for actions which support implementation of the strategic plan for migratory species
% of Parties that have made assessment of ecosystem services of Ramsar Sites. (Data source: National Reports),RAMSAR_SG1.1_1,percentage of parties that have made assessment of ecosystem services of ramsar sites
% of Parties that have included wetland issues within national strategies and planning processes such as water resource management and water efficiency plans. (Data source: National Reports),RAMSAR_SG1.1_2,percentage of parties that have included wetland issues within national strategies and planning processes such as water resource management and water efficiency plans
% of Parties that have included wetland issues within National Policies or measures on agriculture. (Data source: National Reports).,RAMSAR_SG1.1_3,percentage of parties that have included wetland issues within national policies or measures on agriculture
% of Parties that have included wetland issues into national strategies and in the planning processes such as for water resource management and water efficiency plans. (Data source: National Reports).,RAMSAR_SG1.2_4,percentage of parties that have included wetland issues within national strategies and planning processes such as water resource management and water efficiency plans
% of Ramsar sites which have improved the sustainability of water use in the context of ecosystem requirements,RAMSAR_SG1.2_5,percentage of ramsar sites which have improved the sustainability of water use in the context of ecosystem requirements
% of Parties reporting actions taken to implement incentive measures that encourage the conservation and wise use of wetlands. (Data source: National Reports).,RAMSAR_SG1.3_6,percentage of parties reporting actions taken to implement incentive measures that encourage the conservation and wise use of wetlands
% of Parties reporting actions taken to remove perverse incentive measures that discourage conservation and wise use of wetlands. (Data source: National Reports).,RAMSAR_SG1.3_7,percentage of parties reporting actions taken to remove perverse incentive measures that discourage conservation and wise use of wetlands
"% of Parties reporting private sector undertaking activities for the conservation, wise use and management of wetlands in general. (Data source: National Reports).",RAMSAR_SG1.3_8,"percentage of parties reporting private sector undertaking activities for the conservation, wise use and management of wetlands in general"
% of Parties having national Ramsar Committees that include both governmental and non-governmental representation. (Data source: new question for National Reports).,RAMSAR_SG1.3_9,percentage of parties having national ramsar committees that include both governmental and non-governmental representation
% of Parties that have established or reviewed national policies or guidelines on invasive wetland species control and management. (Data source: National Reports).,RAMSAR_SG1.4_10,percentage of parties that have established or reviewed national policies or guidelines on invasive wetland species control and management
% of Parties having a national inventory of invasive alien species that currently or potentially impact the ecological character of wetlands. (Data source: National Reports).,RAMSAR_SG1.4_11,percentage of parties having a national inventory of invasive alien species that currently or potentially impact the ecological character of wetlands
Number of invasive species that are being controlled through management actions,RAMSAR_SG1.4_12,number of invasive species that are being controlled through management actions
Effectiveness of wetland invasive alien species control programmes,RAMSAR_SG1.4_13,effectiveness of wetland invasive alien species control programmes
"Number of Ramsar Sites that have effective, implemented management plans. (Data source: National Report).",RAMSAR_SG2.5_14,"number of ramsar sites that have effective, implemented management plans"
"Number of Ramsar Sites that have effective, implemented management planning. (Data source: new National Report question).",RAMSAR_SG2.5_15,"number of ramsar sites that have effective, implemented management plans"
% of Parties that have made assessments of effective management of Ramsar Sites. (Data source: National Reports).,RAMSAR_SG2.5_16,percentage of parties that have made assessments of effective management of ramsar sites
% of Ramsar Sites that have updated Ramsar Information Sheets. (Data source: Ramsar Sites database).,RAMSAR_SG2.5_17,percentage of ramsar sites that have updated ramsar information sheets
Coverage of wetland dependent bird populations by designated Ramsar Sites. Indicator from Resolution IX.1 to be developed.,RAMSAR_SG2.5_18,coverage of wetland dependent bird populations by designated ramsar sites
Coverage of wetland dependent non-avian populations by designated Ramsar Sites. Indicator from Resolution IX.1 to be developed.,RAMSAR_SG2.5_19,coverage of wetland dependent non-avian populations by designated ramsar sites
% loss of IUCN Red Listed species from Ramsar Sites,RAMSAR_SG2.5_20,percentage loss of red list indexed species from ramsar sites
Number of Ramsar sites that have been designated. (Data source: Ramsar Sites database).,RAMSAR_SG2.6_21,number of ramsar sites that have been designated
Total hectares of Ramsar sites that have been designated. (Data source: Ramsar Sites database).,RAMSAR_SG2.6_22,total hectares of ramsar sites that have been designated
Number of transboundary Ramsar Sites that have been designated. (Data source: Ramsar Sites database).,RAMSAR_SG2.6_23,number of transboundary ramsar sites that have been designated
Number of Ramsar Sites designated for the following under represented wetland types: Karst and other subterranean hydrological systems; Coral reefs; Wet grasslands; Peatland; Sea-grass beds; Mangroves; Temporary Pools; Bivalve (shellfish) reefs (Data source: Ramsar Sites database),RAMSAR_SG2.6_24,number of ramsar sites designated for the following under represented wetland types: karst and other subterranean hydrological systems; coral reefs; wet grasslands; peatland; sea-grass beds; mangroves; temporary pools; bivalve (shellfish) reefs
Number of Ramsar Sites removed from the Montreux Record. (Data source: Ramsar Site database).,RAMSAR_SG2.7_25,number of ramsar sites removed from the montreux record
% of Parties reporting to the Ramsar Secretariat all cases of negative human-induced change or likely change in the ecological character of Ramsar Sites pursuant to Article 3.2. (Data source: National Reports).,RAMSAR_SG2.7_26,percentage of parties reporting to the ramsar secretariat all cases of negative human-induced change or likely change in the ecological character of ramsar sites pursuant to article 3.2
Number of Ramsar Sites reported by Parties to the Ramsar Secretariat of negative human-induced change or likely change in the ecological character of Ramsar Sites pursuant to Article 3.2. (Data source: National Reports).,RAMSAR_SG2.7_27,number of ramsar sites reported by parties to the ramsar secretariat of negative human-induced change or likely change in the ecological character of ramsar sites pursuant to article 3.2
% of Parties that have taken actions to address the issues for which Ramsar Sites have been listed on the Montreux Record. (National Reports to COP12).,RAMSAR_SG2.7_28,percentage of parties that have taken actions to address the issues for which ramsar sites have been listed on the montreux record
Indicator(s) relating to (numbers of) Ramsar Sites at risk,RAMSAR_SG2.7_29,indicator(s) relating to (numbers of) ramsar sites at risk
% of Parties that have complete national wetland inventories. (Data source: National Reports).,RAMSAR_SG3.8_30,percentage of parties that have complete national wetland inventories
% of Parties that have updated their national inventories in the last decade. (Data source: new question for National Reports).,RAMSAR_SG3.8_31,percentage of parties that have updated their national inventories in the last decade
% of Parties that have adopted wetland policies or equivalent instruments that promote the wise use of their wetlands. (Data source: National Reports).,RAMSAR_SG3.9_32,percentage of parties that have adopted wetland policies or equivalent instruments that promote the wise use of their wetlands
% of Parties that consider wetlands as natural water infrastructure integral to water resource management at the scale of river basin. (Data source: National Reports).,RAMSAR_SG3.9_33,percentage of parties that consider wetlands as natural water infrastructure integral to water resource management at the scale of river basin
Involvement of stakeholders in various aspects of wetland and/or basin-scale management,RAMSAR_SG3.9_34,involvement of stakeholders in various aspects of wetland and/or basin-scale management
Possible use or further development of indicator(s) linked to work currently being undertaken to develop indicator(s) for related Aichi Target 18 of the Strategic Plan for Biodiversity.,RAMSAR_SG3.10_35,possible use or further development of indicator(s) linked to work currently being undertaken to develop indicator(s) for related aichi target 18 of the strategic plan for biodiversity
% of Parties that have made assessment of ecosystem services of Ramsar Sites. (Data source: National Reports).,RAMSAR_SG3.11_36,percentage of parties that have made assessment of ecosystem services of ramsar sites
% of Parties that have incorporated wetlands issues into poverty eradication strategies. (Data source: National Reports).,RAMSAR_SG3.11_37,percentage of parties that have incorporated wetlands issues into poverty eradication strategies
% of Parties that have implemented programmes or projects that contribute to poverty alleviation objectives or food and water security plans. (Data source: National Reports).,RAMSAR_SG3.11_38,percentage of parties that have implemented programmes or projects that contribute to poverty alleviation objectives or food and water security plans
% of Parties that have established restoration plans [or activities] for sites. (Data source: National Reports).,RAMSAR_SG3.12_39,percentage of parties that have established restoration plans [or activities] for sites
% of Parties that have implemented effective restoration or rehabilitation projects. (Data source: National Reports).,RAMSAR_SG3.12_40,percentage of parties that have implemented effective restoration or rehabilitation projects
Outcome-based indicators(s) related to (extent of) wetland restoration possibly including remote sensing as appropriate.,RAMSAR_SG3.12_41,outcome-based indicators(s) related to (extent of) wetland restoration possibly including remote sensing as appropriate
Indicators related to the relevant sectors especially using or linking to relevant Aichi Target indicators and other relevant international processes.,RAMSAR_SG3.13_42,indicators related to the relevant sectors especially using or linking to relevant aichi target indicators and other relevant international processes
Number of ‘hits’ on scientific and technical guidance pages of the Ramsar web-site and associated subtotals by country and Ramsar Region of the source of these hits. (Data source: Ramsar web-site analytics).,RAMSAR_OG4.14_43,number of ‘hits’ on scientific and technical guidance pages of the ramsar web-site and associated subtotals by country and ramsar region of the source of these hits
Number of STRP briefing papers downloaded from the Ramsar web site and subtotals by country and Ramsar Region of the source of these downloads. (Data source: Ramsar web-site analytics).,RAMSAR_OG4.14_44,number of strp briefing papers downloaded from the ramsar web site and subtotals by country and ramsar region of the source of these downloads
Number of relevant Ramsar Handbooks downloaded from the Ramsar web-site and subtotals by country and Ramsar Region of the source of these downloads. (Data source: Ramsar web-site analytics).,RAMSAR_OG4.14_45,number of relevant ramsar handbooks downloaded from the ramsar web-site and subtotals by country and ramsar region of the source of these downloads
"Number of practical tools and guidance documents for wetland conservation and wise use, and other key scientific documentation, which has been developed by either STRP, Parties and others, and is available via the Ramsar website. (Data source: Ramsar web-site).",RAMSAR_OG4.14_46,"number of practical tools and guidance documents for wetland conservation and wise use, and other key scientific documentation, which has been developed by either strp, parties and others, and is available via the ramsar website"
Indicator(s) related to the use of guidance and availability in various language versions.,RAMSAR_OG4.14_47,indicator(s) related to the use of guidance and availability in various language versions
Number of Regional Initiatives successfully implemented. (Data source: National Reports).,RAMSAR_OG4.15_48,number of regional initiatives successfully implemented
% of Parties that have been involved in the development and implementation of a Regional Initiative under the framework of the Convention. (Data source: National Reports).,RAMSAR_OG4.15_49,percentage of parties that have been involved in the development and implementation of a regional initiative under the framework of the convention
% of Parties that have branded World Wetlands Day activities. (Data source: National Reports).,RAMSAR_OG4.16_50,percentage of parties that have branded world wetlands day activities
Number of World Wetland Day activities or events reported to the Secretariat. (Data source: Ramsar CEPA program).,RAMSAR_OG4.16_51,number of world wetland day activities or events reported to the secretariat
Number of internet references to World Wetland Day activities. (Data source: internet analysis).,RAMSAR_OG4.16_52,number of internet references to world wetland day activities
Number of internet references to the Ramsar Convention. (Data source: internet analysis).,RAMSAR_OG4.16_53,number of internet references to the ramsar convention
Number of social media links to World Wetland Day. (Data source: social media analysis).,RAMSAR_OG4.16_54,number of social media links to world wetland day
% of Parties with a) a governmental CEPA National Focal Point and b) a non-governmental National Focal Point (Data source: National Reports).,RAMSAR_OG4.16_55,percentage of parties with a) a governmental cepa national focal point and b) a non-governmental national focal point
% of Parties that have established national action plans for wetland CEPA. (Data source: National Reports).,RAMSAR_OG4.16_56,percentage of parties that have established national action plans for wetland cepa
"Number of centres (visitor centres, interpretation centres, education centres) have been established in Ramsar Sites. (Data source: National Reports).",RAMSAR_OG4.16_57,"number of centres (visitor centres, interpretation centres, education centres) have been established in ramsar sites"
Number of centres at other wetlands. (Data source: National Reports).,RAMSAR_OG4.16_58,number of centres at other wetlands
Indicator(s) related to whether and how wetland conservation and wise-use issues are included formal education programmes.,RAMSAR_OG4.16_59,indicator(s) related to whether and how wetland conservation and wise-use issues are included formal education programmes
% of Contracting Parties that have provided additional financial support through voluntary contributions to non-core funded Convention activities. (National Reports to COP12).,RAMSAR_OG4.17_60,percentage of contracting parties that have provided additional financial support through voluntary contributions to non-core funded convention activities
% of Parties that have received funding support from development assistance agencies for national wetlands conservation and management. (Data source: National Reports).,RAMSAR_OG4.17_61,percentage of parties that have received funding support from development assistance agencies for national wetlands conservation and management
Indicator(s) related to flows of financing related to different aspects of Strategic Plan implementation.,RAMSAR_OG4.17_62,indicator(s) related to flows of financing related to different aspects of strategic plan implementation
Number of Regional Initiatives successfully implemented. (Data source: National Reports).,RAMSAR_OG4.18_63,number of regional initiatives successfully implemented
% of Parties that have been involved in the development and implementation of a Regional Initiative under the framework of the Convention. (Data source: National Reports).,RAMSAR_OG4.18_64,percentage of parties that have been involved in the development and implementation of a regional initiative under the framework of the convention
% of Parties that have established networks including twinning arrangements nationally or internationally for knowledge sharing and training for wetlands that share common features. (Data source: National Reports).,RAMSAR_OG4.18_65,percentage of parties that have established networks including twinning arrangements nationally or internationally for knowledge sharing and training for wetlands that share common features
% of Parties that have effective cooperative management in place for shared wetland systems (for example in shared river basins and coastal zones). (Data source: National Reports).,RAMSAR_OG4.18_66,percentage of parties that have effective cooperative management in place for shared wetland systems (for example in shared river basins and coastal zones)
% of Parties where co-ordination mechanisms for the implementation of MEAs exist at a national level. (Data source: new question for National Reports).,RAMSAR_OG4.18_67,percentage of parties where co-ordination mechanisms for the implementation of meas exist at a national level
Number of Parties which have acceded to the Ramsar Convention. (Data Source: National Reports).,RAMSAR_OG4.18_68,number of parties which have acceded to the ramsar convention
Total number of transboundary Ramsar Sites. (Data source: Ramsar Sites Database).,RAMSAR_OG4.18_69,total number of transboundary ramsar sites
% of Parties that have made an assessment of national and local training needs for the implementation of the Convention. (National Reports to COP12).,RAMSAR_OG4.19_70,percentage of parties that have made an assessment of national and local training needs for the implementation of the convention
"Proportion of the population living below the international poverty line by sex, age, employment status and geographic location (urban/rural)",SDG_G1.1.1_1,"proportion of the population living below the international poverty line by sex, age, employment status and geographic location (urban/rural)"
"Proportion of population living below the national poverty line, by sex and age",SDG_G1.2.1_2,"proportion of population living below the national poverty line, by sex and age"
"Proportion of men, women and children of all ages living in poverty in all its dimensions according to national definitions",SDG_G1.2.2_3,"proportion of men, women and children of all ages living in poverty in all its dimensions according to national definitions"
"Proportion of population covered by social protection floors/systems, by sex, distinguishing children, unemployed persons, older persons, persons with disabilities, pregnant women, newborns, work-injury victims and the poor and the vulnerable",SDG_G1.3.1_4,"proportion of population covered by social protection floors/systems, by sex, distinguishing children, unemployed persons, older persons, persons with disabilities, pregnant women, newborns, work-injury victims and the poor and the vulnerable"
Proportion of population living in households with access to basic services,SDG_G1.4.1_5,proportion of population living in households with access to basic services
"Proportion of total adult population with secure tenure rights to land, (a) with legally recognized documentation, and (b) who perceive their rights to land as secure, by sex and type of tenure",SDG_G1.4.2_6,"proportion of total adult population with secure tenure rights to land, (a) with legally recognized documentation, and (b) who perceive their rights to land as secure, by sex and type of tenure"
"Number of deaths, missing persons and directly affected persons attributed to disasters per 100,000 population",SDG_G1.5.1_7,"number of deaths, missing persons and directly affected persons attributed to disasters per 100,000 population"
Direct economic loss attributed to disasters in relation to global gross domestic product (GDP),SDG_G1.5.2_8,direct economic loss attributed to disasters in relation to global gross domestic product
Number of countries that adopt and implement national disaster risk reduction strategies in line with the Sendai Framework for Disaster Risk Reduction 2015–2030,SDG_G1.5.3_9,number of countries that adopt and implement national disaster risk reduction strategies in line with the sendai framework for disaster risk reduction 2015-2030
Proportion of local governments that adopt and implement local disaster risk reduction strategies in line with national disaster risk reduction strategies,SDG_G1.5.4_10,proportion of local governments that adopt and implement local disaster risk reduction strategies in line with national disaster risk reduction strategies
Total official development assistance grants from all donors that focus on poverty reduction as a share of the recipient country’s gross national income,SDG_G1.a.1_11,total official development assistance grants from all donors that focus on poverty reduction as a share of the recipient country’s gross national income
"Proportion of total government spending on essential services (education, health and social protection)",SDG_G1.a.2_12,"proportion of total government spending on essential services (education, health and social protection)"
Pro-poor public social spending,SDG_G1.b.1_13,pro-poor public social spending
Prevalence of undernourishment,SDG_G2.1.1_14,prevalence of undernourishment
"Prevalence of moderate or severe food insecurity in the population, based on the Food Insecurity Experience Scale (FIES)",SDG_G2.1.2_15,"prevalence of moderate or severe food insecurity in the population, based on the food insecurity experience scale"
Prevalence of stunting (height for age <-2 standard deviation from the median of the world health organization (who) child growth standards) among children under 5 years of age,SDG_G2.2.1_16,prevalence of stunting (height for age <-2 standard deviation from the median of the world health organization (who) child growth standards) among children under 5 years of age
"Prevalence of malnutrition (weight for height >+2 or <-2 standard deviation from the median of the who child growth standards) among children under 5 years of age, by type (wasting and overweight)",SDG_G2.2.2_17,"prevalence of malnutrition (weight for height >+2 or <-2 standard deviation from the median of the who child growth standards) among children under 5 years of age, by type (wasting and overweight)"
"Prevalence of anaemia in women aged 15 to 49 years, by pregnancy status (percentage)",SDG_G2.2.3_18,"prevalence of anaemia in women aged 15 to 49 years, by pregnancy status (percentage)"
Volume of production per labour unit by classes of farming/pastoral/forestry enterprise size,SDG_G2.3.1_19,volume of production per labour unit by classes of farming/pastoral/forestry enterprise size
"Average income of small-scale food producers, by sex and indigenous status",SDG_G2.3.2_20,"average income of small-scale food producers, by sex and indigenous status"
Proportion of agricultural area under productive and sustainable agriculture,SDG_G2.4.1_21,proportion of agricultural area under productive and sustainable agriculture
Number of (a) plant and (b) animal genetic resources for food and agriculture secured in either medium- or long-term conservation facilities,SDG_G2.5.1_22,number of (a) plant and (b) animal genetic resources for food and agriculture secured in either medium- or long-term conservation facilities
Proportion of local breeds classified as being at risk of extinction,SDG_G2.5.2_23,proportion of local breeds classified as being at risk of extinction
The agriculture orientation index for government expenditures,SDG_G2.a.1_24,agriculture orientation index for government expenditures
Total official flows (official development assistance plus other official flows) to the agriculture sector,SDG_G2.a.2_25,total official flows (official development assistance plus other official flows) to the agriculture sector
Agricultural export subsidies,SDG_G2.b.1_26,agricultural export subsidies
Indicator of food price anomalies,SDG_G2.c.1_27,indicator of food price anomalies
Maternal mortality ratio,SDG_G3.1.1_28,maternal mortality ratio
Proportion of births attended by skilled health personnel,SDG_G3.1.2_29,proportion of births attended by skilled health personnel
Under‑5 mortality rate,SDG_G3.2.1_30,under-five child mortality rate
Neonatal mortality rate,SDG_G3.2.2_31,neonatal mortality rate
"Number of new HIV infections per 1,000 uninfected population, by sex, age and key populations",SDG_G3.3.1_32,"number of new hiv infections per 1,000 uninfected population, by sex, age and key populations"
"Tuberculosis incidence per 100,000 population",SDG_G3.3.2_33,"tuberculosis incidence per 100,000 population"
"Malaria incidence per 1,000 population",SDG_G3.3.3_34,"malaria incidence per 1,000 population"
"Hepatitis B incidence per 100,000 population",SDG_G3.3.4_35,"hepatitis b incidence per 100,000 population"
Number of people requiring interventions against neglected tropical diseases,SDG_G3.3.5_36,number of people requiring interventions against neglected tropical diseases
"Mortality rate attributed to cardiovascular disease, cancer, diabetes or chronic respiratory disease",SDG_G3.4.1_37,"mortality rate attributed to cardiovascular disease, cancer, diabetes or chronic respiratory disease"
Suicide mortality rate,SDG_G3.4.2_38,suicide mortality rate
"Coverage of treatment interventions (pharmacological, psychosocial and rehabilitation and aftercare services) for substance use disorders",SDG_G3.5.1_39,"coverage of treatment interventions (pharmacological, psychosocial and rehabilitation and aftercare services) for substance use disorders"
Alcohol per capita consumption (aged 15 years and older) within a calendar year in litres of pure alcohol,SDG_G3.5.2_40,alcohol per capita consumption (aged 15 years and older) within a calendar year in litres of pure alcohol
Death rate due to road traffic injuries,SDG_G3.6.1_41,death rate due to road traffic injuries
Proportion of women of reproductive age (aged 15-49 years) who have their need for family planning satisfied with modern methods,SDG_G3.7.1_42,proportion of women of reproductive age (aged 15-49 years) who have their need for family planning satisfied with modern methods
"Adolescent birth rate (aged 10-14 years; aged 15-19 years) per 1,000 women in that age group",SDG_G3.7.2_43,"adolescent birth rate (aged 10-14 years; aged 15-19 years) per 1,000 women in that age group"
Coverage of essential health services,SDG_G3.8.1_44,coverage of essential health services
Proportion of population with large household expenditures on health as a share of total household expenditure or income,SDG_G3.8.2_45,proportion of population with large household expenditures on health as a share of total household expenditure or income
Mortality rate attributed to household and ambient air pollution,SDG_G3.9.1_46,mortality rate attributed to household and ambient air pollution
"Mortality rate attributed to unsafe water, unsafe sanitation and lack of hygiene (exposure to unsafe Water, Sanitation and Hygiene for All (WASH) services)",SDG_G3.9.2_47,"mortality rate attributed to unsafe water, unsafe sanitation and lack of hygiene (exposure to unsafe water, sanitation and hygiene for all (wash) services)"
Mortality rate attributed to unintentional poisoning,SDG_G3.9.3_48,mortality rate attributed to unintentional poisoning
Age-standardized prevalence of current tobacco use among persons aged 15 years and older,SDG_G3.a.1_49,age-standardized prevalence of current tobacco use among persons aged 15 years and older
Proportion of the target population covered by all vaccines included in their national programme,SDG_G3.b.1_50,proportion of the target population covered by all vaccines included in their national programme
Total net official development assistance to medical research and basic health sectors,SDG_G3.b.2_51,total net official development assistance to medical research and basic health sectors
Proportion of health facilities that have a core set of relevant essential medicines available and affordable on a sustainable basis,SDG_G3.b.3_52,proportion of health facilities that have a core set of relevant essential medicines available and affordable on a sustainable basis
Health worker density and distribution,SDG_G3.c.1_53,health worker density and distribution
International Health Regulations (IHR) capacity and health emergency preparedness,SDG_G3.d.1_54,international health regulations (ihr) capacity and health emergency preparedness
Percentage of bloodstream infections due to selected antimicrobial-resistant organisms,SDG_G3.d.2_55,percentage of bloodstream infections due to selected antimicrobial-resistant organisms
"Proportion of children and young people (a) in grades 2/3; (b) at the end of primary; and (c) at the end of lower secondary achieving at least a minimum proficiency level in (i) reading and (ii) mathematics, by sex",SDG_G4.1.1_56,"proportion of children and young people (a) in grades 2/3; (b) at the end of primary; and (c) at the end of lower secondary achieving at least a minimum proficiency level in (i) reading and (ii) mathematics, by sex"
"Completion rate (primary education, lower secondary education, upper secondary education)",SDG_G4.1.2_57,"completion rate (primary education, lower secondary education, upper secondary education)"
"Proportion of children aged 24–59 months who are developmentally on track in health, learning and psychosocial well-being, by sex",SDG_G4.2.1_58,"proportion of children aged 24-59 months who are developmentally on track in health, learning and psychosocial well-being, by sex"
"Participation rate in organized learning (one year before the official primary entry age), by sex",SDG_G4.2.2_59,"participation rate in organized learning (one year before the official primary entry age), by sex"
"Participation rate of youth and adults in formal and non-formal education and training in the previous 12 months, by sex",SDG_G4.3.1_60,"participation rate of youth and adults in formal and non-formal education and training in the previous 12 months, by sex"
"Proportion of youth and adults with information and communications technology (ICT) skills, by type of skill",SDG_G4.4.1_61,"proportion of youth and adults with information and communications technology (ict) skills, by type of skill"
"Parity indices (female/male, rural/urban, bottom/top wealth quintile and others such as disability status, indigenous peoples and conflict-affected, as data become available) for all education indicators on this list that can be disaggregated",SDG_G4.5.1_62,"parity indices (female/male, rural/urban, bottom/top wealth quintile and others such as disability status, indigenous peoples and conflict-affected, as data become available) for all education indicators on this list that can be disaggregated"
"Proportion of population in a given age group achieving at least a fixed level of proficiency in functional (a) literacy and (b) numeracy skills, by sex",SDG_G4.6.1_63,"proportion of population in a given age group achieving at least a fixed level of proficiency in functional (a) literacy and (b) numeracy skills, by sex"
Extent to which (i) global citizenship education and (ii) education for sustainable development are mainstreamed in (a) national education policies; (b) curricula; (c) teacher education; and (d) student assessment,SDG_G4.7.1_64,"extent to which (i) global citizenship education and (ii) education for sustainable development, including gender equality and human rights, are mainstreamed at all levels in: (a) national education policies, (b) curricula, (c) teacher education and (d) student assessments"
"Proportion of schools offering basic services, by type of service",SDG_G4.a.1_65,"proportion of schools offering basic services, by type of service"
Volume of official development assistance flows for scholarships by sector and type of study,SDG_G4.b.1_66,volume of official development assistance flows for scholarships by sector and type of study
"Proportion of teachers with the minimum required qualifications, by education level",SDG_G4.c.1_67,"proportion of teachers with the minimum required qualifications, by education level"
"Whether or not legal frameworks are in place to promote, enforce and monitor equality and non‑discrimination on the basis of sex",SDG_G5.1.1_68,"whether or not legal frameworks are in place to promote, enforce and monitor equality and non‑discrimination on the basis of sex"
"Proportion of women and girls aged 15 years and older subjected to sexual violence by persons other than an intimate partner in the previous 12 months, by age and place of occurrence",SDG_G5.2.1_69,"proportion of women and girls aged 15 years and older subjected to sexual violence by persons other than an intimate partner in the previous 12 months, by age and place of occurrence"
"Proportion of women and girls aged 15 years and older subjected to sexual violence by persons other than an intimate partner in the previous 12 months, by age and place of occurrence",SDG_G5.2.2_70,"proportion of women and girls aged 15 years and older subjected to sexual violence by persons other than an intimate partner in the previous 12 months, by age and place of occurrence"
Proportion of women aged 20-24 years who were married or in a union before age 15 and before age 18,SDG_G5.3.1_71,proportion of women aged 20-24 years who were married or in a union before age 15 and before age 18
"Proportion of girls and women aged 15-49 years who have undergone female genital mutilation, by age",SDG_G5.3.2_72,"proportion of girls and women aged 15-49 years who have undergone female genital mutilation, by age"
"Proportion of time spent on unpaid domestic and care work, by sex, age and location",SDG_G5.4.1_73,"proportion of time spent on unpaid domestic and care work, by sex, age and location"
Proportion of seats held by women in (a) national parliaments and (b) local governments,SDG_G5.5.1_74,proportion of seats held by women in (a) national parliaments and (b) local governments
Proportion of women in managerial positions,SDG_G5.5.2_75,proportion of women in managerial positions
"Proportion of women aged 15-49 years who make their own informed decisions regarding sexual relations, contraceptive use and reproductive health care",SDG_G5.6.1_76,"proportion of women aged 15-49 years who make their own informed decisions regarding sexual relations, contraceptive use and reproductive health care"
"Number of countries with laws and regulations that guarantee full and equal access to women and men aged 15 years and older to sexual and reproductive health care, information and education",SDG_G5.6.2_77,"number of countries with laws and regulations that guarantee full and equal access to women and men aged 15 years and older to sexual and reproductive health care, information and education"
"Proportion of total agricultural population with ownership or secure rights over agricultural land, by sex",SDG_G5.a.1.a_78,"proportion of total agricultural population with ownership or secure rights over agricultural land, by sex"
"share of women among owners or rights-bearers of agricultural land, by type of tenure",SDG_G5.a.1.b_79,"share of women among owners or rights-bearers of agricultural land, by type of tenure"
Proportion of countries where the legal framework (including customary law) guarantees women’s equal rights to land ownership and/or control,SDG_G5.a.2_80,proportion of countries where the legal framework (including customary law) guarantees women equal rights to land ownership and/or control
"Proportion of individuals who own a mobile telephone, by sex",SDG_G5.b.1_81,"proportion of individuals who own a mobile telephone, by sex"
Proportion of countries with systems to track and make public allocations for gender equality and women’s empowerment,SDG_G5.c.1_82,proportion of countries with systems to track and make public allocations for gender equality and women’s empowerment
Proportion of population using safely managed drinking water services,SDG_G6.1.1_83,proportion of population using safely managed drinking water services
Proportion of population using (a) safely managed sanitation services and (b) a hand-washing facility with soap and water,SDG_G6.2.1_84,proportion of population using (a) safely managed sanitation services and (b) a hand-washing facility with soap and water
Proportion of domestic and industrial wastewater flows safely treated,SDG_G6.3.1_85,proportion of domestic and industrial wastewater flows safely treated
Proportion of bodies of water with good ambient water quality,SDG_G6.3.2_86,proportion of bodies of water with good ambient water quality
Change in water-use efficiency over time,SDG_G6.4.1_87,change in water-use efficiency over time
Level of water stress: freshwater withdrawal as a proportion of available freshwater resources,SDG_G6.4.2_88,level of water stress (freshwater withdrawal as a proportion of available freshwater resources)
Degree of integrated water resources management,SDG_G6.5.1_89,degree of integrated water resources management
Proportion of transboundary basin area with an operational arrangement for water cooperation,SDG_G6.5.2_90,proportion of transboundary basin area with an operational arrangement for water cooperation
Change in the extent of water-related ecosystems over time,SDG_G6.6.1_91,change in the extent of water-related ecosystems over time
Amount of water- and sanitation-related official development assistance that is part of a government-coordinated spending plan,SDG_G6.a.1_92,amount of water- and sanitation-related official development assistance that is part of a government-coordinated spending plan
Proportion of local administrative units with established and operational policies and procedures for participation of local communities in water and sanitation management,SDG_G6.b.1_93,proportion of local administrative units with established and operational policies and procedures for participation of local communities in water and sanitation management
Proportion of population with access to electricity,SDG_G7.1.1_94,proportion of population with access to electricity
Proportion of population with primary reliance on clean fuels and technology,SDG_G7.1.2_95,proportion of population with primary reliance on clean fuels and technology
Renewable energy share in the total final energy consumption,SDG_G7.2.1_96,renewable energy share in the total final energy consumption
Energy intensity measured in terms of primary energy and GDP,SDG_G7.3.1_97,energy intensity measured in terms of primary energy and gross domestic product
"International financial flows to developing countries in support of clean energy research and development and renewable energy production, including in hybrid systems",SDG_G7.a.1_98,"international financial flows to developing countries in support of clean energy research and development and renewable energy production, including in hybrid systems"
Installed renewable energy-generating capacity in developing and developed countries (in watts per capita),SDG_G7.b.1_99,installed renewable energy-generating capacity in developing countries (in watts per capita)
Annual growth rate of real GDP per capita,SDG_G8.1.1_100,annual growth rate of real gross domestic product
Annual growth rate of real GDP per employed person,SDG_G8.2.1_101,annual growth rate of real gross domestic product per employed person
"Proportion of informal employment in total employment, by sector and sex",SDG_G8.3.1_102,"proportion of informal employment in total employment, by sector and sex"
"Material footprint, material footprint per capita, and material footprint per GDP",SDG_G8.4.1_103,"material footprint, material footprint per capita, and material footprint per gross domestic product"
"Domestic material consumption, domestic material consumption per capita, and domestic material consumption per GDP",SDG_G8.4.2_104,"domestic material consumption, domestic material consumption, and domestic material consumption per gross domestic product"
"Average hourly earnings of employees, by sex, age, occupation and persons with disabilities",SDG_G8.5.1_105,"average hourly earnings of employees, by sex, age, occupation and persons with disabilities"
"Unemployment rate, by sex, age and persons with disabilities",SDG_G8.5.2_106,"unemployment rate, by sex, age and persons with disabilities"
"Proportion of youth (aged 15-24 years) not in education, employment or training",SDG_G8.6.1_107,"proportion of youth (aged 15-24 years) not in education, employment or training"
"Proportion and number of children aged 5-17 years engaged in child labour, by sex and age",SDG_G8.7.1_108,"proportion and number of children aged 5-17 years engaged in child labour, by sex and age"
"Fatal and non-fatal occupational injuries per 100,000 workers, by sex and migrant status",SDG_G8.8.1_109,"fatal and non-fatal occupational injuries per 100,000 workers, by sex and migrant status"
"Level of national compliance with labour rights (freedom of association and collective bargaining) based on International Labour Organization (ILO) textual sources and national legislation, by sex and migrant status",SDG_G8.8.2_110,"level of national compliance with labour rights (freedom of association and collective bargaining) based on international labour organization (ilo) textual sources and national legislation, by sex and migrant status"
Tourism direct GDP as a proportion of total GDP and in growth rate,SDG_G8.9.1_111,tourism direct gross domestic product as a proportion of total gross domestic product and in growth rate
"Number of commercial bank branches per 100,000 adults",SDG_G8.10.1.a_112,"number of commercial bank branches per 100,000 adults"
"number of automated teller machines (ATMs) per 100,000 adults",SDG_G8.10.1.b_113,"number of automated teller machines (atms) per 100,000 adults"
Proportion of adults (15 years and older) with an account at a bank or other financial institution or with a mobile-money-service provider,SDG_G8.10.2_114,proportion of adults (15 years and older) with an account at a bank or other financial institution or with a mobile-money-service provider
Aid for Trade commitments and disbursements,SDG_G8.a.1_115,aid for trade commitments and disbursements
"Existence of a developed and operationalized national strategy for youth employment, as a distinct strategy or as part of a national employment strategy",SDG_G8.b.1_116,"existence of a developed and operationalized national strategy for youth employment, as a distinct strategy or as part of a national employment strategy"
Proportion of the rural population who live within 2 km of an all-season road,SDG_G9.1.1_117,proportion of the rural population who live within 2 km of an all-season road
"Passenger and freight volumes, by mode of transport",SDG_G9.1.2_118,"passenger and freight volumes, by mode of transport"
Manufacturing value added as a proportion of GDP and per capita,SDG_G9.2.1_119,manufacturing value added as a proportion of gross domestic product and per capita
Manufacturing employment as a proportion of total employment,SDG_G9.2.2_120,manufacturing employment as a proportion of total employment
Proportion of small-scale industries in total industry value added,SDG_G9.3.1_121,proportion of small-scale industries in total industry value added
Proportion of small-scale industries with a loan or line of credit,SDG_G9.3.2_122,proportion of small-scale industries with a loan or line of credit
CO2 emission per unit of value added,SDG_G9.4.1_123,co2 emission per unit of value added
Research and development expenditure as a proportion of GDP,SDG_G9.5.1_124,research and development expenditure as a proportion of gross domestic product
Researchers (in full-time equivalent) per million inhabitants,SDG_G9.5.2_125,researchers (in full-time equivalent) per million inhabitants
Total official international support (official development assistance plus other official flows) to infrastructure,SDG_G9.a.1_126,total official international support (official development assistance plus other official flows) to infrastructure
Proportion of medium and high-tech industry value added in total value added,SDG_G9.b.1_127,proportion of medium and high-tech industry value added in total value added
"Proportion of population covered by a mobile network, by technology",SDG_G9.c.1_128,"proportion of population covered by a mobile network, by technology"
Growth rates of household expenditure or income per capita among the bottom 40 percent of the population and the total population,SDG_G10.1.1_129,growth rates of household expenditure or income per capita among the bottom 40 percent of the population and the total population
"Proportion of people living below 50 per cent of median income, by sex, age and persons with disabilities",SDG_G10.2.1_130,"proportion of people living below 50 percent of median income, by sex, age and persons with disabilities"
Proportion of population reporting having personally felt discriminated against or harassed in the previous 12 months on the basis of a ground of discrimination prohibited under international human rights law,SDG_G10.3.1_131,proportion of population reporting having personally felt discriminated against or harassed in the previous 12 months on the basis of a ground of discrimination prohibited under international human rights law
Labour share of GDP,SDG_G10.4.1_132,labour share of gross domestic product
Redistributive impact of fiscal policy,SDG_G10.4.2_133,redistributive impact of fiscal policy
Financial Soundness Indicators,SDG_G10.5.1_134,financial soundness indicators
Proportion of members and voting rights of developing countries in international organizations,SDG_G10.6.1_135,proportion of members and voting rights of developing countries in international organizations
Recruitment cost borne by employee as a proportion of monthly income earned in country of destination,SDG_G10.7.1_136,recruitment cost borne by employee as a proportion of monthly income earned in country of destination
"Proportion of countries with migration policies that facilitate orderly, safe, regular and responsible migration and mobility of people",SDG_G10.7.2_137,"proportion of countries with migration policies that facilitate orderly, safe, regular and responsible migration and mobility of people"
Number of people who died or disappeared in the process of migration towards an international destination,SDG_G10.7.3_138,number of people who died or disappeared in the process of migration towards an international destination
"Proportion of the population who are refugees, by country of origin",SDG_G10.7.4_139,"proportion of the population who are refugees, by country of origin"
Proportion of tariff lines applied to imports from least developed countries and developing countries with zero-tariff,SDG_G10.a.1_140,proportion of tariff lines applied to imports from least developed countries and developing countries with zero-tariff
"Total resource flows for development, by recipient and donor countries and type of flow (e.g. official development assistance, foreign direct investment and other flows)",SDG_G10.b.1_141,"total resource flows for development, by recipient and donor countries and type of flow (e.g. official development assistance, foreign direct investment and other flows)"
Remittance costs as a proportion of the amount remitted,SDG_G10.c.1_142,remittance costs as a proportion of the amount remitted
"Proportion of urban population living in slums, informal settlements or inadequate housing",SDG_G11.1.1_143,"proportion of urban population living in slums, informal settlements or inadequate housing"
"Proportion of population that has convenient access to public transport, by sex, age and persons with disabilities",SDG_G11.2.1_144,"proportion of population that has convenient access to public transport, by sex, age and persons with disabilities"
Ratio of land consumption rate to population growth rate,SDG_G11.3.1_145,ratio of land consumption rate to population growth rate
Proportion of cities with a direct participation structure of civil society in urban planning and management that operate regularly and democratically,SDG_G11.3.2_146,proportion of cities with a direct participation structure of civil society in urban planning and management that operate regularly and democratically
"Total per capita expenditure on the preservation, protection and conservation of all cultural and natural heritage, by source of funding (public, private), type of heritage (cultural, natural) and level of government (national, regional, and local/municipal)",SDG_G11.4.1_147,"total per capita expenditure on the preservation, protection and conservation of all cultural and natural heritage, by source of funding (public, private), type of heritage (cultural, natural) and level of government (national, regional, and local/municipal)"
"Number of deaths, missing persons and directly affected persons attributed to disasters per 100,000 population",SDG_G11.5.1_148,"number of deaths, missing persons and directly affected persons attributed to disasters per 100,000 population"
Direct economic loss attributed to disasters in relation to global gross domestic product (GDP),SDG_G11.5.2_149,direct economic loss attributed to disasters in relation to global gross domestic product
Damage to critical infrastructure,SDG_G11.5.3.a_150,damage to critical infrastructure
"number of disruptions to basic services, attributed to disasters",SDG_G11.5.3.b_151,"number of disruptions to basic services, attributed to disasters"
"Proportion of municipal solid waste collected and managed in controlled facilities out of total municipal waste generated, by cities",SDG_G11.6.1_152,"proportion of municipal solid waste collected and managed in controlled facilities out of total municipal waste generated, by cities"
Annual mean levels of fine particulate matter (e.g. PM2.5 and PM10) in cities (population weighted),SDG_G11.6.2_153,annual mean levels of fine particulate matter in cities
"Average share of the built-up area of cities that is open space for public use for all, by sex, age and persons with disabilities",SDG_G11.7.1_154,"average share of the built-up area of cities that is open space for public use for all, by sex, age and persons with disabilities"
"Proportion of persons victim of non-sexual or sexual harassment, by sex, age, disability status and place of occurrence, in the previous 12 months",SDG_G11.7.2_155,"proportion of persons victim of physical or sexual harassment, by sex, age, disability status and place of occurrence, in the previous 12 months"
Number of countries that have national urban policies or regional development plans that (a) respond to population dynamics; (b) ensure balanced territorial development; and (c) increase local fiscal space,SDG_G11.a.1_156,number of countries that have national urban policies or regional development plans that (a) respond to population dynamics; (b) ensure balanced territorial development; and (c) increase local fiscal space
Number of countries that adopt and implement national disaster risk reduction strategies in line with the Sendai Framework for Disaster Risk Reduction 2015–2030,SDG_G11.b.1_157,number of countries that adopt and implement national disaster risk reduction strategies in line with the sendai framework for disaster risk reduction 2015-2030
Proportion of local governments that adopt and implement local disaster risk reduction strategies in line with national disaster risk reduction strategies,SDG_G11.b.2_158,proportion of local governments that adopt and implement local disaster risk reduction strategies in line with national disaster risk reduction strategies
"Number of countries developing, adopting or implementing policy instruments aimed at supporting the shift to sustainable consumption and production",SDG_G12.1.1_160,"number of countries developing, adopting or implementing policy instruments aimed at encouraging and enabling people to make sustainable consumption choices"
"Material footprint, material footprint per capita, and material footprint per GDP",SDG_G12.2.1_161,"material footprint, material footprint per capita, and material footprint per gross domestic product"
"Domestic material consumption, domestic material consumption per capita, and domestic material consumption per GDP",SDG_G12.2.2_162,"domestic material consumption, domestic material consumption, and domestic material consumption per gross domestic product"
Food loss index,SDG_G12.3.1.a_163,food loss index
food waste index,SDG_G12.3.1.b_164,food waste index
"Number of parties to international multilateral environmental agreements on hazardous waste, and other chemicals that meet their commitments and obligations in transmitting information as required by each relevant agreement",SDG_G12.4.1_165,"number of parties to international multilateral environmental agreements on hazardous waste, and other chemicals that meet their commitments and obligations in transmitting information as required by each relevant agreement"
Hazardous waste generated per capita,SDG_G12.4.2.a_166,hazardous waste
"proportion of hazardous waste treated, by type of treatment",SDG_G12.4.2.b_167,"proportion of hazardous waste treated, by type of treatment"
"National recycling rate, tons of material recycled",SDG_G12.5.1_168,"national recycling rate, tons of material recycled"
Number of companies publishing sustainability reports,SDG_G12.6.1_169,number of companies publishing sustainability reports
Number of countries implementing sustainable public procurement policies and action plans,SDG_G12.7.1_170,number of countries implementing sustainable public procurement policies and action plans
Extent to which (i) global citizenship education and (ii) education for sustainable development are mainstreamed in (a) national education policies; (b) curricula; (c) teacher education; and (d) student assessment,SDG_G12.8.1_171,"extent to which (i) global citizenship education and (ii) education for sustainable development, including gender equality and human rights, are mainstreamed at all levels in: (a) national education policies, (b) curricula, (c) teacher education and (d) student assessments"
Installed renewable energy-generating capacity in developing and developed countries (in watts per capita),SDG_G12.a.1_172,installed renewable energy-generating capacity in developing countries (in watts per capita)
Implementation of standard accounting tools to monitor the economic and environmental aspects of tourism sustainability,SDG_G12.b.1_173,implementation of standard accounting tools to monitor the economic and environmental aspects of tourism sustainability
Amount of fossil-fuel subsidies (production and consumption) per unit of GDP,SDG_G12.c.1_174,amount of fossil-fuel subsidies per unit of gross domestic product (production and consumption)
"Number of deaths, missing persons and directly affected persons attributed to disasters per 100,000 population",SDG_G13.1.1_175,"number of deaths, missing persons and directly affected persons attributed to disasters per 100,000 population"
Number of countries that adopt and implement national disaster risk reduction strategies in line with the Sendai Framework for Disaster Risk Reduction 2015–2030,SDG_G13.1.2_176,number of countries that adopt and implement national disaster risk reduction strategies in line with the sendai framework for disaster risk reduction 2015-2030
Proportion of local governments that adopt and implement local disaster risk reduction strategies in line with national disaster risk reduction strategies,SDG_G13.1.3_177,proportion of local governments that adopt and implement local disaster risk reduction strategies in line with national disaster risk reduction strategies
"Number of countries with nationally determined contributions, long-term strategies, national adaptation plans and adaptation communications, as reported to the secretariat of the United Nations Framework Convention on Climate Change",SDG_G13.2.1_178,"number of countries with nationally determined contributions, long-term strategies, national adaptation plans and adaptation communications, as reported to the secretariat of the united nations framework convention on climate change"
Total greenhouse gas emissions per year,SDG_G13.2.2_179,total greenhouse gas emissions per year
Extent to which (i) global citizenship education and (ii) education for sustainable development are mainstreamed in (a) national education policies; (b) curricula; (c) teacher education; and (d) student assessment,SDG_G13.3.1_180,"extent to which (i) global citizenship education and (ii) education for sustainable development, including gender equality and human rights, are mainstreamed at all levels in: (a) national education policies, (b) curricula, (c) teacher education and (d) student assessments"
Amounts provided and mobilized in United States dollars per year in relation to the continued existing collective mobilization goal of the $100 billion commitment through to 2025,SDG_G13.a.1_181,amounts provided and mobilized in united states dollars per year in relation to the continued existing collective mobilization goal of the $100 billion commitment through to 2025
"Number of least developed countries and small island developing States with nationally determined contributions, long-term strategies, national adaptation plans and adaptation communications, as reported to the secretariat of the United Nations Framework Convention on Climate Change",SDG_G13.b.1_182,"number of least developed countries and small island developing states with nationally determined contributions, long-term strategies, national adaptation plans and adaptation communications, as reported to the secretariat of the united nations framework convention on climate change"
Index of coastal eutrophication,SDG_G14.1.1.a_183,index of coastal eutrophication potential (icep)
plastic debris density,SDG_G14.1.1.b_184,plastic debris density
Number of countries using ecosystem-based approaches to managing marine areas,SDG_G14.2.1_185,number of countries using ecosystem-based approaches to managing marine areas
Average marine acidity (pH) measured at agreed suite of representative sampling stations,SDG_G14.3.1_186,average marine acidity (ph) measured at agreed suite of representative sampling stations
Proportion of fish stocks within biologically sustainable levels,SDG_G14.4.1_187,proportion of fish stocks within biologically sustainable levels
Coverage of protected areas in relation to marine areas,SDG_G14.5.1_188,protected area coverage of marine and coastal areas
"Degree of implementation of international instruments aiming to combat illegal, unreported and unregulated fishing",SDG_G14.6.1_189,"degree of implementation of international instruments aiming to combat illegal, unreported and unregulated fishing"
"Sustainable fisheries as a proportion of GDP in small island developing States, least developed countries and all countries",SDG_G14.7.1_190,"sustainable fisheries as a proportion of gross domestic product in small island developing states, least developed countries and all countries"
Proportion of total research budget allocated to research in the field of marine technology,SDG_G14.a.1_191,proportion of total research budget allocated to research in the field of marine technology
Degree of application of a legal/regulatory/ policy/institutional framework which recognizes and protects access rights for small-scale fisheries,SDG_G14.b.1_192,degree of application of a legal/regulatory/ policy/institutional framework which recognizes and protects access rights for small-scale fisheries
"Number of countries making progress in ratifying, accepting and implementing through legal, policy and institutional frameworks, ocean-related instruments that implement international law, as reflected in the United Nations Convention on the Law of the Sea, for the conservation and sustainable use of the oceans and their resources",SDG_G14.c.1_193,"number of countries making progress in ratifying, accepting and implementing through legal, policy and institutional frameworks, ocean-related instruments that implement international law, as reflected in the united nations convention on the law of the sea, for the conservation and sustainable use of the oceans and their resources"
Forest area as a proportion of total land area,SDG_G15.1.1_194,forest area as a percentage of total land area
"Proportion of important sites for terrestrial and freshwater biodiversity that are covered by protected areas, by ecosystem type",SDG_G15.1.2_195,protected area coverage of important sites for terrestrial and freshwater biodiversity
Progress towards sustainable forest management,SDG_G15.2.1_196,progress towards sustainable forest management
Proportion of land that is degraded over total land area,SDG_G15.3.1_197,proportion of land that is degraded over total land area
Coverage by protected areas of important sites for mountain biodiversity,SDG_G15.4.1_198,protected area coverage of important sites for mountain biodiversity
Mountain Green Cover Index,SDG_G15.4.2.a_199,mountain green cover index
proportion of degraded mountain land,SDG_G15.4.2.b_200,proportion of degraded mountain land
Red List Index,SDG_G15.5.1_201,red list index
"Number of countries that have adopted legislative, administrative and policy frameworks to ensure fair and equitable sharing of benefits",SDG_G15.6.1_202,"number of countries that have adopted legislative, administrative and policy frameworks to ensure fair and equitable sharing of benefits"
Proportion of traded wildlife that was poached or illicitly trafficked,SDG_G15.7.1_203,proportion of traded wildlife that was poached or illicitly trafficked
Proportion of countries adopting relevant national legislation and adequately resourcing the prevention or control of invasive alien species,SDG_G15.8.1_204,proportion of countries adopting relevant national legislation and adequately resourcing the prevention or control of invasive alien species
Number of countries that have established national targets in accordance with or similar to Aichi Biodiversity Target 2 of the Strategic Plan for Biodiversity 2011–2020 in their national biodiversity strategy and action plans and the progress reported towards these targets,SDG_G15.9.1.a_205,number of countries that have established national targets in accordance with or similar to aichi biodiversity target 2 of the strategic plan for biodiversity 2011-2020 in their national biodiversity strategy and action plans and the progress reported towards these targets
"integration of biodiversity into national accounting and reporting systems, defined as implementation of the System of Environmental-Economic Accounting",SDG_G15.9.1.b_206,"integration of biodiversity into national accounting and reporting systems, defined as implementation of the system of environmental-economic accounting"
Official development assistance on conservation and sustainable use of biodiversity,SDG_G15.a.1.a_207,official development assistance on conservation and sustainable use of biodiversity
revenue generated and finance mobilized from biodiversity-relevant economic instruments,SDG_G15.a.1.b_208,revenue generated and finance mobilized from biodiversity relevant economic instruments
Official development assistance on conservation and sustainable use of biodiversity,SDG_G15.b.1.a_209,official development assistance on conservation and sustainable use of biodiversity
revenue generated and finance mobilized from biodiversity-relevant economic instruments,SDG_G15.b.1.b_210,revenue generated and finance mobilized from biodiversity relevant economic instruments
Proportion of traded wildlife that was poached or illicitly trafficked,SDG_G15.c.1_211,proportion of traded wildlife that was poached or illicitly trafficked
"Number of victims of intentional homicide per 100,000 population, by sex and age",SDG_G16.1.1_212,"number of victims of intentional homicide per 100,000 population, by sex and age"
"Conflict-related deaths per 100,000 population, by sex, age and cause",SDG_G16.1.2_213,"conflict-related deaths per 100,000 population, by sex, age and cause"
"Proportion of population subjected to (a) physical violence, (b) psychological violence and/or (c) sexual violence in the previous 12 months",SDG_G16.1.3_214,"proportion of population subjected to (a) physical violence, (b) psychological violence and/or (c) sexual violence in the previous 12 months"
Proportion of population that feel safe walking alone around the area they live after dark,SDG_G16.1.4_215,proportion of population that feel safe walking alone around the area they live after dark
Proportion of children aged 1-17 years who experienced any physical punishment and/or psychological aggression by caregivers in the past month,SDG_G16.2.1_216,proportion of children aged 1-17 years who experienced any physical punishment and/or psychological aggression by caregivers in the past month
"Number of victims of human trafficking per 100,000 population, by sex, age and form of exploitation",SDG_G16.2.2_217,"number of victims of human trafficking per 100,000 population, by sex, age and form of exploitation"
Proportion of young women and men aged 18-29 years who experienced sexual violence by age 18,SDG_G16.2.3_218,proportion of young women and men aged 18-29 years who experienced sexual violence by age 18
"Proportion of victims of (a) physical, (b) psychological and/or (c) sexual violence in the previous 12 months who reported their victimization to competent authorities or other officially recognized conflict resolution mechanisms",SDG_G16.3.1_219,"proportion of victims of (a) physical, (b) psychological and/or (c) sexual violence in the previous 12 months who reported their victimization to competent authorities or other officially recognized conflict resolution mechanisms"
Unsentenced detainees as a proportion of overall prison population,SDG_G16.3.2_220,unsentenced detainees as a proportion of overall prison population
"Proportion of the population who have experienced a dispute in the past two years and who accessed a formal or informal dispute resolution mechanism, by type of mechanism",SDG_G16.3.3_221,"proportion of the population who have experienced a dispute in the past two years and who accessed a formal or informal dispute resolution mechanism, by type of mechanism"
Total value of inward and outward illicit financial flows (in current United States dollars),SDG_G16.4.1_222,total value of inward and outward illicit financial flows (in current united states dollars)
"Proportion of seized, found or surrendered arms whose illicit origin or context has been traced or established by a competent authority in line with international instruments",SDG_G16.4.2_223,"proportion of seized, found or surrendered arms whose illicit origin or context has been traced or established by a competent authority in line with international instruments"
"Proportion of persons who had at least one contact with a public official and who paid a bribe to a public official, or were asked for a bribe by those public officials, during the previous 12 months",SDG_G16.5.1_224,"proportion of persons who had at least one contact with a public official and who paid a bribe to a public official, or were asked for a bribe by those public officials, during the previous 12 months"
"Proportion of businesses that had at least one contact with a public official and that paid a bribe to a public official, or were asked for a bribe by those public officials during the previous 12 months",SDG_G16.5.2_225,"proportion of businesses that had at least one contact with a public official and that paid a bribe to a public official, or were asked for a bribe by those public officials during the previous 12 months"
"Primary government expenditures as a proportion of original approved budget, by sector (or by budget codes or similar)",SDG_G16.6.1_226,"primary government expenditures as a proportion of original approved budget, by sector (or by budget codes or similar)"
Proportion of population satisfied with their last experience of public services,SDG_G16.6.2_227,proportion of population satisfied with their last experience of public services
"Proportions of positions in national and local institutions, including (a) the legislatures; (b) the public service; and (c) the judiciary, compared to national distributions, by sex, age, persons with disabilities and population groups",SDG_G16.7.1_228,"proportions of positions in national and local institutions, including (a) the legislatures; (b) the public service; and (c) the judiciary, compared to national distributions, by sex, age, persons with disabilities and population groups"
"Proportion of population who believe decision-making is inclusive and responsive, by sex, age, disability and population group",SDG_G16.7.2_229,"proportion of population who believe decision-making is inclusive and responsive, by sex, age, disability and population group"
Proportion of members and voting rights of developing countries in international organizations,SDG_G16.8.1_230,proportion of members and voting rights of developing countries in international organizations
"Proportion of children under 5 years of age whose births have been registered with a civil authority, by age",SDG_G16.9.1_231,"proportion of children under 5 years of age whose births have been registered with a civil authority, by age"
"Number of verified cases of killing, kidnapping, enforced disappearance, arbitrary detention and torture of journalists, associated media personnel, trade unionists and human rights advocates in the previous 12 months",SDG_G16.10.1_232,"number of verified cases of killing, kidnapping, enforced disappearance, arbitrary detention and torture of journalists, associated media personnel, trade unionists and human rights advocates in the previous 12 months"
"Number of countries that adopt and implement constitutional, statutory and/or policy guarantees for public access to information",SDG_G16.10.2_233,"number of countries that adopt and implement constitutional, statutory and/or policy guarantees for public access to information"
Existence of independent national human rights institutions in compliance with the Paris Principles,SDG_G16.a.1_234,existence of independent national human rights institutions in compliance with the paris principles
Proportion of population reporting having personally felt discriminated against or harassed in the previous 12 months on the basis of a ground of discrimination prohibited under international human rights law,SDG_G16.b.1_235,proportion of population reporting having personally felt discriminated against or harassed in the previous 12 months on the basis of a ground of discrimination prohibited under international human rights law
"Total government revenue as a proportion of GDP, by source",SDG_G17.1.1_236,"total government revenue as a proportion of gross domestic product, by source"
Proportion of domestic budget funded by domestic taxes,SDG_G17.1.2_237,proportion of domestic budget funded by domestic taxes
"Net official development assistance, total and to least developed countries, as a proportion of the Organization for Economic Cooperation and Development (OECD) Development Assistance Committee donors’ gross national income (GNI)",SDG_G17.2.1_238,"net official development assistance, total and to least developed countries, as a proportion of the organization for economic cooperation and development (oecd) development assistance committee donors’ gross national income (gni)"
Additional financial resources mobilized for developing countries from multiple sources,SDG_G17.3.1_239,additional financial resources mobilized for developing countries from multiple sources
Volume of remittances (in United States dollars) as a proportion of total GDP,SDG_G17.3.2_240,volume of remittances (in united states dollars) as a proportion of total gross domestic product
Debt service as a proportion of exports of goods and services,SDG_G17.4.1_241,debt service as a proportion of exports of goods and services
"Number of countries that adopt and implement investment promotion regimes for developing countries, including the least developed countries",SDG_G17.5.1_242,"number of countries that adopt and implement investment promotion regimes for developing countries, including the least developed countries"
"Fixed broadband subscriptions per 100 inhabitants, by speed",SDG_G17.6.1_243,"fixed broadband subscriptions per 100 inhabitants, by speed"
"Total amount of funding for developing countries to promote the development, transfer, dissemination and diffusion of environmentally sound technologies",SDG_G17.7.1_244,"total amount of funding for developing countries to promote the development, transfer, dissemination and diffusion of environmentally sound technologies"
Proportion of individuals using the Internet,SDG_G17.8.1_245,proportion of individuals using the internet
"Dollar value of financial and technical assistance (including through North-South, South‑South and triangular cooperation) committed to developing countries",SDG_G17.9.1_246,"dollar value of financial and technical assistance (including through north-south, south‑south and triangular cooperation) committed to developing countries"
Worldwide weighted tariff-average,SDG_G17.10.1_247,worldwide weighted tariff-average
Developing countries’ and least developed countries’ share of global exports,SDG_G17.11.1_248,developing countries’ and least developed countries’ share of global exports
"Weighted average tariffs faced by developing countries, least developed countries and small island developing States",SDG_G17.12.1_249,"weighted average tariffs faced by developing countries, least developed countries and small island developing states"
Macroeconomic Dashboard,SDG_G17.13.1_250,macroeconomic dashboard
Number of countries with mechanisms in place to enhance policy coherence of sustainable development,SDG_G17.14.1_251,number of countries with mechanisms in place to enhance policy coherence of sustainable development
Extent of use of country-owned results frameworks and planning tools by providers of development cooperation,SDG_G17.15.1_252,extent of use of country-owned results frameworks and planning tools by providers of development cooperation
Number of countries reporting progress in multi-stakeholder development effectiveness monitoring frameworks that support the achievement of the sustainable development goals,SDG_G17.16.1_253,number of countries reporting progress in multi-stakeholder development effectiveness monitoring frameworks that support the achievement of the sustainable development goals
Amount in United States dollars committed to public-private partnerships for infrastructure,SDG_G17.17.1_254,amount in united states dollars committed to public-private partnerships for infrastructure
Statistical capacity indicators,SDG_G17.18.1_255,statistical capacity indicator for sustainable development goal monitoring
Number of countries that have national statistical legislation that complies with the Fundamental Principles of Official Statistics,SDG_G17.18.2_256,number of countries that have national statistical legislation that complies with the fundamental principles of official statistics
"Number of countries with a national statistical plan that is fully funded and under implementation, by source of funding",SDG_G17.18.3_257,"number of countries with a national statistical plan that is fully funded and under implementation, by source of funding"
Dollar value of all resources made available to strengthen statistical capacity in developing countries,SDG_G17.19.1_258,dollar value of all resources made available to strengthen statistical capacity in developing countries
Proportion of countries that (a) have conducted at least one population and housing census in the last 10 years; and (b) have achieved 100 per cent birth registration and 80 per cent death registration,SDG_G17.19.2_259,proportion of countries that (a) have conducted at least one population and housing census in the last 10 years; and (b) have achieved 100 percent birth registration and 80 percent death registration
Trends in land cover,UNCCD_SO1.1_1,trends in land cover
Trends in land productivity or functioning of the land,UNCCD_SO1.1_2,trends in land productivity or functioning of the land
Trends in carbon stocks above and below ground,UNCCD_SO1.1_3,trends in carbon stocks above and below ground
Trends in population living below the relative poverty line and/or income inequality in affected areas,UNCCD_SO2.1_4,trends in population living below the relative poverty line and/or income inequality in affected areas
Trends in access to safe drinking water in affected areas,UNCCD_SO2.2_5,trends in access to safe drinking water in affected areas
Trends in carbon stocks above and below ground,UNCCD_SO4.1_8,trends in carbon stocks above and below ground
Trends in abundance and distribution of selected species,UNCCD_SO4.2_9,trends in abundance and distribution of selected species
Trends in international bilateral and multilateral official development assistance,UNCCD_SO5.1_10,trends in international bilateral and multilateral official development assistance
Trends in domestic public resources,UNCCD_SO5.2_11,trends in domestic public resources
Trends in number of co-financing partners,UNCCD_SO5.3_12,trends in number of co-financing partners
"Resources mobilized from innovative sources of finance, including from the private sector",UNCCD_SO5.4_13,"resources mobilized from innovative sources of finance, including from the private sector"
"Total amount of approved funding for developing countries and countries with economies in transition to promote the development, transfer, dissemination and diffusion of environmentally sound technologies",UNCCD_SO5.5_14,"total amount of funding for developing countries to promote the development, transfer, dissemination and diffusion of environmentally sound technologies"
"Number of science and/or technology cooperation agreements and programmes between countries, by type of cooperation",UNCCD_SO5.6_15,"number of science and/or technology cooperation agreements and programmes between countries, by type of cooperation"
"United States dollar value of financial and technical assistance, including through North–South, South–South and triangular cooperation, committed to developing countries and countries with economies in transition",UNCCD_SO5.7_16,"united states dollar value of financial and technical assistance, including through north-south, south-south and triangular cooperation, committed to developing countries and countries with economies in transition"
greenhouse gas INDEX (National Oceanic and Atmospheric Administration),GEO_2_23_6,greenhouse gas index (national oceanic and atmospheric administration)
Glacier Mass balance,GEO_2_26_7,glacier mass balance
Northern hemisphere (Mar-Apr) snow cover,GEO_2_26_7,northern hemisphere (mar-apr) snow cover
specific humidity,GEO_2_26_7,specific humidity
ocean acidification,GEO_2_26_7,ocean acidification
annual global mean surface temperature,GEO_2_26_7,global mean surface temperature (gmst)
sea surface temperature,GEO_2_26_7,sea surface temperature (sst)
marine air temperature,GEO_2_26_7,marine air temperature
sea level,GEO_2_26_7,sea level
tropospheric temperature,GEO_2_26_7,tropospheric temperature
ocean heat content and specific humidity,GEO_2_26_7,ocean heat content and specific humidity
shrinking of the Arctic ice cover,GEO_2_26_7,shrinking of the arctic ice cover
increase in the global mean sea level,GEO_2_26_7,increase in the global mean sea level
altering of the carbon and biogeochemical cycles,GEO_2_26_7,altering of the carbon and biogeochemical cycles
extent of ice cover,GEO_2_26_7,extent of ice cover
Tropospheric temperature,GEO_2_26_7,tropospheric temperature
sea surface air temperature,GEO_2_26_7,sea surface air temperature
summer Arctic sea-ice extent,GEO_2_26_7,summer arctic sea ice extent
climate related loss events,GEO_2_28_8,climate related loss events
poverty,GEO_3_5_16,poverty
zoonotic disease,GEO_3_5_16,zoonotic disease
nutrition,GEO_3_5_16,nutrition
life expectancy,GEO_3_5_16,life expectancy
economic growth,GEO_3_5_16,economic growth
inclusive societies,GEO_3_5_16,inclusive societies
environmentally friendly policy processes,GEO_3_5_16,environmentally friendly policy processes
Normalized Difference Vegetation INDEX (NDVI),GEO_3_7_18,normalized difference vegetation index (ndvi)
gender-disaggregated agricultural Indices,GEO_3_10_20,gender-disaggregated agricultural indices
agricultural employment and landholders,GEO_3_10_20,agricultural employment and landholders
cross-natrional comparative information on access to and ownership of land,GEO_3_10_20,cross-natrional comparative information on access to and ownership of land
sex-disaggregated burden-of-disease data,GEO_3_10_20,sex-disaggregated burden-of-disease data
underweight children,GEO_3_12_24,underweight children
malnutrition,GEO_3_12_24,malnutrition
food security,GEO_3_12_24,food security index
Global Human Settlement Layer (GHSL),GEO_3_14_30,global human settlement layer (ghsl)
sustainability and/or environmental themes as one of the general goals of education,GEO_4_9_33,sustainability and/or environmental themes as one of the general goals of education
integration of education for sustainable development (ESD) in curricula,GEO_4_9_33,integration of education for sustainable development (esd) in curricula
integration of education for sustainable development (ESD) in higher education,GEO_4_9_33,integration of education for sustainable development (esd) in higher education
loss of mass of mountain glaciers and polar ice sheets,GEO_4_13_34,loss of mass of mountain glaciers and polar ice sheets
sea level rise,GEO_4_13_34,sea level rise
mountain glaciers,GEO_4_13_34,mountain glaciers
polar ice sheets,GEO_4_13_34,polar ice sheets
antimicrobial resistence in pathogens,GEO_4_15_35,antimicrobial resistence in pathogens
toxocological potential of nanoparticals,GEO_4_15_36,toxocological potential of nanoparticals
greenhouse gas emissions,GEO_4_20_39,greenhouse gas emissions
global temperature increase,GEO_4_20_39,global temperature increase
measured concentrations of O in the upper stratospere,GEO_5_17_41,measured concentrations of o in the upper stratospere
ODSs and GHGs,GEO_5_17_41,odss and ghgs
O3 concentration,GEO_5_17_41,o3 concentration
GHG emissions,GEO_5_17_41,ghg emissions
O3 concentration,GEO_5_17_42,o3 concentration
Pressure Ozone Trend,GEO_5_17_42,pressure ozone trend
O recovery,GEO_5_17_42,o recovery
National Oceanic and Atmospheric Administration Annual Greenhouse Gas INDEX (AGGI),GEO_5_18_43,national oceanic and atmospheric administration annual greenhouse gas index (aggi)
Air Pollution Exposure,GEO_5_19_45,air pollution exposure
"years of healthy life lost from heart disease, stroke, lung cancer, chronic lung disease and respiratory infections",GEO_5_19_45,"years of healthy life lost from heart disease, stroke, lung cancer, chronic lung disease and respiratory infections"
exposure to ambient PM,GEO_5_19_45,exposure to ambient pm
"high blood pressure, smoking, low birth weight, high levels of blood sugar",GEO_5_19_45,"high blood pressure, smoking, low birth weight, high levels of blood sugar"
high body mass INDEX,GEO_5_19_45,high body mass index
premature deaths,GEO_5_19_45,premature deaths
exposure to high concentrations of pollutants,GEO_5_19_45,exposure to high concentrations of pollutants
safe level of annual average PM exposure,GEO_5_19_45,safe level of annual average pm exposure
disability-adjusted life years (DALYs) lost,GEO_5_19_45,disability-adjusted life years (dalys) lost
premature deaths in 2016 to household air pollution,GEO_5_19_45,premature deaths in 2016 to household air pollution
Ocean Health Index,GEO_6_8_48,ocean health index
urban growth,GEO_6_8_49,urban growth
land use change,GEO_6_8_49,land use change
habitat loss,GEO_6_8_49,habitat loss
deforestation,GEO_6_8_49,deforestation
road construction,GEO_6_8_49,road construction
Red List Index,GEO_6_15_50,red list index
Living Planet Index,GEO_6_16_52,living planet index
species abundance,GEO_6_16_54,species abundance
IUCN Red List,GEO_6_16_54,red list index
Living Planet Index,GEO_6_16_54,living planet index
Biodiversity Intactness Index,GEO_6_16_55,biodiversity intactness index
invertebrate abundance and biomass,GEO_6_16_56,invertebrate abundance and biomass
Biodiversity Intactness Index,GEO_6_17_57,biodiversity intactness index
Enhanced Vegetation Index,GEO_6_18_58,enhanced vegetation index
land cover change,GEO_6_18_58,land cover change
Arctic Species Trend Index,GEO_6_24_60,arctic species trend index
deforestation rate,GEO_6_26_61,deforestation rate
coral bleaching,GEO_7_7_63,coral bleaching
global atmospheric CO levels,GEO_7_7_63,global atmospheric co levels
CO2 Concentration,GEO_7_7_63,co2 concentration
Marine litter,GEO_7_19_66,marine litter
Index of coastal eutrophication,GEO_7_19_66,index of coastal eutrophication potential (icep)
floating plastic litter density,GEO_7_19_66,plastic debris density
build up area,GEO_8_14_67,build up area
build up area per capita,GEO_8_14_67,build up area
biofuel production,GEO_8_26_75,biofuel production
fertilizer price,GEO_8_26_75,fertilizer price
maize price,GEO_8_26_75,maize price
Wetland area index,GEO_9_16_77,wetland area index
Living Planet Index (migratory fish),GEO_9_18_79,living planet index (migratory fish)
water infrastructure,GEO_9_18_80,water infrastructure
"drinking water supply, treatment and distribution",GEO_9_18_80,"drinking water supply, treatment and distribution"
"provision of safe, reliable drinking water",GEO_9_18_80,"provision of safe, reliable drinking water"
Air Quality Index,GEO_12_12_111,air quality index
US National Ambient Air Quality Standards,GEO_12_12_111,us national ambient air quality standards
Population-weighted annual mean concentration of PM2.5,GEO_12_15_115,population-weighted annual mean concentration of pm2.5
Emissions of ozone-depleting substances,GEO_12_15_115,emissions of ozone-depleting substances
Anthropogenic emissions of long-lived greenhouse gases (CO2 equivalents),GEO_12_15_115,anthropogenic emissions of long-lived greenhouse gases (co2 equivalents)
Exposure to PM concentrations (Population-weighted annual mean concentration of PM2.5),GEO_12_16_117,exposure to pm concentrations (population-weighted annual mean concentration of pm2.5)
PM2.5 emissions,GEO_12_16_119,pm2.5 emissions
SO2 emissions,GEO_12_16_119,so2 emissions
NO emissions,GEO_12_16_119,no emissions
NH3 emissions,GEO_12_16_119,nh3 emissions
emissions of ozone-depleting substances,GEO_12_17_120,emissions of ozone-depleting substances
anthropogenic emissions of long-lived greenhouse gases (GHG emissions),GEO_12_18_121,anthropogenic emissions of long-lived greenhouse gases (ghg emissions)
GHG emissions,GEO_12_18_122,ghg emissions
Global Warming Potential Index,GEO_12_18_122,global warming potential index
Global Temperature Potential,GEO_12_18_124,global temperature potential
City Biodiversity Index,GEO_13_14_128,city biodiversity index
Ecological footprint,GEO_13_14_129,ecological footprint
Global capacity,GEO_13_14_129,global capacity
Proportion of countries adopting relevant national legislation and adequately resourcing the prevention or control of invasive alien species,GEO_13_17_134,proportion of countries adopting relevant national legislation and adequately resourcing the prevention or control of invasive alien species
presense of endemic species,GEO_13_18_135,presense of endemic species
Red List Index (impacts of utilization),GEO_13_18_136,red list index (for utilized species)
Ecological Footprint,GEO_13_19_142,ecological footprint
Biocapacity,GEO_13_19_143,biocapacity
willingness-to-participate,GEO_14_7_145,willingness-to-participate
Coverage of marine protected areas,GEO_14_14_147,coverage of protected areas in relation to marine areas
beach litter,GEO_14_14_151,beach litter
floating plastic debris density,GEO_14_15_152,plastic debris density
beach litter,GEO_14_15_152,beach litter
nutrient pollution,GEO_14_15_152,nutrient pollution
Regional Seas and Action Plans,GEO_14_15_152,regional seas and action plans
floating debris density,GEO_14_15_154,plastic debris density
stranded debris,GEO_14_15_154,stranded debris
Number of Vulnerable Marine Ecosystems,GEO_14_16_155,number of vulnerable marine ecosystems
stock status,GEO_14_16_156,stock status
IUCN Red List of Ecosystems,GEO_14_16_157,red list of ecosystems
Proportion of land degraded over total land area,GEO_15_17_161,proportion of land that is degraded over total land area
Terrestrial protected areas as a percentage of total land area,GEO_15_17_161,proportion of terrestrial protected area as a share of the total land area
Ratio of land consumption rate to population growth rate,GEO_15_17_161,ratio of land consumption rate to population growth rate
soil carbon sequestration,GEO_15_18_165,soil carbon sequestration
terrestrial protected areas as a percentage of total land area,GEO_15_19_166,proportion of terrestrial protected area as a share of the total land area
the proportion of terrestrial protected area as a share of the total land area expressed as a percentage,GEO_15_19_167,proportion of terrestrial protected area as a share of the total land area
Terrestrial protected areas as a percentage of total land area,GEO_15_19_168,proportion of terrestrial protected area as a share of the total land area
deforestation rate,GEO_15_19_169,deforestation rate
impacts of agricultural outpic prices on deforestation rates both inside and outside of protected areas,GEO_15_19_169,impacts of agricultural outpic prices on deforestation rates both inside and outside of protected areas
forest area as a percentage of land area,GEO_15_19_170,forest area as a percentage of total land area
ratio of land consumption rate to population growth rate,GEO_15_20_171,ratio of land consumption rate to population growth rate
Resources per capita invested in human settlement per km2,GEO_15_21_173,resources per capita invested in human settlement per km2
"Percentage of cities with direct participation structure of civil society in urban planning and management, which operate regularly and democratically",GEO_15_21_173,"percentage of cities with direct participation structure of civil society in urban planning and management, which operate regularly and democratically"
Ratio of land consumption rate to urban population growth rate at comparable scale,GEO_15_21_173,ratio of land consumption rate to urban population growth rate at comparable scale
Proportion of population using safely managed drinking water services,GEO_16_14_181,proportion of population using safely managed drinking water services
"Proportion of population using safely managed sanitation services, including a hand-washing facility with soap and water",GEO_16_14_181,proportion of population using safely managed sanitation services
freshwater withdrawal as a proportion of available freshwater resources,GEO_16_14_181,freshwater withdrawal as a proportion of available freshwater resources
Millenium Development Goals Indicators,GEO_16_15_183,millenium development goals indicators
improved/unimproved sources of drinking water,GEO_16_16_184,improved/unimproved sources of drinking water
proportion of the global population using piped water supplies on premises,GEO_16_16_185,proportion of the global population using piped water supplies on premises
proportion of population using an improved drinking water source,GEO_16_16_185,proportion of population using safely managed drinking water services
"Proportion of population using safely managed sanitation services, including a hand-washing facility with soap and water",GEO_16_17_187,proportion of population using safely managed sanitation services
number of people without access to safe sanitation services,GEO_16_17_189,number of people without access to safe sanitation services
improved water supply and sanitation,GEO_16_18_190,improved water supply and sanitation
Level of water stress (freshwater withdrawal as a proportion of available freshwater resources),GEO_16_18_192,level of water stress (freshwater withdrawal as a proportion of available freshwater resources)
Level of water stress,GEO_16_18_193,level of water stress
freshwater change over time,GEO_16_19_194,freshwater change over time
quantity of land area known to have (in)sufficient infrastructure against flooding,GEO_17_8_200,quantity of land area known to have (in)sufficient infrastructure against flooding
number of residents living in floodplains,GEO_17_8_200,number of residents living in floodplains
low-elevation coastal zones,GEO_17_8_200,low-elevation coastal zones
network of communication channels in times of crisis or disaster,GEO_17_8_200,network of communication channels in times of crisis or disaster
drought-resistant vegetation,GEO_17_8_200,drought-resistant vegetation
water- saving devices,GEO_17_8_200,water- saving devices
buffer zones to protect catchment areas,GEO_17_8_200,buffer zones to protect catchment areas
amend policies that lead to destruction of mangroves,GEO_17_8_200,amend policies that lead to destruction of mangroves
laws preventing recycling of water,GEO_17_8_200,laws preventing recycling of water
laws allowing building in vulnerable areas,GEO_17_8_200,laws allowing building in vulnerable areas
land-use models for efficient farming,GEO_17_8_200,land-use models for efficient farming
sustainable fishing practices,GEO_17_8_200,sustainable fishing practices
community awareness,GEO_17_8_200,community awareness
GHG emissions from agriculture,GEO_17_9_201,ghg emissions from agriculture
agricultural emissions from different farming sectors,GEO_17_11_203,agricultural emissions from different farming sectors
proportion of agricultural area under productive and sustainable agriculture,GEO_17_11_203,proportion of agricultural area under productive and sustainable agriculture
sustainability and nutrient efficiency of national dietary outcomes,GEO_17_11_203,sustainability and nutrient efficiency of national dietary outcomes
dietary health and sustainability,GEO_17_11_203,dietary health and sustainability
dietary health and sustainability,GEO_17_12_205,dietary health and sustainability
including annual estimates of national food supplies per capita for each primary commodity and a number of processed commodities that are potentially available for human consumption,GEO_17_12_205,including annual estimates of national food supplies per capita for each primary commodity and a number of processed commodities that are potentially available for human consumption
recommended intake values for the food groups,GEO_17_12_206,recommended intake values for the food groups
energy production,GEO_17_14_210,energy production
energy consumption,GEO_17_14_210,energy consumption
achievement of a circular economic system,GEO_17_20_212,achievement of a circular economic system
sustainable resource management,GEO_17_20_212,sustainable resource management
societal behaviour,GEO_17_20_212,societal behaviour
business operations,GEO_17_20_212,business operations
material flow accounting,GEO_17_20_212,material flow accounting
material flow analysis,GEO_17_20_212,material flow analysis
domestic material consumption,GEO_17_20_213,domestic material consumption
societal behaviour,GEO_17_22_214,societal behaviour
under-five mortality rate,GEO_20_6_228,under-five child mortality rate
PM 2.5 emissions,GEO_20_6_228,pm 2.5 emissions
O3 emissions,GEO_20_6_228,o3 emissions
volatile organic compounds emissions,GEO_20_6_228,volatile organic compounds emissions
PM 10 emissions,GEO_20_6_228,pm 10 emissions
air quality,GEO_20_6_228,air quality
mortality rate attributable to household and ambient air pollution,GEO_20_7_232,mortality rate attributable to household and ambient air pollution
deaths due to unsafe water,GEO_20_7_232,deaths due to unsafe water
sanitation and hygiene,GEO_20_7_232,sanitation and hygiene
mortality from unintentional poisoning,GEO_20_7_232,mortality from unintentional poisoning
percentage of the population exposed to annual mean PM concentrations above the highest interim target of 35 μg/m,GEO_20_8_233,percentage of the population exposed to annual mean pm concentrations above the highest interim target of 35 μg/m
United Nations Framework Convention on Climate Change (UNFCCC),GEO_20_8_233,united nations framework convention on climate change
freshwater withdrawal as a proportion of available freshwater resources,GEO_20_8_234,freshwater withdrawal as a proportion of available freshwater resources
total gobal population living in water scarce areas,GEO_20_8_234,total gobal population living in water scarce areas
marine nutirent pollution,GEO_20_8_234,marine nutirent pollution
Index of Coastal Eutrophication (icep),GEO_20_8_234,index of coastal eutrophication potential (icep)
Floating Plastic Debris Density,GEO_20_8_234,plastic debris density
nutrient runoff into oceans (N and P),GEO_20_8_234,nutrient runoff into oceans (n and p)
trends in the proportion of fish stocks within biologically sustainable levels,GEO_20_8_234,proportion of fish stocks within biologically sustainable levels
proportion of land that is degraded over total land area,GEO_20_8_234,proportion of land that is degraded over total land area
trends in soil organic carbon stock,GEO_20_8_234,soil organic carbon (soc) stocks
number of people living on less than 1.90 USD per day,GEO_21_8_241,number of people living on less than 1.90 usd per day
land-use change,GEO_21_10_246,land-use change
"changes in terrestrial, marine and freshwater vertebrate populations",GEO_21_10_246,"changes in terrestrial, marine and freshwater vertebrate populations"
species dispersal ability,GEO_21_11_248,species dispersal ability
proportion of fish stocks within biologically sustainable levels,GEO_21_17_250,proportion of fish stocks within biologically sustainable levels
projections of global fisheries under an unchanged climate and current management scenario,GEO_21_17_250,projections of global fisheries under an unchanged climate and current management scenario
proportion of fish stocks at or below a target biomass that can undergo recovery,GEO_21_17_250,proportion of fish stocks within biologically sustainable levels
Body mass index,GEO_21_17_251,body mass index
blood pressure,GEO_21_17_251,blood pressure
smoking,GEO_21_17_251,smoking
childhood undernutrition,GEO_21_17_251,childhood undernutrition
alcohol use,GEO_21_17_251,alcohol use
Under-five child mortality,GEO_21_17_252,under-five child mortality rate
under-five mortality,GEO_21_18_253,under-five child mortality rate
beef consumption,GEO_22_8_255,beef consumption
energy-intensity,GEO_22_12_256,energy-intensity
share of low-carbon options,GEO_22_12_256,share of low-carbon options
measure of income,GEO_22_21_257,measure of income
levels of education,GEO_22_21_257,levels of education
low income,GEO_22_21_257,low income
Women and girl’s education,GEO_22_21_257,women and girl’s education
Inclusive and equitable quality education,GEO_22_21_257,inclusive and equitable quality education
child mortality,GEO_22_21_257,child mortality
fertility rates,GEO_22_21_257,fertility rates
democracy,GEO_22_21_257,democracy
universal female education,GEO_22_21_257,universal female education
piped drinking water,GEO_22_21_257,piped drinking water
advanced malaria control,GEO_22_21_257,advanced malaria control
complete phase-out of biomass use for cooking,GEO_22_21_257,complete phase-out of biomass use for cooking
food waste,GEO_23_24_262,food waste index
yield (improvement),GEO_23_24_262,yield (improvement)
agro-biodiversity,GEO_23_24_262,agro-biodiversity
forest and land management,GEO_23_24_262,forest and land management
investment costs of groundwater abstraction and desalination for continued water supply and sanitation of rapidly expanding cities,GEO_23_24_263,investment costs of groundwater abstraction and desalination for continued water supply and sanitation of rapidly expanding cities
wastewater treatment,GEO_23_24_263,wastewater treatment
chemical contaminants,GEO_23_24_263,chemical contaminants
inclusive wealth,IPBES_VA_2_7_9,inclusive wealth
UNDP human development dashboard,IPBES_VA_2_8_10,undp human development dashboard
genuine progress INDICATOR,IPBES_VA_2_8_10,genuine progress indicator
sustainability dashboard,IPBES_VA_2_8_10,sustainability dashboard
genetic diversity,IPBES_VA_2_10_12,genetic diversity
endemic species richness,IPBES_VA_2_10_12,endemic species richness
Gross Domestic Product,IPBES_VA_2_10_12,gross domestic product
environmental awareness,IPBES_VA_2_10_12,environmental awareness
inclusion of historically disadvantaged stakeholders,IPBES_VA_2_10_12,inclusion of historically disadvantaged stakeholders
Willingness-to-pay,IPBES_VA_2_18_19,willingness to pay to protect nature or improve ecosystem services
gross national happiness INDEX,IPBES_VA_2_29_20,gross national happiness index
Willingness-to-give-up-time,IPBES_VA_2_37_25,willingness to allocate time for nature´s contributions to people conservation
Genetic diversity,IPBES_VA_2_38_28,genetic diversity
number of rare or threatened species,IPBES_VA_2_38_28,number of rare or threatened species
structural and functional connectivity of habitat,IPBES_VA_2_38_28,structural and functional connectivity of habitat
proportion of population exposed to air pollution,IPBES_VA_2_38_28,proportion of population exposed to air pollution
photo-rankings,IPBES_VA_2_38_28,photo-rankings
spatial densities of relational values in an area,IPBES_VA_2_38_28,spatial densities of relational values in an area
ethnographic accounts,IPBES_VA_2_38_28,ethnographic accounts
themes in a text representing nature´s values,IPBES_VA_2_38_28,themes in a text representing nature´s values
benefits derived from healthy ecosystems and costs caused by its depletion,IPBES_VA_2_38_28,benefits derived from healthy ecosystems and costs caused by its depletion
stock values of natural capital,IPBES_VA_2_38_28,stock values of natural capital
Gross domestic product (GDP),IPBES_VA_2_38_29,gross domestic product
Index of sustainable economic welfare (ISEW),IPBES_VA_2_38_29,index of sustainable economic welfare (isew)
genuine progress indicator (GPI),IPBES_VA_2_38_29,genuine progress indicator
Sustainable Development Goals index,IPBES_VA_2_38_29,sustainable development goals index
planetary pressures adjusted human development index,IPBES_VA_2_38_29,planetary pressures adjusted human development index (hdi)
sustainable well-being index (SWI),IPBES_VA_2_38_29,sustainable well-being index (swi)
ecological footprint,IPBES_VA_2_38_29,ecological footprint
human appropriation of net primary production,IPBES_VA_2_38_29,human appropriation of net primary productivity
INDEX of Sustainable Economic Welfare,IPBES_VA_2_39_33,index of sustainable economic welfare (isew)
United Nations System of Environmental Economic Accounting,IPBES_VA_2_39_33,united nations system of environmental economic accounting
inclusive wealth,IPBES_VA_2_39_33,inclusive wealth
willingness to allocate time for nature´s contributions to people conservation,IPBES_VA_2_63_45,willingness to allocate time for nature´s contributions to people conservation
willingness to pay for nature´s contributions to people conservation,IPBES_VA_2_63_45,willingness to pay to protect nature or improve ecosystem services
hectares of mangroves,IPBES_VA_2_76_48,mangrove forest area
reduced cost of road construction,IPBES_VA_2_76_48,reduced cost of road construction
reduced cost of road maintenance,IPBES_VA_2_76_48,reduced cost of road maintenance
fewer lives lost,IPBES_VA_2_76_48,fewer lives lost
livelihood dependence,IPBES_VA_3_2_52,livelihood dependence
use of natural resource,IPBES_VA_3_2_52,use of natural resource
peoples’ preferences or spending on safeguarding biodiversity and ecosystem services,IPBES_VA_3_2_52,peoples’ preferences or spending on safeguarding biodiversity and ecosystem services
appearance of new grass in grazing areas,IPBES_VA_3_6_54,appearance of new grass in grazing areas
Biodiversity Intactness INDEX,IPBES_VA_3_26_59,biodiversity intactness index
rate of use of pesticides,IPBES_VA_3_26_59,rate of use of pesticides
rate of wood removal,IPBES_VA_3_26_59,rate of wood removal
management effectiveness in National Protected Areas,IPBES_VA_3_27_60,number of protected area management effectiveness (pame) assessments
corruption perception INDEX,IPBES_VA_3_27_60,corruption perception index
life satisfaction,IPBES_VA_3_41_70,life satisfaction
happiness,IPBES_VA_3_41_70,happiness
number of photos taken by the public in an advert to indicate aesthetic values,IPBES_VA_3_48_73,number of photos taken by the public in an advert to indicate aesthetic values
photo series analysis using social media,IPBES_VA_3_48_73,photo series analysis using social media
number of wildlife pictures posted on a photo-sharing website,IPBES_VA_3_48_73,number of wildlife pictures posted on a photo-sharing website
Global index on indigenous peoples' well-being,IPBES_VA_3_63_79,global index on indigenous peoples' well-being
holistic health model,IPBES_VA_3_63_79,holistic health model
living conditions in the Arctic,IPBES_VA_3_63_79,living conditions in the arctic
willingness to give up access to land or other resources to protect nature,IPBES_VA_3_76_86,willingness to give up access to land or other resources to protect nature
willingness to pay to protect nature or improve ecosystem services,IPBES_VA_3_76_86,willingness to pay to protect nature or improve ecosystem services
costs associated with protecting nature and biodiversity,IPBES_VA_3_76_86,costs associated with protecting nature and biodiversity
costs associated with maintaining NCPs of past or future projects,IPBES_VA_3_76_86,costs associated with maintaining ncps of past or future projects
social welfare function (SWF),IPBES_VA_3_96_97,social welfare function (swf)
Inclusive Wealth,IPBES_VA_3_114_99,inclusive wealth
"The number of countries implementing natural resource accounts, excluding energy, within the system of environmental economic accounting",IPBES_VA_4_28_108,"number of countries implementing natural resource accounts, excluding energy, within the system of environmental economic accounting"
biodiversity in poverty reduction strategies,IPBES_VA_4_28_109,biodiversity in poverty reduction strategies
biophysical inventories of biodiversity and ecosystem services,IPBES_VA_4_28_109,biophysical inventories of biodiversity and ecosystem services
companies with policies for biodiversity-friendly practices,IPBES_VA_4_28_109,companies with policies for biodiversity-friendly practices
national accounts reflecting state of biodiversity and ecosystem services,IPBES_VA_4_28_109,national accounts reflecting state of biodiversity and ecosystem services
number of countries implementing the system of environmental economic accounting,IPBES_VA_4_73_122,number of countries implementing the system of environmental economic accounting
"number of countries that have integrated biodiversity values into national accounting and reporting systems, defined as implementation of the system of environmental-economic accounting (SEEA)",IPBES_VA_4_73_122,"number of countries that have integrated biodiversity values into national accounting and reporting systems, defined as implementation of the system of environmental-economic accounting (seea)"
gross ecosystem product,IPBES_VA_4_89_124,gross ecosystem product
Gross domestic product,IPBES_VA_5_78_136,gross domestic product
Human Development INDEX,IPBES_VA_5_78_136,human development index (hdi)
Genuine Progress INDICATOR (GPI),IPBES_VA_5_78_136,genuine progress indicator
Sustainable Economic Welfare (ISEW),IPBES_VA_5_78_136,sustainable economic welfare (isew)
Sustainable Development INDEX (SDI),IPBES_VA_5_78_136,sustainable development index (sdi)
Inclusive Wealth,IPBES_VA_5_78_136,inclusive wealth
Gross National Happiness INDEX of Bhutan,IPBES_VA_6_21_143,gross national happiness index of bhutan
Genuine Progress INDICATOR,IPBES_VA_6_21_143,genuine progress indicator
green gross domestic product,IPBES_VA_6_22_145,green gross domestic product
"extent to which (i) global citizenship education and (ii) education for sustainable development, including gender equality and human rights, are mainstreamed at all levels in: (a) national education policies, (b) curricula, (c) teacher education and (d) student assessments",IPBES_VA_6_52_152,"extent to which (i) global citizenship education and (ii) education for sustainable development, including gender equality and human rights, are mainstreamed at all levels in: (a) national education policies, (b) curricula, (c) teacher education and (d) student assessments"
gross domestic product,IPBES_VA_6_61_155,gross domestic product
nature risk INDEX,IPBES_VA_6_64_156,nature risk index
climate risk index,IPBES_VA_6_64_156,climate risk index
Gross domestic product (GDP),IPBES_GA_1_19_6,gross domestic product
human development INDEX,IPBES_GA_1_19_6,human development index (hdi)
inclusive wealth,IPBES_GA_1_19_6,inclusive wealth
gross national happiness index,IPBES_GA_1_19_6,gross national happiness index
Human development index (HDI),IPBES_GA_1_31_9,human development index (hdi)
Ecological footprint,IPBES_GA_1_52_19,ecological footprint
Water footprint (Human appropriation of fresh water),IPBES_GA_1_52_19,water footprint
Percentage of category 1 nations in CITES,IPBES_GA_1_52_19,percentage of countries that are category 1 cites parties
Trends in forest extent (tree cover),IPBES_GA_1_52_19,trends in forest extent
"Protected area coverage of Key Biodiversity Areas (including Important Bird and Biodiversity Areas, Alliance for Zero Extinction sites)",IPBES_GA_1_52_19,protected area coverage of key biodiversity areas
Total wood removals,IPBES_GA_1_52_19,total wood removals
Biodiversity Habitat Index,IPBES_GA_1_52_19,biodiversity habitat index
Species Habitat Index,IPBES_GA_1_52_19,species habitat index
Forest area as a percentage of total land area,IPBES_GA_1_52_19,forest area as a percentage of total land area
Trends in fisheries certified by the MSC,IPBES_GA_1_52_19,trends in fisheries certified by the msc
Estimated fisheries catch and fishing effort,IPBES_GA_1_52_19,estimated fisheries catch and fishing effort
Proportion of fish stocks within biologically sustainable levels,IPBES_GA_1_52_19,proportion of fish stocks within biologically sustainable levels
Inland fishery production,IPBES_GA_1_52_19,inland fishery production
Marine Trophic Index,IPBES_GA_1_52_19,marine trophic index (mti)
Proportion of area of forest production under FSC and PEFC certification,IPBES_GA_1_52_19,proportion of area of forest production under fsc and pefc certification
Nitrogen use efficiency,IPBES_GA_1_52_19,nitrogen use efficiency
Nitrogen + Phosphate Fertilizers (N+P205 total nutrients),IPBES_GA_1_52_19,nitrogen + phosphate fertilizers (n+p205 total nutrients)
Trends in pesticide use,IPBES_GA_1_52_19,trends in pesticide use
Trends in nitrogen deposition,IPBES_GA_1_52_19,trends in nitrogen deposition
Species protection index,IPBES_GA_1_52_19,species protection index
Protected area management effectiveness,IPBES_GA_1_52_19,protected area management effectiveness (pame)
Protected Area Connectedness Index,IPBES_GA_1_52_19,protected area connectedness (parc-connectedness) index
"Percentage of areas covered by protected areas- marine, coastal, terrestrial, inland water",IPBES_GA_1_52_19,protected area coverage
Biodiversity Intactness Index,IPBES_GA_1_52_19,biodiversity intactness index
Red list index,IPBES_GA_1_52_19,red list index
Species habitat index,IPBES_GA_1_52_19,species habitat index
"Proportion of local breeds, classified as being at risk, not-at-risk or unknown level of risk of extinction",IPBES_GA_1_52_19,proportion of local breeds classified as being at risk of extinction
inland fishery production,IPBES_GA_1_52_19,inland fishery production
Percentage of undernourished people,IPBES_GA_1_52_19,percentage of undernourished people
Number of countries with developed or revised NBSAPs,IPBES_GA_1_52_19,number of countries with developed or revised nbsaps
Proportion of known species assessed through the IUCN red list,IPBES_GA_1_52_19,proportion of known species assessed through the red list index
species status index,IPBES_GA_1_52_19,species status index
Living planet index,IPBES_GA_1_52_19,living planet index
"Number of countries with national instruments on biodiversity-relevant taxes, charges and fees",IPBES_GA_1_52_19,"number of countries with national instruments on biodiversity relevant taxes, charges and fees"
Number of countries with national instruments on REDD plus schemes,IPBES_GA_1_52_19,number of countries with national instruments on redd plus schemes
Trends in potentially harmful elements of government support to agriculture (produced support estimates),IPBES_GA_1_52_19,trends in potentially harmful elements of government support to agriculture (produced support estimates)
Trends in potentially harmful elements of government support to fisheries,IPBES_GA_1_52_19,trends in potentially harmful elements of government support to fisheries
Number of countries with national instruments on biodiversity relevant tradable permit schemes,IPBES_GA_1_52_19,number of countries with national instruments on biodiversity relevant tradable permit schemes
Human appropriation of net primary productivity,IPBES_GA_1_52_19,human appropriation of net primary productivity
Trend in Carbon Intensity,IPBES_GA_1_52_19,trend in carbon intensity
Global climate risk Index,IPBES_GA_1_52_19,global climate risk index
Westland Extent Trend Index,IPBES_GA_1_52_19,wetland extent trends index
Global effort in bottom trawling,IPBES_GA_1_52_19,global effort in bottom-trawling
Number and coverage of stocks with adaptive management systems/plans,IPBES_GA_1_52_19,number and coverage of stocks with adaptive management systems/plans
Presence of regulations requiring recovery of depleted species,IPBES_GA_1_52_19,presence of regulations requiring recovery of depleted species
Policies to secure that mortalities and significant indirect adverse impacts on non-target species are accounted for are in place,IPBES_GA_1_52_19,policies to secure that mortalities and significant indirect adverse impacts on non-target species are accounted for are in place
Policies make adequate provisions to minimize impacts of fisheries on threatened species,IPBES_GA_1_52_19,policies make adequate provisions to minimize impacts of fisheries on threatened species
Coverage of fisheries with management measures to reduce bycatch and discards,IPBES_GA_1_52_19,coverage of fisheries with management measures to reduce bycatch and discards
Proportion of predatory fish,IPBES_GA_1_52_19,proportion of predatory fish
Mean length of fish,IPBES_GA_1_52_19,mean length of fish
BioTime-Local Species Richness,IPBES_GA_1_52_19,biotime-local species richness
Temporal Species Turnover,IPBES_GA_1_52_19,temporal species turnover
Overall Species Abundance,IPBES_GA_1_52_19,overall species abundance
Non declining exploited species,IPBES_GA_1_52_19,non declining exploited species
Number of world natural heritage sites per country per year,IPBES_GA_1_52_19,number of world natural heritage sites per country per year
Nitrogen use balance,IPBES_GA_1_52_19,nitrogen use balance
Areas of agricultural land under convervation agriculture,IPBES_GA_1_52_19,area of agricultural land under conservation
Proportion of agricultural area under productive and sustainable agriculture,IPBES_GA_1_52_19,proportion of agricultural area under productive and sustainable agriculture
Trends in the numbers of invasive alien species introduction events,IPBES_GA_1_52_19,trends in the numbers of invasive alien species introduction events
Trends in invasive alien species vertebrate eradications,IPBES_GA_1_52_19,trends in invasive alien species vertebrate eradications
"Protected area coverage of terrestrial, marine and freshwater ecoregions",IPBES_GA_1_52_19,"protected area coverage of terrestrial, marine and freshwater ecoregions"
Protected Area Representativeness Index,IPBES_GA_1_52_19,protected area representativeness index
Wildlife Picture Index,IPBES_GA_1_52_19,wildlife picture index
Mean Species Abundance,IPBES_GA_1_52_19,mean species abundance (msa)
Number of species extinctions,IPBES_GA_1_52_19,number of species extinctions
RAMSAR sites,IPBES_GA_1_52_19,ramsar sites
Better life index,IPBES_GA_1_52_19,better life index
Percentage of population using safely managed drinking water services,IPBES_GA_1_52_19,percentage of population using safely managed drinking water services
Wetland Extent Trend Index,IPBES_GA_1_52_19,wetland extent trends index
Land under cereal production (ha),IPBES_GA_1_52_19,land under cereal production (ha)
Global Ecosystem Restoration Index,IPBES_GA_1_52_19,global ecosystem restoration index
"Number of countries that have adopted legislative, administrative and policy frameworks to ensure fair and equitable sharing of benefits",IPBES_GA_1_52_19,"number of countries that have adopted legislative, administrative and policy frameworks to ensure fair and equitable sharing of benefits"
Global Index of Linguistic Diversity and language threat level,IPBES_GA_1_52_19,global linguistic diversity index and language threat level
Growth in species occurrence records accessible through GBIF,IPBES_GA_1_52_19,species occurrence records accessible through the global biodiversity information facility
Species represented in the barcode of life data system,IPBES_GA_1_52_19,species represented in the barcode of life data system
"Information provided through the financial reporting framework, adopted by decision XII/3 
",IPBES_GA_1_52_19,"information provided through the financial reporting framework, adopted by decision xii/3"
GDP per capita,IPBES_GA_2_20_26,gross domestic product
Child mortality,IPBES_GA_2_22_28,child mortality
caloric intake,IPBES_GA_2_22_28,caloric intake
per capita consumption,IPBES_GA_2_22_28,per capita consumption
value of merchandise being exported,IPBES_GA_2_22_28,value of merchandise being exported
mortality rate under 5,IPBES_GA_2_24_29,mortality rate under 5
Human development index,IPBES_GA_2_24_29,human development index (hdi)
calorie intake,IPBES_GA_2_24_29,caloric intake
GDP per capita,IPBES_GA_2_24_29,gross domestic product
Globalization index,IPBES_GA_2_24_29,globalization index
Domestic material consumption per capita,IPBES_GA_2_24_29,domestic material consumption
merchandise exports,IPBES_GA_2_24_29,merchandise exports
total population,IPBES_GA_2_24_29,total population
proportion of urban population,IPBES_GA_2_24_29,proportion of urban population
International migrant stock,IPBES_GA_2_24_29,international migrant stock
Absence of conflict as indicator of political stability,IPBES_GA_2_24_29,absence of conflict as indicator of political stability
Protection of key biodiversity areas,IPBES_GA_2_24_29,protection of key biodiversity areas
human development index,IPBES_GA_2_22_30,human development index (hdi)
income,IPBES_GA_2_25_31,income
life expectancy at birth,IPBES_GA_2_25_31,life expectancy
average number of years of schooling,IPBES_GA_2_25_31,average number of years of schooling
World happiness index,IPBES_GA_2_25_34,world happiness index
Social progress index,IPBES_GA_2_25_34,social progress index
Environmental performance index,IPBES_GA_2_25_34,environmental performance index
Environmental Component of the Social Sustainability INDEX,IPBES_GA_2_25_34,environmental component of the social sustainability index
index of linguistic diversity,IPBES_GA_2_41_36,linguistic diversity index
Fertilizer use,IPBES_GA_2_83_42,fertilizer use
Land use change,IPBES_GA_2_83_42,land use change
Extraction of living biomass,IPBES_GA_2_83_42,extraction of living biomass
Extraction of non-living materials,IPBES_GA_2_83_42,extraction of non-living materials
Greenhouse gas emissions,IPBES_GA_2_83_42,greenhouse gas emissions
Air pollution,IPBES_GA_2_83_42,air pollution
Alien species richness,IPBES_GA_2_83_42,alien species richness
Access to improved sanitation facilities,IPBES_GA_2_109_44,access to improved sanitation facilities
Water quality index (WATQI),IPBES_GA_2_110_45,water quality index (watqi)
Biodiversity Intactness index,IPBES_GA_2_117_46,biodiversity intactness index
Total land footprint,IPBES_GA_2_118_47,total land footprint
percentage of abroad land use footprint,IPBES_GA_2_118_47,percentage of abroad land use footprint
percentage of agricultural and urban areas,IPBES_GA_2_118_47,percentage of agricultural and urban areas
Extraction of non-human materials,IPBES_GA_2_118_47,extraction of non-human materials
Total GHG emissions,IPBES_GA_2_118_47,total greenhouse gas emissions per year
Alien species,IPBES_GA_2_118_47,alien species
Biomass of prey fish,IPBES_GA_2.2_1_50,biomass of prey fish
Terrestrial vegetation biomass,IPBES_GA_2.2_1_50,terrestrial vegetation biomass
extent of forests,IPBES_GA_2.2_1_50,extent of forests
area of tree cover,IPBES_GA_2.2_1_50,tree cover
total extinction risk,IPBES_GA_2.2_1_50,extinction risk
time needed to harvest resources,IPBES_GA_2.2_5_55,time needed to harvest resources
distance travelled to harvest resources,IPBES_GA_2.2_5_55,distance travelled to harvest resources
culturally salient species,IPBES_GA_2.2_5_55,culturally salient species
native newcomer species arrive,IPBES_GA_2.2_5_55,native newcomer species arrive
new pests and invasive alien species colonize,IPBES_GA_2.2_5_55,new pests and invasive alien species colonize
forests and grazing lands loss,IPBES_GA_2.2_5_55,forests and grazing lands loss
remnant ecosystems degrade,IPBES_GA_2.2_5_55,remnant ecosystems degrade
health condition and body size of wild animals decrease,IPBES_GA_2.2_5_55,health condition and body size of wild animals decrease
tropical forest-monocrop conversions,IPBES_GA_2.2_6_56,tropical forest-monocrop conversions
expansion of settlements,IPBES_GA_2.2_6_56,expansion of settlements
discontinued traditional land-management practices,IPBES_GA_2.2_6_56,discontinued traditional land-management practices
droughts,IPBES_GA_2.2_6_56,droughts
increasingly unpredictable annual distribution of rainfall,IPBES_GA_2.2_6_56,increasingly unpredictable annual distribution of rainfall
arrival of new native and alien species,IPBES_GA_2.2_6_56,arrival of new native and alien species
changing range of wild species,IPBES_GA_2.2_6_56,changing range of wild species
floods,IPBES_GA_2.2_6_56,floods
overexploitation of resources by outsiders and locals,IPBES_GA_2.2_6_56,overexploitation of resources by outsiders and locals
Total richness of endemic species,IPBES_GA_2.2_21_61,total richness of endemic species
range-size rarity,IPBES_GA_2.2_21_61,range-size rarity
endemism richness,IPBES_GA_2.2_21_61,endemism richness
weighted endemisms,IPBES_GA_2.2_21_61,weighted endemisms
Soil organic carbon,IPBES_GA_2.2_37_70,soil organic carbon
Fraction of ocean not fished per year,IPBES_GA_2.2_37_70,fraction of ocean not fished per year
Extent of marine wilderness,IPBES_GA_2.2_37_70,extent of marine wilderness
Leaf area index,IPBES_GA_2.2_37_70,leaf area index (lai)
Tree cover,IPBES_GA_2.2_37_70,tree cover
Vegetation biomass,IPBES_GA_2.2_37_70,vegetation biomass
Permanent surface water extent,IPBES_GA_2.2_37_70,permanent surface water extent
Aboveground biomass,IPBES_GA_2.2_37_70,above-ground biomass
BHI (overall habitat integrity),IPBES_GA_2.2_37_70,biodiversity habitat index
Land not cultivated or urban (indigenous Lands),IPBES_GA_2.2_37_70,land not cultivated or urban (indigenous lands)
Land not cultivated or urban (Hotspots),IPBES_GA_2.2_37_70,land not cultivated or urban (hotspots)
Land not cultivated or urban (global),IPBES_GA_2.2_37_70,land not cultivated or urban
Natural habitat extent,IPBES_GA_2.2_37_70,extent of suitable habitat
Extent of forests,IPBES_GA_2.2_37_70,extent of forests
Mangrove forest area,IPBES_GA_2.2_37_70,mangrove forest area
Remaining primary vegetation (Indigenous Lands),IPBES_GA_2.2_37_70,remaining primary vegetation (indigenous lands)
Coastal protection habitats,IPBES_GA_2.2_37_70,coastal protection habitats
Percentage live coral cover,IPBES_GA_2.2_37_70,live coral cover
remaining primary vegetations,IPBES_GA_2.2_37_70,remaining primary vegetation
Extent of terrestrial wilderness,IPBES_GA_2.2_37_70,extent of terrestrial wilderness
Extent of intact forest landscapes,IPBES_GA_2.2_37_70,extent of intact forest landscapes
Coastal carbon-rich habitat,IPBES_GA_2.2_37_70,coastal carbon-rich habitat
Wetland extent trends index,IPBES_GA_2.2_37_70,wetland extent trends index
Seagrass meadow area,IPBES_GA_2.2_37_70,seagrass meadow area
Mean annual change in aboveground biomass,IPBES_GA_2.2_37_70,mean annual change in above-ground biomass
Biomass turnover rate,IPBES_GA_2.2_37_70,biomass turnover rate
Oceanic carbon sequestration,IPBES_GA_2.2_37_70,oceanic carbon sequestration
Terrestrial C sequestration,IPBES_GA_2.2_37_70,terrestrial c sequestration
Marine NPP,IPBES_GA_2.2_37_70,marine net primary production
Terrestrial NPP,IPBES_GA_2.2_37_70,terrestrial net primary production
NPP remaining in ecosystems,IPBES_GA_2.2_37_70,net primary production
Evapotranspiration,IPBES_GA_2.2_37_70,evapotranspiration
Biological pump efficiency,IPBES_GA_2.2_37_70,biological pump efficiency
Local species richness,IPBES_GA_2.2_37_70,local species richness
Mean Species abundance Index,IPBES_GA_2.2_37_70,mean species abundance (msa)
Tropical forest BII (Indigenous Lands),IPBES_GA_2.2_37_70,"biodiversity intactness index (tropical forest, indigenous lands)"
Tropical forest BII (overall),IPBES_GA_2.2_37_70,biodiversity intactness index (tropical forest)
Tropical forest BII (hotspots),IPBES_GA_2.2_37_70,"biodiversity intactness index (tropical forest, hotspots)"
Cumulative number of alien species,IPBES_GA_2.2_37_70,cumulative introduced invasive aliens
Cumulative introduced invasive aliens,IPBES_GA_2.2_37_70,cumulative introduced invasive aliens
Bird species per grid cell,IPBES_GA_2.2_37_70,bird species per grid cell
Species richness per grid cell,IPBES_GA_2.2_37_70,species richness per grid cell
Forest-specialist bird species per grid cell,IPBES_GA_2.2_37_70,forest-specialist bird species per grid cell
Functional intactness,IPBES_GA_2.2_37_70,functional intactness (madingley)
Global mammal & bird species remaining,IPBES_GA_2.2_37_70,global mammal and bird species remaining
Red List Index,IPBES_GA_2.2_37_70,red list index
Mammalian range size,IPBES_GA_2.2_37_70,mammalian range size
Megafaunal range size,IPBES_GA_2.2_37_70,megafaunal range size
Species Habitat index,IPBES_GA_2.2_37_70,species habitat index
Extent of suitable habitat,IPBES_GA_2.2_37_70,extent of suitable habitat
wild mammal biomass,IPBES_GA_2.2_37_70,wild mammal biomass
prey fish biomass,IPBES_GA_2.2_37_70,prey fish biomass
fish stocks biologically sustainable,IPBES_GA_2.2_37_70,proportion of fish stocks within biologically sustainable levels
Wild Bird Index,IPBES_GA_2.2_37_70,wild bird index
Predatory fish biomass,IPBES_GA_2.2_37_70,predatory fish biomass
seagrass meadow area,IPBES_GA_2.2_38_74,seagrass meadow area
mangrove forest area,IPBES_GA_2.2_38_74,mangrove forest area
live coral cover on reefs,IPBES_GA_2.2_38_74,live coral cover
Ocean health index,IPBES_GA_2.2_38_74,ocean health index
Biodiversity habitat index,IPBES_GA_2.2_39_75,biodiversity habitat index
Wetland extent trend index,IPBES_GA_2.2_39_75,wetland extent trends index
Aboveground biomass,IPBES_GA_2.2_39_76,above-ground biomass
Tree cover,IPBES_GA_2.2_40_77,tree cover
Extent of forests,IPBES_GA_2.2_40_78,extent of forests
Leaf area index,IPBES_GA_2.2_40_79,leaf area index (lai)
Terrestrial Net Primary Production NPP,IPBES_GA_2.2_42_82,terrestrial net primary production
material NCP,IPBES_GA_2.2_42_82,material ncp
BioTime Species richness indicator,IPBES_GA_2.2_45_85,biotime species richness indicator
PREDICTS species-richness INDICATOR,IPBES_GA_2.2_45_85,local species richness (predicts)
Biodiversity Intactness INDEX,IPBES_GA_2.2_45_87,biodiversity intactness index
Biodiversity Intactness Index,IPBES_GA_2.2_46_88,biodiversity intactness index
Mean species abundance,IPBES_GA_2.2_46_88,mean species abundance (msa)
Species richness per grid cell,IPBES_GA_2.2_47_90,species richness per grid cell
Average functional intactness,IPBES_GA_2.2_47_90,functional intactness (madingley)
Red List INDEX,IPBES_GA_2.2_51_92,red list index
red list index (internationally traded species),IPBES_GA_2.2_51_92,red list index (internationally traded species)
red list index (pollinators),IPBES_GA_2.2_51_92,red list index (pollinators)
red list index (species used for food and medicine),IPBES_GA_2.2_51_92,red list index (for utilized species)
red list index (wild relatives of farmed and domesticated species),IPBES_GA_2.2_51_92,red list index (wild relatives of farmed and domesticated species)
Biodiversity Habitat Index,IPBES_GA_2.2_52_95,biodiversity habitat index
Marine trophic index,IPBES_GA_2.2_59_101,marine trophic index (mti)
Human Footprint,IPBES_GA_2.2_62_105,human footprint
trends of populations of palatable or unpalatable species,IPBES_GA_2.2_63_107,trends of populations of palatable or unpalatable species
culturally salient wild species populations,IPBES_GA_2.2_65_113,culturally salient species
time needed or distance travelled to harvest resources,IPBES_GA_2.2_65_113,distance travelled to harvest resources
native newcomer species,IPBES_GA_2.2_65_113,native newcomer species arrive
opening up of forest canopy,IPBES_GA_2.2_65_113,opening up of forest canopy
"less biomass, more annuals and shrubs on pastures",IPBES_GA_2.2_65_113,"less biomass, more annuals and shrubs on pastures"
proportion of unpalatable plants on rangelands,IPBES_GA_2.2_65_113,proportion of unpalatable plants on rangelands
condition and size of wild animals,IPBES_GA_2.2_65_113,condition and size of wild animals
IUCN red list of threatened species,IPBES_GA_2.2_70_120,red list index
Proportion of fish stocks within sustainable levels,IPBES_GA_2.2_70_120,proportion of fish stocks within biologically sustainable levels
mean length of fish,IPBES_GA_2.2_70_120,mean length of fish
local species richness,IPBES_GA_2.2_70_120,local species richness
NPP,IPBES_GA_2.2_70_120,net primary production
Mangrove forest cover,IPBES_GA_2.2_70_120,mangrove forest area
Percentage of live coral cover,IPBES_GA_2.2_70_120,percentage of live coral cover
Adverse changes in woody or shrubby vegetation,IPBES_GA_2.2_81_123,adverse changes in woody or shrubby vegetation
adverse changes of unpalatable species,IPBES_GA_2.2_81_123,adverse changes of unpalatable species
Global cover of mangroves,IPBES_GA_2.2_91_124,global cover of mangroves
hallow coral reefs,IPBES_GA_2.2_91_124,hallow coral reefs
live coral cover,IPBES_GA_2.2_91_124,live coral cover
severe global bleaching events,IPBES_GA_2.2_91_124,severe global bleaching events
pollinator diversity,IPBES_GA_2.3_2_125,pollinator diversity
Species used for medicine,IPBES_GA_2.3_22_127,species used for medicine
Crops and their dietary roles,IPBES_GA_2.3_22_127,crops and their dietary roles
Forest and its role in protecting water sources,IPBES_GA_2.3_22_127,forest and its role in protecting water sources
behavior of animals with importance as food,IPBES_GA_2.3_22_127,behavior of animals with importance as food
changes in crop phenology,IPBES_GA_2.3_22_127,changes in crop phenology
development of crop varieties or landraces,IPBES_GA_2.3_22_127,development of crop varieties or landraces
Visitation to national parks,IPBES_GA_2.3_32_132,visitation to national parks
Visitation to urban green spaces,IPBES_GA_2.3_32_132,visitation to urban green spaces
Connection to land,IPBES_GA_2.3_36_133,connection to land
Connection to sea,IPBES_GA_2.3_36_133,connection to sea
"Terrestrial Net Primary Productivity, evapotranspiration",IPBES_GA_2.3_39_137,terrestrial net primary production
Bare area,IPBES_GA_2.3_39_137,bare area
Soil organic carbon,IPBES_GA_2.3_39_137,soil organic carbon
Area of Floodplain Wetlands,IPBES_GA_2.3_39_137,area of floodplain wetlands
Net Primary Productivity in Forests and on Cultivated Land,IPBES_GA_2.3_39_137,net primary productivity in forests and on cultivated land
Cultivated area,IPBES_GA_2.3_39_137,cultivated area
Aboveground biomass in forests,IPBES_GA_2.3_39_137,above-ground biomass in forests
Medicinal Species as a Fraction of Total Vascular Plant Species,IPBES_GA_2.3_39_137,medicinal species as a fraction of total vascular plant species
Geographical Overlay of Linguistic Diversity and Biodiversity,IPBES_GA_2.3_39_137,geographical overlay of linguistic diversity and biodiversity
Rate of land use change,IPBES_GA_2.3_39_137,rate of land use change
Population size,IPBES_GA_2.3_40_140,population size
Spatial distribution,IPBES_GA_2.3_40_140,spatial distribution of species
Animal behavior,IPBES_GA_2.3_40_140,animal behavior
Phenology of economically and/or culturally important wild plant and animal species,IPBES_GA_2.3_40_140,phenology of economically and/or culturally important wild plant and animal species
catch per unit effort,IPBES_GA_2.3_40_140,catch per unit effort
distance travelled to reach a resource,IPBES_GA_2.3_40_140,distance travelled to harvest resources
health of the soil,IPBES_GA_2.3_40_140,health of the soil
density of preferred and palatable species,IPBES_GA_2.3_40_140,density of preferred and palatable species
health of the forest,IPBES_GA_2.3_41_142,health of the forest
encounter rates with supernatural forest dwelling entities,IPBES_GA_2.3_41_142,encounter rates with supernatural forest dwelling entities
Water availability,IPBES_GA_2.3_42_143,water availability
Water available for people relative to demand,IPBES_GA_2.3_42_143,water available for people relative to demand
Extent of ecosystems that filter or add constituent components to water,IPBES_GA_2.3_42_143,extent of ecosystems that filter or add constituent components to water
Reduced concentration of pollutants in water,IPBES_GA_2.3_42_143,reduced concentration of pollutants in water
Avoided water treatment costs,IPBES_GA_2.3_42_143,avoided water treatment costs
Reduced incidence of water borne disease,IPBES_GA_2.3_42_143,reduced incidence of water borne disease
Extent of suitable habitat,IPBES_GA_2.3_42_143,extent of suitable habitat
Biodiversity intactness index,IPBES_GA_2.3_42_143,biodiversity intactness index
Pollinator diversity,IPBES_GA_2.3_42_143,pollinator diversity
Abundance of managed and wild pollinators,IPBES_GA_2.3_42_143,abundance of managed and wild pollinators
Health associated with intake of pollinator dependent foods,IPBES_GA_2.3_42_143,health associated with intake of pollinator dependent foods
Natural habitat in agriculture,IPBES_GA_2.3_42_143,natural habitat in agriculture
Pollen deposition,IPBES_GA_2.3_42_143,pollen deposition
Retention and prevented emissions of air pollutants by ecosystems,IPBES_GA_2.3_42_143,retention and prevented emissions of air pollutants by ecosystems
Reduced concentrations of PM2.5,IPBES_GA_2.3_42_143,reduced concentrations of pm2.5
Avoided morbidity and premature mortality from air pollution,IPBES_GA_2.3_42_143,avoided morbidity and premature mortality from air pollution
Avoided costs from air pollution,IPBES_GA_2.3_42_143,avoided costs from air pollution
Prevented emissions and uptake of greenhouse gases by ecosystems,IPBES_GA_2.3_42_143,prevented emissions and uptake of greenhouse gases by ecosystems
Reduced concentrations of greenhouse gases in the atmosphere,IPBES_GA_2.3_42_143,reduced concentrations of greenhouse gases in the atmosphere
Reduction in climate related costs,IPBES_GA_2.3_42_143,reduction in climate related costs
Land and ocean carbon sinks,IPBES_GA_2.3_42_143,land and ocean carbon sinks
Reduced ocean acidification,IPBES_GA_2.3_42_143,reduced ocean acidification
Seafood availability due to ocean acidification,IPBES_GA_2.3_42_143,seafood availability due to ocean acidification
Extent of marine calcification Benefits from coral reefs,IPBES_GA_2.3_42_143,extent of marine calcification benefits from coral reefs
Soil quality impact on crop production,IPBES_GA_2.3_42_143,soil quality impact on crop production
Ability of ecosystems to absorb and buffer hazards,IPBES_GA_2.3_42_143,ability of ecosystems to absorb and buffer hazards
Reduced incidence and severity of hazards,IPBES_GA_2.3_42_143,reduced incidence and severity of hazards
Reduced morbidity and premature mortality due to natural hazards,IPBES_GA_2.3_42_143,reduced morbidity and premature mortality due to natural hazards
Reduced property loss due to natural hazards,IPBES_GA_2.3_42_143,reduced property loss due to natural hazards
Reduced food spoilage,IPBES_GA_2.3_42_143,reduced food spoilage
Reduced net farm income loss from pests and diseases,IPBES_GA_2.3_42_143,reduced net farm income loss from pests and diseases
Diversity of competent hosts of vector-borne diseases,IPBES_GA_2.3_42_143,diversity of competent hosts of vector-borne diseases
Reduced risk of disease transmission,IPBES_GA_2.3_42_143,reduced risk of disease transmission
Reduced incidence of infectious diseases,IPBES_GA_2.3_42_143,reduced incidence of infectious diseases
Extent of agricultural land,IPBES_GA_2.3_42_143,extent of agricultural land
Energy content of bioenergy crops,IPBES_GA_2.3_42_143,energy content of bioenergy crops
Revenue from bioenergy production,IPBES_GA_2.3_42_143,revenue from bioenergy production
Extent of forested land,IPBES_GA_2.3_42_143,extent of forests
Production of fuelwood,IPBES_GA_2.3_42_143,production of fuelwood
Energy security from bio-energy and fuelwood,IPBES_GA_2.3_42_143,energy security from bio-energy and fuelwood
Food produced (kcal),IPBES_GA_2.3_42_143,food produced (kcal)
Food quality (nutrients),IPBES_GA_2.3_42_143,food quality (nutrients)
Reduced malnutrition,IPBES_GA_2.3_42_143,reduced malnutrition
Marine stocks,IPBES_GA_2.3_42_143,marine stocks
Reduced hunger,IPBES_GA_2.3_42_143,reduced hunger
Seafood produced (kcal),IPBES_GA_2.3_42_143,seafood produced (kcal)
Agriculture-based materials produced (tons),IPBES_GA_2.3_42_143,agriculture-based materials produced (tons)
Employment in materials production,IPBES_GA_2.3_42_143,employment in materials production
Timber production (m3),IPBES_GA_2.3_42_143,timber production (m3)
Revenue from forestry,IPBES_GA_2.3_42_143,revenue from forestry
Fraction of species known to be medicinal,IPBES_GA_2.3_42_143,species used for medicine
Natural medicinal products and manufactured bio-derived medicines,IPBES_GA_2.3_42_143,natural medicinal products and manufactured bio-derived medicines
Improved health from natural medicines or bio-derived medicines,IPBES_GA_2.3_42_143,improved health from natural medicines or bio-derived medicines
Phylogenetic diversity,IPBES_GA_2.3_42_143,phylogenetic diversity
Gene bank accession and available genetic resources,IPBES_GA_2.3_42_143,gene bank accession and available genetic resources
Proximity of people and nature,IPBES_GA_2.3_42_143,proximity of people and nature
Ideas and products mimicking or inspired by nature,IPBES_GA_2.3_42_143,ideas and products mimicking or inspired by nature
Economic value of bio-inspired production,IPBES_GA_2.3_42_143,economic value of bio-inspired production
Diversity of life from which to learn,IPBES_GA_2.3_42_143,diversity of life from which to learn
Area of natural and traditional landscapes and seascapes,IPBES_GA_2.3_42_143,area of natural and traditional landscapes and seascapes
"Visitation rates to natural terrestrial, coastal, and marine areas",IPBES_GA_2.3_42_143,"visitation rates to natural terrestrial, coastal, and marine areas"
"Increased awareness, care, mental health, cultural security, life satisfaction - urban",IPBES_GA_2.3_42_143,"increased awareness, care, mental health, cultural security, life satisfaction - urban"
"Increased awareness, care, mental health, cultural security, life satisfaction - rural and IPLC",IPBES_GA_2.3_42_143,"increased awareness, care, mental health, cultural security, life satisfaction - rural and iplc"
"Daily exposure natural terrestrial, coastal and marine areas",IPBES_GA_2.3_42_143,"daily exposure natural terrestrial, coastal and marine areas"
Stability of land use and land cover,IPBES_GA_2.3_42_143,stability of land use and land cover
Identity value – urban,IPBES_GA_2.3_42_143,identity value - urban
Identity value - rural and IPLC,IPBES_GA_2.3_42_143,identity value - rural and iplc
Visitation to natural areas,IPBES_GA_2.3_50_149,visitation to natural areas
Percentage of population living in dense urban areas,IPBES_GA_2.3_50_149,percentage of population living in dense urban areas
Historic land use change since 1970,IPBES_GA_2.3_53_152,historic land use change since 1970
Leaf surface area,IPBES_GA_2.3_56_155,leaf surface area
net carbon sequestration,IPBES_GA_2.3_56_155,carbon sequestration
transfer of water to the atmosphere,IPBES_GA_2.3_56_155,transfer of water to the atmosphere
biotic productivity,IPBES_GA_2.3_56_155,biotic productivity
Extent of protected and intact habitat globally,IPBES_GA_2.3_59_157,extent of protected and intact habitat globally
Correlation between high cultural diversity and areas of high biodiversity,IPBES_GA_2.3_71_160,correlation between high cultural diversity and areas of high biodiversity
Population extinctions,IPBES_GA_2.3_75_161,population extinctions
Range contractions,IPBES_GA_2.3_75_161,range contractions
IUCN Red list index,IPBES_GA_4_30_175,red list index
Biomass abundance,IPBES_GA_4_34_176,biomass abundance
Production,IPBES_GA_4_34_176,production
Species distribution area and shift,IPBES_GA_4_34_176,species distribution area and shift
Species Richness,IPBES_GA_4_34_176,species richness
Habitat area and Quality,IPBES_GA_4_34_176,habitat area and quality
Organisms` size or growth,IPBES_GA_4_34_176,organisms` size or growth
Reproduction rate,IPBES_GA_4_34_176,reproduction rate
"Pest, invasive or harmful species",IPBES_GA_4_34_176,"pest, invasive or harmful species"
C pool,IPBES_GA_4_34_176,c pool
Global sclae ecosystem carbon storage,IPBES_GA_4_87_186,global scale ecosystem carbon storage
Adaptive capacity index (ACI),IPBES_GA_4_129_208,adaptive capacity index (aci)
OECD Better life index,IPBES_GA_4_131_209,oecd better life index
Living Planet Index,IPBES_GA_4_144_217,living planet index
SDG Index,IPBES_GA_4_147_220,sustainable development goals index
Proportion of fish stocks within safe biological limits,IPBES_GA_4_152_225,proportion of fish stocks within biologically sustainable levels
global effort in bottom trawling,IPBES_GA_4_152_225,global effort in bottom-trawling
MSC certified fisheries,IPBES_GA_4_152_225,marine stewardship council certified fisheries
Ocean health index,IPBES_GA_4_155_228,ocean health index
Cumulative human impacts on marine ecosystems,IPBES_GA_4_155_228,cumulative human impacts on marine ecosystems
average conservation status,IPBES_GA_4_158_230,average conservation status
Living Planet INDEX,IPBES_GA_5_10_235,living planet index
Biodiversity Intactness INDEX,IPBES_GA_5_10_235,biodiversity intactness index
Mean Species Abundance Index,IPBES_GA_5_34_243,mean species abundance (msa)
Extent of Suitable Habitat ESH Index,IPBES_GA_5_34_243,extent of suitable habitat index (esh)
Living Planet Index,IPBES_GA_5_34_243,living planet index
Species Area Relationship,IPBES_GA_5_34_243,species area relationship
Human Development Index,IPBES_GA_5_68_252,human development index (hdi)
Happy Planet INDEX,IPBES_GA_5_69_253,happy planet index
Gross Domestic Happiness INDEX,IPBES_GA_5_69_253,gross national happiness index
Ecological Footprint,IPBES_GA_5_73_254,ecological footprint
Gini Index,IPBES_GA_5_80_256,gini index
Rule of Law Index,IPBES_GA_5_104_261,rule of law index
Environmental Performance Index,IPBES_GA_5_104_261,environmental performance index
Environmental Performance Index,IPBES_GA_5_107_262,environmental performance index
Happy Planet Index,IPBES_GA_5_108_263,happy planet index
Ocean Health Index,IPBES_GA_6_86_279,ocean health index
Water Quality Risk index,IPBES_GA_6_93_281,water quality risk index
MiBiD Index,IPBES_GA_6_122_285,mibid index
Commodity Index,IPBES_GA_6_137_288,commodity index
Index of Sustainable Economic Welfare (ISEW),IPBES_GA_6_139_289,index of sustainable economic welfare (isew)
Genuine Progress Indicator (GPI),IPBES_GA_6_139_289,genuine progress indicator
GDP,IPBES_GA_6_139_289,gross domestic product
Gross National Happiness Index,IPBES_GA_6_140_290,gross national happiness index
Biodiversity Barometer (% of respondents that have heard of biodiversity),IPBES_GA_3_15_329,biodiversity barometer (percentage of respondents that have heard of biodiversity)
Biodiversity Barometer (% of respondents giving correct definition of biodiversity),IPBES_GA_3_15_329,biodiversity barometer (percentage of respondents giving correct definition of biodiversity)
Funding for environmental education,IPBES_GA_3_15_329,funding for environmental education
Online interest in biodiversity (proportion of google searches),IPBES_GA_3_15_329,online interest in biodiversity (proportion of google searches)
Funding for Environmental Impact Assessments,IPBES_GA_3_15_329,funding for environmental impact assessments
Number of research studies involving economic valuation,IPBES_GA_3_15_329,number of research studies involving economic valuation
World Trade Organisation greenbox agricultural subsidies,IPBES_GA_3_15_329,world trade organisation greenbox agricultural subsidies
Funding towards institutional capacity building in fisheries,IPBES_GA_3_15_329,funding towards institutional capacity building in fisheries
Percentage of countries that are Category 1 CITES Parties,IPBES_GA_3_15_329,percentage of countries that are category 1 cites parties
Ecological Footprint,IPBES_GA_3_15_329,ecological footprint
Red List Index (impacts of utilisation),IPBES_GA_3_15_329,red list index (for utilized species)
Red List Index (internationally traded species),IPBES_GA_3_15_329,red list index (internationally traded species)
Human appropriation of fresh water,IPBES_GA_3_15_329,human appropriation of fresh water
Wetland Extent Trends Index,IPBES_GA_3_15_329,wetland extent trends index
Area of tree cover loss,IPBES_GA_3_15_329,tree cover
Percentage natural habitat extent,IPBES_GA_3_15_329,extent of suitable habitat
Wild Bird Index (habitat specialists),IPBES_GA_3_15_329,wild bird index (habitat specialists)
Red List index (forest specialists),IPBES_GA_3_15_329,red list index (forest specialists)
Proportion of fish stocks within safe biological limits,IPBES_GA_3_15_329,proportion of fish stocks within biologically sustainable levels
Marine Stewardship Council certified fisheries,IPBES_GA_3_15_329,marine stewardship council certified fisheries
Global effort in bottom-trawling,IPBES_GA_3_15_329,global effort in bottom-trawling
Marine trophic index,IPBES_GA_3_15_329,marine trophic index (mti)
Red List Index (impacts of fisheries),IPBES_GA_3_15_329,red list index (impacts of fisheries)
Wild Bird Index (farmland birds),IPBES_GA_3_15_329,wild bird index (farmland birds)
Area of agricultural land under organic production,IPBES_GA_3_15_329,area of agricultural land under organic production
Area of agricultural land under conservation,IPBES_GA_3_15_329,area of agricultural land under conservation
proportion of countries that are category 1 signatories to the Convention on International Trade in Endangered Species of Wild Fauna and Flora (CITES),IPBES_GA_3_26_354,proportion of countries that are category 1 signatories to the convention on international trade in endangered species of wild fauna and flora (cites)
Growth in human appropriation of net primary production (HANPP),IPBES_GA_3_26_355,growth in human appropriation of net primary productivity
ecological footprint,IPBES_GA_3_26_355,ecological footprint
water footprint,IPBES_GA_3_26_355,water footprint
Demand for greener products and services,IPBES_GA_3_26_355,demand for greener products and services
green consumption,IPBES_GA_3_26_355,green consumption
annual rate of net forest loss,IPBES_GA_3_27_356,annual rate of net forest loss
annual tree cover loss,IPBES_GA_3_27_356,annual rate of net forest loss
"wild bird index (farmland birds)
",IPBES_GA_3_31_358,wild bird index (farmland birds)
percentage of live coral cover,IPBES_GA_3_34_361,percentage of live coral cover
Climatic Impact INDEX,IPBES_GA_3_35_362,climatic impact index
proportion of sites in the World Database on Protected Areas reporting shared governance,IPBES_GA_3_38_364,proportion of sites in the world database on protected areas reporting shared governance
number of extintions,IPBES_GA_3_40_367,number of extintions
IUCN Red List,IPBES_GA_3_40_368,red list index
Living Planet INDEX,IPBES_GA_3_41_369,living planet index
proportion of domesticated breeds categorized as at risk or extinct,IPBES_GA_3_44_371,proportion of domesticated breeds categorized as at risk or extinct
extinction risk of wild relatives of domesticated or farmed birds and mammals,IPBES_GA_3_44_371,extinction risk of wild relatives of domesticated or farmed birds and mammals
IUCN Red List,IPBES_GA_3_45_374,red list index
Red List INDEX for vertebrate pollinators,IPBES_GA_3_45_374,red list index (vertebrate pollinators)
number of countries implementing NBSAPs,IPBES_GA_3_48_377,number of countries implementing nbsaps
numbers of scientific publications on biodiversity,IPBES_GA_3_49_379,numbers of scientific publications on biodiversity
relevant research funding,IPBES_GA_3_49_379,relevant research funding
taxa assessed for the IUCN Red List,IPBES_GA_3_49_379,proportion of known species assessed through the red list index
species with data included in the Global Biodiversity Information Facility,IPBES_GA_3_49_379,species with data included in the global biodiversity information facility
Mean polar sea ice extent,IPBES_GA_3_51_381,mean polar sea ice extent
Official development assistance provided in support of CBD objectives,IPBES_GA_3_51_381,official development assistance provided in support of the cbd objectives
Wild Bird INDEX (habitat specialists),IPBES_GA_3_51_381,wild bird index (habitat specialists)
Pesticide use,IPBES_GA_3_51_381,pesticide use
Glacial mass balance,IPBES_GA_3_51_381,glacier mass balance
Red List INDEX for birds and mammals,IPBES_GA_3_51_382,red list index (birds and mammals)
Species Habitat INDEX,IPBES_GA_3_54_387,species habitat index
Pesticide Use,IPBES_GA_3_54_387,pesticide use
Area of tree cover loss,IPBES_GA_3_55_389,tree cover
Marine trophic INDEX,IPBES_GA_3_55_389,marine trophic index (mti)
Percentage of Key Biodiversity Areas covered by protected areas,IPBES_GA_3_55_389,protected area coverage of key biodiversity areas
Red List Index (impacts of pollution),IPBES_GA_3_72_395,red list index (impacts of pollution)
Percentage of freshwater Key Biodiversity Areas covered by protected areas,IPBES_GA_3_72_395,percentage of freshwater key biodiversity areas covered by protected areas
Proportion of fish stocks in safe biological limits,IPBES_GA_3_72_395,proportion of fish stocks within biologically sustainable levels
Marine Stewardship Council engaged fisheries (tonnes),IPBES_GA_3_72_395,marine stewardship council engaged fisheries
Percentage of marine and coastal areas covered by protected areas,IPBES_GA_3_72_395,protected area coverage of marine and coastal areas
Percentage of marine Key Biodiversity Areas covered by protected areas,IPBES_GA_3_72_395,percentage of marine key biodiversity areas covered by protected areas
Percentage of terrestrial areas covered by protected areas,IPBES_GA_3_72_395,percentage of terrestrial ecoregions covered by protected areas
Percentage of terrestrial ecoregions covered by protected areas,IPBES_GA_3_72_395,percentage of terrestrial ecoregions covered by protected areas
Number of protected area management effectiveness assessments,IPBES_GA_3_72_395,number of protected area management effectiveness (pame) assessments
Percentage of terrestrial Key Biodiversity Areas covered by protected areas,IPBES_GA_3_72_395,protected area coverage of key biodiversity areas
Area of forest under sustainable management: total FSC and PEFC forest management certification (million ha),IPBES_GA_3_72_395,area of forest under sustainable management
Area of tree cover loss (ha),IPBES_GA_3_72_395,tree cover
Percentage of mountain Key Biodiversity Areas covered by protected areas,IPBES_GA_3_72_395,coverage by protected areas of important sites for mountain biodiversity
Climatic Impact Index for Birds,IPBES_GA_3_72_395,climatic impact index for birds
Number of invasive alien species introductions,IPBES_GA_3_72_395,number of invasive alien species introduction events
Percentage of countries with invasive alien species legislation,IPBES_GA_3_72_395,percentage of countries with invasive alien species legislation
Red List Index (impacts of invasive alien species),IPBES_GA_3_72_395,red list index (impacts of invasive alien species)
biochemical oxygen demand (BOD),IPBES_GA_3_74_399,biochemical oxygen demand (bod)
nitrogen (N) loads,IPBES_GA_3_74_399,nitrogen (n) loads
phosphorus (P) loads,IPBES_GA_3_74_399,phosphorus (p) loads
total dissolved solids (TDS),IPBES_GA_3_74_399,total dissolved solids (tds)
blue water sustainability INDEX,IPBES_GA_3_76_401,blue water sustainability index
Human Development INDEX (HDI),IPBES_GA_3_77_402,human development index (hdi)
human development INDEX,IPBES_GA_3_97_413,human development index (hdi)
multidimensional poverty INDEX,IPBES_GA_3_97_413,multidimensional poverty index
Individual Deprivation Measure,IPBES_GA_3_97_413,individual deprivation measure
City Biodiversity INDEX,IPBES_GA_3_115_417,city biodiversity index
CO2 emissions,IPBES_GA_3_123_420,co2 emissions
air quality,IPBES_GA_3_123_420,air quality
water quality,IPBES_GA_3_123_420,water quality
proportion of the rural population who live within 2 km of an all-season road,IPBES_GA_3_128_421,proportion of the rural population who live within 2 km of an all-season road
Passenger and freight volumes by mode of transport,IPBES_GA_3_128_421,passenger and freight volumes by mode of transport
migratory birds threatened or Near Threatened on the IUCN Red List,IPBES_GA_3_150_436,migratory birds threatened or near threatened on the red list index
Red List INDEX,IPBES_GA_3_150_436,red list index
fisheries stock size,IPBES_GA_3_164_441,fisheries stock size
fisheries exploitation rates,IPBES_GA_3_164_441,fisheries exploitation rates
Arctic Species Trend INDEX,IPBES_GA_3_169_443,arctic species trend index
number of countries that have ratified the Nagoya Protocol,IPBES_GA_3_175_446,number of countries that have ratified the nagoya protocol
IUCN Red List of Threatened Species,IPBES_SUA_1_1_1,red list index
GDP,IPBES_SUA_1_11_4,gross domestic product
Human Development Index,IPBES_SUA_1_12_5,human development index (hdi)
Inclusive Wealth,IPBES_SUA_1_12_5,inclusive wealth
Gross National Happiness Index,IPBES_SUA_1_12_5,gross national happiness index
IUCN Red List of threatened species,IPBES_SUA_1_22_10,red list index
number of countries with policies to secure that [fish] mortalities are accounted for and kept within safe biological limits,IPBES_SUA_2_90_65,number of countries with policies to secure that [fish] mortalities are accounted for and kept within safe biological limits
number of countries with regulations requiring recovered of depleted species,IPBES_SUA_2_90_65,number of countries with regulations requiring recovered of depleted species
Marine Stewardship Council Certified catch,IPBES_SUA_2_90_65,marine stewardship council certified catch
Share of main groups of species in fish trade in terms of value,IPBES_SUA_2_90_65,share of main groups of species in fish trade in terms of value
importance of forests to people,IPBES_SUA_2_92_69,importance of forests to people
"Area and percent of forests managed primarily to protect the range of cultural, social and spiritual needs and values",IPBES_SUA_2_92_69,"area and percent of forests managed primarily to protect the range of cultural, social and spiritual needs and values"
Recognition and value of forest-management knowledge and skills of local people,IPBES_SUA_2_92_69,recognition and value of forest-management knowledge and skills of local people
Area and percent of forests used for subsistence purposes,IPBES_SUA_2_92_69,area and percent of forests used for subsistence purposes
Resilience of forest-dependent communities,IPBES_SUA_2_92_69,resilience of forest-dependent communities
Ecolabel Index,IPBES_SUA_2_93_72,ecolabel index
quality and abundance of food and medicine species,IPBES_SUA_2_95_77,quality and abundance of food and medicine species
habitat quality,IPBES_SUA_2_95_77,habitat quality
harvest intensity,IPBES_SUA_2_95_77,harvest intensity
sharing and trading institutions,IPBES_SUA_2_95_77,sharing and trading institutions
accessibility of resources,IPBES_SUA_2_95_77,accessibility of resources
weather patterns,IPBES_SUA_2_95_77,weather patterns
cultural continuity,IPBES_SUA_2_95_77,cultural continuity
abnormal occurrences in the territory,IPBES_SUA_2_95_77,abnormal occurrences in the territory
abundance of food species,IPBES_SUA_2_96_79,abundance of food species
catch per unit effort,IPBES_SUA_2_96_79,catch per unit effort
spatial distribution of species,IPBES_SUA_2_96_79,spatial distribution of species
associated species,IPBES_SUA_2_96_79,associated species
cyclical patterns of abundance,IPBES_SUA_2_96_79,cyclical patterns of abundance
quality and abundance of food and medicine species,IPBES_SUA_2_96_79,quality and abundance of food and medicine species
prevalence of certain species,IPBES_SUA_2_97_80,prevalence of certain species
sounds associated with the forest,IPBES_SUA_2_97_80,sounds associated with the forest
intensity of weather,IPBES_SUA_2_97_80,intensity of weather
strength of people’s connection to the forest,IPBES_SUA_2_97_80,strength of people’s connection to the forest
body condition,IPBES_SUA_2_97_80,body condition
population size,IPBES_SUA_2_97_80,population size
variability in migration patterns,IPBES_SUA_2_97_80,variability in migration patterns
environmental change,IPBES_SUA_2_97_80,environmental change
hunting success,IPBES_SUA_2_97_80,hunting success
prevalence of knowledge about seasonal cycles in their communities,IPBES_SUA_2_97_80,prevalence of knowledge about seasonal cycles in their communities
mean body mass,IPBES_SUA_2_97_80,mean body mass
abundance of preferred harvest species,IPBES_SUA_2_97_80,abundance of preferred harvest species
catch-per-unit effort,IPBES_SUA_2_97_80,catch per unit effort
number of publications,IPBES_SUA_4_2_109,number of publications
impact of agricultural habitat conversion on birds,IPBES_SUA_4_42_113,impact of agricultural habitat conversion on birds
Loss of lichen diversity,IPBES_SUA_4_47_115,loss of lichen diversity
Farmland Bird Index,IPBES_SUA_4_51_116,farmland bird index
Quality of Governance Index,IPBES_SUA_4_61_118,quality of governance index
number of CITES parties that have adopted standard procedures for non-detrimental findings,IPBES_SUA_4_65_122,number of cites parties that have adopted standard procedures for non-detrimental findings
number of surveys of CITES listed species undertaken by exporting States to support non-detrimental findings,IPBES_SUA_4_65_122,number of surveys of cites listed species undertaken by exporting states to support non-detrimental findings
number of Appendix-II species for which trade is determined to be non-detrimental to the survival of the species as a result of implementing recommendations from the Review of Significant Trade,IPBES_SUA_4_66_123,number of appendix-ii species for which trade is determined to be non-detrimental to the survival of the species as a result of implementing recommendations from the review of significant trade
uplisting of species or populations from Appendix II to Appendix I,IPBES_SUA_4_66_123,uplisting of species or populations from appendix ii to appendix i
Number of CITES parties with increased capacity,IPBES_SUA_4_68_125,number of cites parties with increased capacity
CITES parties that have implemented relevant resolutions and decisions,IPBES_SUA_4_68_125,cites parties that have implemented relevant resolutions and decisions
Red List Index,IPBES_SUA_4_70_126,red list index
commercial trade in wild-collected specimens,IPBES_SUA_4_71_127,commercial trade in wild-collected specimens
Red List Index,IPBES_SUA_4_71_127,red list index
Body fat,IPBES_SUA_4_78_130,body fat
reproductive success,IPBES_SUA_4_78_130,reproductive success
abundance and location of habitat,IPBES_SUA_4_78_130,abundance and location of habitat
Body condition,IPBES_SUA_4_89_132,body condition
Reproductive success,IPBES_SUA_4_89_132,reproductive success
Habitat conditions,IPBES_SUA_4_89_132,habitat conditions
income,IPBES_SUA_4_149_137,income
GDP,IPBES_SUA_4_149_137,gross domestic product
access to land,IPBES_SUA_4_149_137,access to land
Multidimensional Poverty Index,IPBES_SUA_4_149_138,multidimensional poverty index
material wealth,IPBES_SUA_4_149_140,material wealth
trade in wild mammals,IPBES_SUA_4_184_143,trade in wild mammals
trade in wild animals,IPBES_SUA_4_184_143,trade in wild animals
Living Planet Index,IPBES_SUA_4_256_160,living planet index
Governance Index,IPBES_SUA_6_77_200,governance index
catch per unit effort,IPBES_SUA_6_115_207,catch per unit effort
invasive alien species are given new names by Indigenous Peoples and local communities,IPBES_IAS_1_53_8,invasive alien species are given new names by indigenous peoples and local communities
Total imports,IPBES_IAS_2_5_11,total imports
Human population size,IPBES_IAS_2_5_11,human population size
Gross domestic product per capita,IPBES_IAS_2_5_11,gross domestic product
Number of tourists,IPBES_IAS_2_5_11,number of tourists
Proportion of cropland,IPBES_IAS_2_5_11,proportion of cropland
Proportion of urban area,IPBES_IAS_2_5_11,proportion of urban area
Ship calls,IPBES_IAS_2_5_11,ship calls
Number of people migrating,IPBES_IAS_2_5_11,number of people migrating
Temperature,IPBES_IAS_2_5_11,temperature
number of studies on IAS available per region,IPBES_IAS_2_13_15,number of studies on ias available per region
number of widespread phyla for which no information was available for a particular region,IPBES_IAS_2_13_16,number of widespread phyla for which no information was available for a particular region
Comparison of the number of available first records of established alien species for a region with the total number of species recorded for the same region,IPBES_IAS_2_14_17,comparison of the number of available first records of established alien species for a region with the total number of species recorded for the same region
Total number of introduced alien species,IPBES_IAS_2_15_20,total number of introduced alien species
Rate of species accumulation,IPBES_IAS_2_15_20,rate of species accumulation
Human development index,IPBES_IAS_2_18_24,human development index (hdi)
Red List of threatened species,IPBES_IAS_2_48_40,red list index
Current distribution of species,IPBES_IAS_2_155_79,current distribution of species
GDP per capita,IPBES_IAS_3_8_84,gross domestic product
Human population density,IPBES_IAS_3_8_84,human population density
mean annual precipitation,IPBES_IAS_3_8_84,mean annual precipitation
mean annual temperature,IPBES_IAS_3_8_84,mean annual temperature
alien species richness,IPBES_IAS_3_8_84,alien species richness
GDP,IPBES_IAS_3_34_90,gross domestic product
Evolutionary diversity,IPBES_IAS_3_84_95,evolutionary diversity
tree biomass,IPBES_IAS_3_84_95,tree biomass
phylogenetic distance,IPBES_IAS_3_84_95,phylogenetic distance
species richness,IPBES_IAS_3_84_95,species richness
concentration of hydrogen ions (H+),IPBES_IAS_4_8_100,concentration of hydrogen ions (h+)
Number of extinctions,IPBES_IAS_4_22_102,number of species extinctions
Number of species at risk of extinction,IPBES_IAS_4_22_102,number of species at risk of extinction
local species richness,IPBES_IAS_4_22_102,local species richness
Mean body length,IPBES_IAS_4_22_102,mean body length
IUCN Red List Index,IPBES_IAS_4_22_102,red list index
species growth rate,IPBES_IAS_4_64_104,species growth rate
species Condition Index,IPBES_IAS_4_64_104,species condition index
totem or culturally important species,IPBES_IAS_4_140_116,totem or culturally important species
IUCN Red List,IPBES_IAS_5_52_127,red list index
Functional diversity,IPBES_IAS_5_109_131,functional diversity
Proportion of countries adopting relevant national legislation and adequately resourcing the prevention or control of invasive alien species,IPBES_IAS_5_120_132,proportion of countries adopting relevant national legislation and adequately resourcing the prevention or control of invasive alien species
Macroinvertebrate-based indices,IPBES_IAS_5_130_134,macroinvertebrate-based indices
trends in pathways of introduction and spread,IPBES_IAS_6_11_138,trends in pathways of introduction and spread
trends in numbers of invasive alien species and their impacts,IPBES_IAS_6_11_138,trends in numbers of invasive alien species and their impacts
"trends, mechanisms and severity of invasive alien species impacts",IPBES_IAS_6_11_138,"trends, mechanisms and severity of invasive alien species impacts"
trends in the allocation of resources towards the prevention or control of invasive alien species,IPBES_IAS_6_11_138,trends in the allocation of resources towards the prevention or control of invasive alien species
trends in establishment and national adoption of international agreements relevant to the prevention and control of invasive alien species,IPBES_IAS_6_11_138,trends in establishment and national adoption of international agreements relevant to the prevention and control of invasive alien species
trends in numbers of countries with national legislation and other policy measures relevant to the prevention and/or control of invasive alien species,IPBES_IAS_6_11_138,trends in numbers of countries with national legislation and other policy measures relevant to the prevention and/or control of invasive alien species
trends in the prevention of invasive alien species,IPBES_IAS_6_11_138,trends in the prevention of invasive alien species
growth in information relevant to informing policy on invasive alien species prevention and control,IPBES_IAS_6_11_138,growth in information relevant to informing policy on invasive alien species prevention and control
trends in successful control and eradications of invasive alien species,IPBES_IAS_6_11_138,trends in successful control and eradications of invasive alien species
existence and uptake of multilateral agreements and national legislation relevant to the prevention and control of invasive alien species,IPBES_IAS_6_14_142,existence and uptake of multilateral agreements and national legislation relevant to the prevention and control of invasive alien species
resourcing of invasive alien species prevention and control activities,IPBES_IAS_6_14_142,resourcing of invasive alien species prevention and control activities
National funding for resourcing of biological invasions policy and management implementation,IPBES_IAS_6_17_143,national funding for resourcing of biological invasions policy and management implementation
Global funding for resourcing of biological invasions policy and management implementation,IPBES_IAS_6_17_143,global funding for resourcing of biological invasions policy and management implementation
Number of biogeographic regions with risk-associated activities,IPBES_IAS_6_21_146,number of biogeographic regions with risk-associated activities
Trends in numbers of facilities in the region,IPBES_IAS_6_21_146,trends in numbers of facilities in the region
"Number of tourists, scientists and facilities per biogeographic region",IPBES_IAS_6_21_146,"number of tourists, scientists and facilities per biogeographic region"
Number of alien and invasive taxa per biogeographic region,IPBES_IAS_6_21_146,number of alien and invasive taxa per biogeographic region
Trends in extinction risk of birds impacted by invasive species,IPBES_IAS_6_21_146,trends in extinction risk of birds impacted by invasive species
Prospective inclusion of other native taxa and threatened habitats,IPBES_IAS_6_21_146,prospective inclusion of other native taxa and threatened habitats
Trends in adoption of multinational agreements to reduce invasive alien species threats,IPBES_IAS_6_21_146,trends in adoption of multinational agreements to reduce invasive alien species threats
Trends in invasive alien species relevant submissions to managers,IPBES_IAS_6_21_146,trends in invasive alien species relevant submissions to managers
Trends in invasive alien species eradication at different scales,IPBES_IAS_6_21_146,trends in invasive alien species eradication at different scales
number of alien taxa,IPBES_IAS_6_56_150,number of alien taxa
species negatively impacting biodiversity,IPBES_IAS_6_56_150,species negatively impacting biodiversity
Trends in species at risk of localized extinction in a protected area,IPBES_IAS_6_56_150,trends in species at risk of localized extinction in a protected area
extent of which essential policy and management approaches have been adopted,IPBES_IAS_6_56_150,extent of which essential policy and management approaches have been adopted
Gross domestic product,IPBES_IAS_6_85_153,gross domestic product
Gross national product,IPBES_IAS_6_85_153,gross national product
Genuine Progress indicator,IPBES_IAS_6_85_153,genuine progress indicator
index of sustainable economic welfare (isew),IPBES_IAS_6_85_153,index of sustainable economic welfare (isew)
Gross National Happiness measure,IPBES_IAS_6_85_153,gross national happiness index
Spread of alien species by pathway,IPBES_IAS_6_97_160,spread of alien species by pathway
"Impact of alien species on sensitive places, species and functions",IPBES_IAS_6_97_160,"impact of alien species on sensitive places, species and functions"
Interventions to limit spread and reduce impact of alien species,IPBES_IAS_6_97_160,interventions to limit spread and reduce impact of alien species
alien species occurrence,IPBES_IAS_6_114_165,alien species occurrence
status of an individual or species as native or alien,IPBES_IAS_6_114_165,status of an individual or species as native or alien
invasive alien species impact,IPBES_IAS_6_114_165,invasive alien species impact
Rate of invasive alien species establishment,IPBES_IAS_6_119_173,rate of invasive alien species establishment
Trends in pathways of introduction and spread,IPBES_IAS_6_119_174,trends in pathways of introduction and spread
Trends in numbers and spatial distribution of invasive alien species and their impacts,IPBES_IAS_6_119_174,trends in numbers and spatial distribution of invasive alien species and their impacts
"Trends, mechanisms and severity of invasive alien species impacts",IPBES_IAS_6_119_174,"trends, mechanisms and severity of invasive alien species impacts"
Trends in the allocation of resources towards the prevention or control of invasive alien species,IPBES_IAS_6_119_174,trends in the allocation of resources towards the prevention or control of invasive alien species
Trends in establishments and national adoption of international agreements relevant to the prevention and control of invasive alien species,IPBES_IAS_6_119_174,trends in establishment and national adoption of international agreements relevant to the prevention and control of invasive alien species
Trends in numbers of countries with national legislation and other policy measures relevant to the prevention and/or control of invasive alien species,IPBES_IAS_6_119_174,trends in numbers of countries with national legislation and other policy measures relevant to the prevention and/or control of invasive alien species
Trends in the prevention and eradication and control of invasive alien species,IPBES_IAS_6_119_174,trends in the prevention and eradication and control of invasive alien species
Growth in information relevant to informing policy on invasive alien species prevention and control,IPBES_IAS_6_119_174,growth in information relevant to informing policy on invasive alien species prevention and control
Trends in successful eradications of invasive alien species,IPBES_IAS_6_119_174,trends in successful eradications of invasive alien species
Improvement in conseration status of species threatened by invasive alien species,IPBES_IAS_6_119_174,improvement in conseration status of species threatened by invasive alien species
Antarctic ice cores,IPCC_1_13_4,antarctic ice cores
direct CO2 air measurements,IPCC_1_13_4,direct co2 air measurements
Global Precipitation Climatology Centre (GPCC) V8,IPCC_1_13_4,global precipitation climatology centre (gpcc) v8
glacier mass loss,IPCC_1_13_4,glacier mass loss
global surface air temperature (GMST),IPCC_1_13_4,global mean surface temperature (gmst)
sea level change,IPCC_1_13_4,sea level change
ocean heat content,IPCC_1_13_4,ocean heat content
atmospheric CO2 concentrations,IPCC_1_16_6,atmospheric co2 concentrations
global mean surface temperature (GMST),IPCC_1_16_6,global mean surface temperature (gmst)
global mean sea level (GMSL),IPCC_1_16_6,global mean sea level (gmsl)
pH of ocean surface water,IPCC_1_32_16,ph of ocean surface water
global energy budget,IPCC_1_38_17,global energy budget
simulated Global mean surface air temperature (GSAT),IPCC_1_45_19,simulated global mean surface air temperature (gsat)
simulated Global mean surface air temperature (GSAT) anomalies,IPCC_1_45_19,simulated global mean surface air temperature (gsat) anomalies
estimate of GSAT (ERA-5),IPCC_1_45_19,estimate of gsat (era-5)
observation-based estimate of global mean surface air temperature (GMST),IPCC_1_45_19,global mean surface temperature (gmst)
mean GSAT,IPCC_1_45_19,mean gsat
global mean surface temperature (GMST),IPCC_1_47_20,global mean surface temperature (gmst)
annual GSAT change,IPCC_1_50_21,annual gsat change
annual ice volume,IPCC_1_50_21,annual ice volume
September sea ice extent,IPCC_1_50_21,september sea ice extent
global temperature,IPCC_1_58_23,global temperature
cumulative GHG emissions,IPCC_1_58_23,cumulative ghg emissions
economic damages due to river floods,IPCC_1_62_25,economic damages due to river floods
occurrence of heat-related human mortality,IPCC_1_62_25,occurrence of heat-related human mortality
economic inequality,IPCC_1_62_25,economic inequality
Essential Climate Variables (ECVs),IPCC_1_64_26,essential climate variables (ecvs)
Essential Ocean Variables (EOVs),IPCC_1_64_26,essential ocean variables (eovs)
leaf area INDEX,IPCC_1_66_27,leaf area index (lai)
fraction of absorbed photosynthetically active radiation (FAPAR),IPCC_1_66_27,fraction of absorbed photosynthetically active radiation (fapar)
fire disturbances/burned areas,IPCC_1_66_27,fire disturbances/burned areas
Time series of Normalized Difference Vegetation INDEX (NDVI),IPCC_1_67_28,time series of normalized difference vegetation index (ndvi)
Northern Hemisphere temperature over the last millennium,IPCC_1_67_29,northern hemisphere temperature over the last millennium
ocean heat content,IPCC_1_70_30,ocean heat content
thermosteric sea level,IPCC_1_70_30,thermosteric sea level
salinity,IPCC_1_70_30,salinity
sea ice extent,IPCC_1_70_30,sea ice extent
AMOC,IPCC_1_70_30,amoc
Atmospheric concentrations,IPCC_1_92_33,atmospheric co2 concentrations
global temperatures,IPCC_1_92_33,global temperatures
Global mean surface temperature (GMST),IPCC_2_8_35,global mean surface temperature (gmst)
Boron-Isotope,IPCC_2_14_37,boron-isotope
Isotope-composition of molecular oxygen trapped in polar firn and ice,IPCC_2_21_41,isotope-composition of molecular oxygen trapped in polar firn and ice
Free tropospheric ozone,IPCC_2_21_42,free tropospheric ozone
Aerosol abundance,IPCC_2_24_45,aerosol abundance
Pollen presence,IPCC_2_24_46,pollen presence
Surface and upper air temperatures,IPCC_2_26_47,surface and upper air temperatures
Surface humidity,IPCC_2_26_47,surface humidity
precipitable water vapour,IPCC_2_26_47,precipitable water vapour
precipitation,IPCC_2_26_47,precipitation
Precipitation-Evaporation,IPCC_2_26_47,precipitation-evaporation
runoff,IPCC_2_26_47,runoff
Sea level pressure and winds,IPCC_2_26_47,sea level pressure and winds
Hadley/Walker circulation,IPCC_2_26_47,hadley/walker circulation
global monsoons,IPCC_2_26_47,global monsoons
strom tracks and jets,IPCC_2_26_47,strom tracks and jets
sudden stratospheric warmings,IPCC_2_26_47,sudden stratospheric warmings
Sea ice extent/area,IPCC_2_26_47,sea ice extent
seasonality and thickness,IPCC_2_26_47,seasonality and thickness
Terrestrial snow cover,IPCC_2_26_47,terrestrial snow cover
Glacier mass and extent,IPCC_2_26_47,glacier mass and extent
Terrestrial permafrost temperature and active layer thickness,IPCC_2_26_47,terrestrial permafrost temperature and active layer thickness
Temperature/ocean heat content,IPCC_2_26_47,ocean heat content
Salinity,IPCC_2_26_47,salinity
Sea level,IPCC_2_26_47,sea level
Circulation,IPCC_2_26_47,circulation
pH and desoxygenation,IPCC_2_26_47,ph and desoxygenation
Seasonal cycle of CO2,IPCC_2_26_47,seasonal cycle of co2
Distribution of marine biota,IPCC_2_26_47,distribution of marine biota
primary production of marine biota,IPCC_2_26_47,primary production of marine biota
phenology of marine biota,IPCC_2_26_47,phenology of marine biota
distribution of terrestrial biota,IPCC_2_26_47,distribution of terrestrial biota
global greening/browning,IPCC_2_26_47,global greening/browning
growing season of terrestrial biota,IPCC_2_26_47,growing season of terrestrial biota
Temperature,IPCC_2_28_57,temperature
benthich isotopes,IPCC_2_28_57,benthich isotopes
Marine sediment cores,IPCC_2_29_60,marine sediment cores
Paleo-temperature records,IPCC_2_29_62,paleo-temperature records
Zonally averaged mean annual temperature reconstructions,IPCC_2_31_64,zonally averaged mean annual temperature reconstructions
subsurface borehole temperature profiles,IPCC_2_31_65,subsurface borehole temperature profiles
changes in land versus sea surface temperature,IPCC_2_31_65,changes in land versus sea surface temperature
Radio occultation,IPCC_2_42_69,radio occultation
Global vegetation cover,IPCC_2_43_71,global vegetation cover
atmospheric dust deposition,IPCC_2_43_71,atmospheric dust deposition
Changes in observed cloud cover,IPCC_2_51_79,changes in observed cloud cover
satellite observations of precipitation,IPCC_2_51_79,satellite observations of precipitation
upper tropospheric humidity,IPCC_2_51_79,upper tropospheric humidity
SH monsoons,IPCC_2_51_80,sh monsoons
air Moisture,IPCC_2_52_82,air moisture
Loss of older ice,IPCC_2_56_85,loss of older ice
Mean Arctic Sea Ice Area,IPCC_2_57_88,mean arctic sea ice area
Marine Sediments,IPCC_2_57_89,marine sediments
Whaling records,IPCC_2_58_90,whaling records
old ship logbooks,IPCC_2_58_90,old ship logbooks
ice core records,IPCC_2_58_90,ice core records
Early Nimbus satellite visible and infrared imagery,IPCC_2_58_91,early nimbus satellite visible and infrared imagery
Glacier areal and mass changes/loss rate,IPCC_2_60_95,glacier areal and mass changes/loss rate
Greenland Ice Sheet fluctuations,IPCC_2_60_96,greenland ice sheet fluctuations
Marine sediments,IPCC_2_61_98,marine sediments
marine sediments below the ice sheet,IPCC_2_61_99,marine sediments below the ice sheet
Pollen Presence,IPCC_2_62_100,pollen presence
Speleothem records,IPCC_2_62_100,speleothem records
permafrost-vegetation relationships,IPCC_2_62_100,permafrost-vegetation relationships
Permafrost temperature,IPCC_2_62_101,permafrost temperature
ground subsidence,IPCC_2_63_102,ground subsidence
thermokarst,IPCC_2_63_102,thermokarst
slope instability,IPCC_2_63_102,slope instability
Ocean Heat Content,IPCC_2_63_104,ocean heat content
Ice cores,IPCC_2_63_105,ice cores
Sediment cores,IPCC_2_63_105,sediment cores
reef growth,IPCC_2_67_109,reef growth
Atlantic Meridional Overturning Circulation (AMOC),IPCC_2_69_110,atlantic meridional overturning circulation (amoc)
Sediment cores,IPCC_2_70_112,sediment cores
Seasonal variations in atmospheric CO2 concentration,IPCC_2_74_116,seasonal variations in atmospheric co2 concentrations
Expansion of oligotrophic subtropical gyres of the Atlantic and Pacific Oceans,IPCC_2_74_117,expansion of oligotrophic subtropical gyres of the atlantic and pacific oceans
Phytoplankton abundance,IPCC_2_74_118,phytoplankton abundance
Clorophyll concentration,IPCC_2_75_119,clorophyll concentration
Phytoplankton community structure,IPCC_2_75_119,phytoplankton community structure
Distribution of species,IPCC_2_75_120,distribution of species
El niño-southern oscillation (ENSO) index,IPCC_2_76_122,el niño-southern oscillation (enso) index
Changes in phytoplankton phenology,IPCC_2_76_122,changes in phytoplankton phenology
Ocean-colour,IPCC_2_76_123,ocean-colour
Normalized Difference Vegetation INDEX (NDVI),IPCC_2_78_126,normalized difference vegetation index (ndvi)
Northernmost location of the treeline,IPCC_2_78_127,northernmost location of the treeline
Fraction of Absorbed Photosynthetically Active Radiation (FAPAR),IPCC_2_79_128,fraction of absorbed photosynthetically active radiation (fapar)
Leaf Area Index,IPCC_2_79_128,leaf area index (lai)
Atmospheric CO2 concentrations,IPCC_2_81_132,atmospheric co2 concentrations
Ocenan pH,IPCC_2_81_132,ocenan ph
North Atlantic Oscillation NAO Index,IPCC_2_84_139,north atlantic oscillation (nao) index
Northern Annular Mode NAM Index,IPCC_2_84_139,northern annular mode (nam) index
Southern Annular Mode (SAM) Index,IPCC_2_85_141,southern annular mode (sam) index
Sea Surface Temperature (SST Index),IPCC_2_86_146,sea surface temperature (sst)
Oceanic Niño INDEX (ONI),IPCC_2_86_146,oceanic niño index (oni)
Southern Oscillation Index (SOI),IPCC_2_86_146,southern oscillation index (soi)
Marine sediment cores,IPCC_2_89_153,marine sediment cores
Pacific Decadal Oscillation (PDO) Index,IPCC_2_89_154,pacific decadal oscillation (pdo)
Inter-decadal Pacific Oscillation (IPO) Index,IPCC_2_89_154,inter-decadal pacific oscillation (ipo) index
Atlantic Multi-decadal Variability (AMV) Index,IPCC_2_90_158,atlantic multi-decadal variability (amv) index
Precipitation,IPCC_3_8_164,precipitation
Volcanic activity,IPCC_3_17_173,volcanic activity
GHG changes,IPCC_3_17_173,ghg changes
aerosol changes,IPCC_3_17_173,aerosol changes
Sea Surface Temperature (SST),IPCC_3_22_174,sea surface temperature (sst)
Tree rings,IPCC_3_27_176,tree rings
Hadley circulation cell,IPCC_3_37_179,hadley circulation cell
Sea Ice Thermodynamic,IPCC_3_45_183,sea ice thermodynamic
Ocean Temperature,IPCC_3_51_187,ocean temperature
Ocean Heat Content,IPCC_3_51_187,ocean heat content
atmospheric CO2 concentration,IPCC_3_64_190,atmospheric co2 concentrations
atmosphere-land CO2 fluxes,IPCC_3_64_190,atmosphere-land co2 fluxes
leaf area INDEX,IPCC_3_64_190,leaf area index (lai)
Land-Use and Management,IPCC_3_64_190,land-use and management
Wildfires,IPCC_3_64_190,wildfires
Leaf Area Index,IPCC_3_65_191,leaf area index (lai)
North Atlantic Oscillation NAO,IPCC_3_67_194,north atlantic oscillation (nao) index
Northern Annular Mode NAM,IPCC_3_67_194,northern annular mode (nam) index
Indian Ocean Dipole Index (IOD),IPCC_3_78_202,indian ocean dipole index (iod)
Indian ocean Basin (IOB) Index,IPCC_3_78_203,indian ocean basin (iob) index
Pacific Decadal Variability (PDV),IPCC_3_78_203,pacific decadal variability (pdv)
Pacific Decadal Oscillation (PDO),IPCC_3_80_205,pacific decadal oscillation (pdo)
Indian Ocean Dipole (IPO),IPCC_3_80_205,indian ocean dipole (ipo)
Pacific Decadal Variability (PDV),IPCC_3_80_206,pacific decadal variability (pdv)
Pacific Decadal Variability (PDV) Index,IPCC_3_81_208,pacific decadal variability (pdv)
Atlantic Multi-decadal Variability (AMV),IPCC_3_83_210,atlantic multi-decadal variability (amv) index
Sea Surface Temperature (SST) Index,IPCC_3_84_211,sea surface temperature (sst)
Ocean Salinity,IPCC_3_84_212,ocean salinity
global surface air temperature (GSAT),IPCC_4_7_219,global surface air temperature (gsat)
global land precipitation,IPCC_4_7_219,global land precipitation
Arctic sea ice area (SIA),IPCC_4_7_219,arctic sea ice area
the Atlantic Meridional Overturning Circulation (AMOC),IPCC_4_8_220,atlantic meridional overturning circulation (amoc)
global mean ocean surface pH,IPCC_4_8_220,global mean ocean surface ph
carbon uptake by land and ocean,IPCC_4_8_220,carbon uptake by land and ocean
Northern and Southern Annular Modes (NAM and SAM),IPCC_4_8_220,northern and southern annular modes (nam and sam)
El Niño–Southern Oscillation (ENSO),IPCC_4_8_220,el niño-southern oscillation (enso) index
Precipitation Index,IPCC_4_8_221,precipitation index
Circulation Index,IPCC_4_8_221,circulation index
Atlantic Meridional Overturning Circulation (AMOC),IPCC_4_18_229,atlantic meridional overturning circulation (amoc)
ocean pH,IPCC_4_18_229,ocean ph
Northern Annular Mode NAM,IPCC_4_26_231,northern annular mode (nam) index
Sea Surface Temperature (SST),IPCC_4_26_231,sea surface temperature (sst)
"el niño-southern oscillation (enso) index
",IPCC_4_27_234,el niño-southern oscillation (enso) index
land monsoon precipitation INDEX,IPCC_4_34_236,land monsoon precipitation index
Northern Hemisphere summer monsoon circulation INDEX,IPCC_4_34_236,northern hemisphere summer monsoon circulation index
Northern Annular Mode NAM Index,IPCC_4_35_237,northern annular mode (nam) index
El Niño–Southern Oscillation (ENSO) Bjerknes Index,IPCC_4_37_241,el niño-southern oscillation (enso) index bjerknes index
changes in mean precipitation,IPCC_4_49_249,changes in mean precipitation
contrast of mean precipitation between dry and wet regions and between dry and wet seasons,IPCC_4_49_249,contrast of mean precipitation between dry and wet regions and between dry and wet seasons
Global Land Monsoon Precipitation INDEX,IPCC_4_51_250,land monsoon precipitation index
Annular Mode Index,IPCC_4_51_251,annular mode index
Land-Use CO2 Emissions,IPCC_4_79_266,land-use co2 emissions
fossil CO2 Emissions,IPCC_4_79_266,fossil co2 emissions
Non-CO2 fossil fuel emissions,IPCC_4_79_266,non-co2 fossil-fuel emissions
Land-use related non-CO2 emissions,IPCC_4_79_266,land-use related non-co2 emissions
CO2 Concentration,IPCC_4_79_266,co2 concentration
Ice Core Measurements,IPCC_5_14_270,ice core measurements
Sink rate,IPCC_5_19_272,sink rate
El Niño–Southern Oscillation (ENSO) Index,IPCC_5_36_278,el niño-southern oscillation (enso) index
15N/14N isotope ratio,IPCC_5_36_279,15n/14n isotope ratio
position of 15N atom in atmospheric N2O,IPCC_5_36_279,position of 15n atom in atmospheric n2o
Atmospheric inversions,IPCC_5_40_281,atmospheric inversions
Interannual variability of primary production (PP),IPCC_5_57_287,interannual variability of primary production (pp)
Global carbon budget,IPCC_5_70_289,global carbon budget
Global dust deposition,IPCC_6_16_296,global dust deposition
global annual mean tropospheric ozone burden,IPCC_6_22_300,global annual mean tropospheric ozone burden
Tropospheric NO2 abundance,IPCC_6_23_302,tropospheric no2 abundance
Satellite Formaldehyde (HCHO) observations,IPCC_6_26_304,satellite formaldehyde (hcho) observations
Sulphate in precipitation,IPCC_6_30_309,sulphate in precipitation
Surface warming,IPCC_6_56_315,surface warming
Sectoral emissions density,IPCC_6_63_319,sectoral emissions density
population-weighted PM2.5 concentrations,IPCC_6_73_321,population-weighted pm2.5 concentrations
population-weighted ozone concentrations,IPCC_6_73_321,population-weighted ozone concentrations
transient climate response TCR,IPCC_7_9_323,transient climate response tcr
equilibrium climate sensitivity ECS,IPCC_7_9_323,equilibrium climate sensitivity ecs
Surface turbulent fluxes,IPCC_7_17_328,surface turbulent fluxes
Aerosol Index,IPCC_7_29_329,aerosol index
GHS effective radiative forcing,IPCC_7_44_330,ghs effective radiative forcing
transient climate response TCR,IPCC_7_44_330,transient climate response tcr
Antarctic Ice Sheet loss,IPCC_7_55_334,antarctic ice sheet loss
Net climate feedback,IPCC_7_56_335,net climate feedback
Planck temperature response,IPCC_7_56_335,planck temperature response
Sea Surface Temperature SST,IPCC_7_67_343,sea surface temperature (sst)
Global Energy Budget,IPCC_7_77_351,global energy budget
global surface temperature,IPCC_7_82_356,global mean surface temperature (gmst)
TOA energy budget,IPCC_7_82_356,toa energy budget
profile of effective radiative forcing (ERF),IPCC_7_90_359,profile of effective radiative forcing (erf)
emission of particular compounds,IPCC_7_90_359,emission of particular compounds
radiative forcing,IPCC_7_91_360,radiative forcing
absolute global forcing potential (AGFP),IPCC_7_91_360,absolute global forcing potential (agfp)
global surface temperature,IPCC_7_91_360,global mean surface temperature (gmst)
absolute global temperature change potential (AGTP),IPCC_7_91_360,absolute global temperature change potential (agtp)
changes in precipitation frequency and intensity,IPCC_8_27_367,changes in precipitation frequency and intensity
Precipitation,IPCC_8_28_370,precipitation
Snowfall,IPCC_8_28_371,snowfall
Leaf Area Index LAI,IPCC_8_30_372,leaf area index (lai)
Tree ring reconstructions,IPCC_8_33_374,tree rings
Soil Moisture,IPCC_8_33_375,soil moisture
South Pacific Convergence Zone (SPCZ),IPCC_8_39_378,south pacific convergence zone (spcz)
Inter-tropical Convergence Zone (ITCZ) narrowing,IPCC_8_39_378,inter-tropical convergence zone (itcz) narrowing
Rainfall,IPCC_8_42_382,rainfall
poleward shifts in the South Atlantic Convergence Zone (SACZ),IPCC_8_45_390,poleward shifts in the south atlantic convergence zone (sacz)
land rainfall over MC,IPCC_8_46_393,land rainfall over mc
marine cloudiness over MC,IPCC_8_46_393,marine cloudiness over mc
surface moisture flux convergence,IPCC_8_46_393,surface moisture flux convergence
Blocking Index,IPCC_8_47_395,blocking index
Water Vapour Residence Time,IPCC_8_53_397,water vapour residence time
Plant Water Use Efficiency (WUE),IPCC_8_65_401,plant water use efficiency (wue)
Leaf area Index,IPCC_8_65_401,leaf area index (lai)
Palmer Drought Severity INDEX,IPCC_8_66_403,palmer drought severity index (pdsi)
Sea Surface Temperature,IPCC_8_71_406,sea surface temperature (sst)
Rainfall variability,IPCC_8_77_414,rainfall variability
Tropical precipitation,IPCC_8_83_420,tropical precipitation
atmospheric internal variability,IPCC_8_88_422,atmospheric internal variability
Sea surface temperature (SST),IPCC_8_88_422,sea surface temperature (sst)
volcanic eruptions,IPCC_8_90_424,volcanic eruptions
global surface air temperature (GSAT),IPCC_9_11_426,global surface air temperature (gsat)
Sea surface temperature (SST),IPCC_9_27_430,sea surface temperature (sst)
Ocean heat content OHC,IPCC_9_37_432,ocean heat content ohc
aRCTIC SEA ICE AREA,IPCC_9_37_433,arctic sea ice area
Summer North Atlantic Oscilation Index,IPCC_9_47_438,north atlantic oscillation (nao) index
Greenland Blocking Index,IPCC_9_47_438,greenland blocking index
Bedrock topography,IPCC_9_48_440,bedrock topography
Grounding line retreat,IPCC_9_55_443,grounding line retreat
Retreat of Ice Sheet,IPCC_9_59_445,retreat of ice sheet
Glaciar mass loss,IPCC_9_65_447,glacier mass loss
Lake sediments,IPCC_9_66_448,lake sediments
Speleotherm records,IPCC_9_71_451,speleotherm records
Leaf area Index,IPCC_9_76_452,leaf area index (lai)
Tide gauge,IPCC_9_85_462,tide gauge
global mean sea level (GMSL),IPCC_9_96_465,global mean sea level (gmsl)
Power dissipation INDEX,IPCC_9_104_471,power dissipation index
Spatiotemporal variability of meteorological parameters,IPCC_10_24_481,spatiotemporal variability of meteorological parameters
Soil moisture,IPCC_10_31_483,soil moisture
leaf area index,IPCC_10_31_483,leaf area index (lai)
surface albedo,IPCC_10_31_483,surface albedo
Sedimentary records,IPCC_10_56_492,sedimentary records
Atlantic Multi-decadal Variability AMV,IPCC_10_58_493,atlantic multi-decadal variability (amv) index
temperature,IPCC_10_77_504,temperature
Extreme temperatures,IPCC_11_24_511,extreme temperatures
Daily precipitation,IPCC_11_25_512,daily precipitation
Daily temperature,IPCC_11_25_512,daily temperature
Daily temperature,IPCC_11_37_520,daily temperature
mean air temperature,IPCC_11_39_524,mean air temperature
"Changes in the number of warm nights, warm days, cold nights, and cold days",IPCC_11_40_526,"changes in the number of warm nights, warm days, cold nights, and cold days"
Warm spell duration index (WSDI),IPCC_11_40_526,warm spell duration index (wsdi)
Combined extreme index (CEI),IPCC_11_40_527,combined extreme index (cei)
Minimum temperature,IPCC_11_44_532,minimum temperature
reduction in post-volcanic eruption extreme precipitation,IPCC_11_50_537,reduction in post-volcanic eruption extreme precipitation
Simple Daily Intensity INDEX (SDII),IPCC_11_50_537,simple daily intensity index (sdii)
Highest five day precipitation amount (Rx5day),IPCC_11_52_540,highest five day precipitation amount (rx5day)
Highest one day precipitation amount (rx1day),IPCC_11_52_540,highest one day precipitation amount (rx1day)
days of heavy precipitation,IPCC_11_53_541,days of heavy precipitation
annual precipitation from daily precipitation > 95th percentile (r95p),IPCC_11_53_541,annual precipitation from daily precipitation > 95th percentile (r95p)
Standardized Precipitation Index (SPI),IPCC_11_58_543,standardized precipitation index (spi)
Consecutive dry days (CDD),IPCC_11_58_543,consecutive dry days (cdd)
Precipitation deciles and percentiles,IPCC_11_58_543,precipitation deciles and percentiles
Potential evaporation anomalies,IPCC_11_58_543,potential evaporation anomalies
Evaporative Demand Drought Index (EDDI),IPCC_11_58_543,evaporative demand drought index (eddi)
Soil moisture anomalies (SMA),IPCC_11_58_543,soil moisture anomalies
Standardized Soil Moisture Index (SSMI),IPCC_11_58_543,standardized soil moisture index (ssmi)
Standardized Runoff Index (SRI),IPCC_11_58_543,standardized runoff index (sri)
Standardized Streamflow Index (SSI),IPCC_11_58_543,standardized streamflow index (ssi)
threshold level methods,IPCC_11_58_543,threshold level methods
Standardized Groundwater Index (SGI),IPCC_11_58_543,standardized groundwater index (sgi)
Standardized Precipitation Evapotranspiration Index (SPEI),IPCC_11_58_543,standardized precipitation evapotranspiration index (spei)
Palmer Drought Severity Index (PDSI),IPCC_11_58_543,palmer drought severity index (pdsi)
precipitation deficits,IPCC_11_58_544,precipitation deficits
excess of atmospheric evaporative demand (AED),IPCC_11_58_544,excess of atmospheric evaporative demand (aed)
soil moisture deficits,IPCC_11_58_544,soil moisture deficits
hydrological deficits,IPCC_11_58_544,hydrological deficits
atmospheric evaporative demand (AED),IPCC_11_60_547,atmospheric evaporative demand (aed)
Palmer Drought Severity INDEX (PDSI),IPCC_11_60_549,palmer drought severity index (pdsi)
Standardized Precipitation Evapotranspiration INDEX (SPEI),IPCC_11_60_549,standardized precipitation evapotranspiration index (spei)
standardized precipitation index,IPCC_11_60_550,standardized precipitation index (spi)
number of consecutive dry days (CDD),IPCC_11_60_550,number of consecutive dry days (cdd)
total soil moisture,IPCC_11_60_550,total soil moisture
soil moisture-based drought events,IPCC_11_60_550,soil moisture-based drought events
surface soil moisture,IPCC_11_60_550,surface soil moisture
water-balance estimates,IPCC_11_60_550,water-balance estimates
changes in low flows,IPCC_11_60_550,changes in low flows
changes in mean streamflow,IPCC_11_60_550,changes in mean streamflow
pan evaporation measurements,IPCC_11_61_551,pan evaporation measurements
Penman-Monteith AED (atmospheric evaporative demand),IPCC_11_61_551,penman-monteith aed (atmospheric evaporative demand)
Genesis Potential INDEX,IPCC_11_78_568,genesis potential index
increase in global TC maximum surface wind speeds,IPCC_11_79_569,increase in global tc maximum surface wind speeds
power dissipation INDEX,IPCC_11_79_569,power dissipation index
Accumulated Cyclone Energy (ACE),IPCC_11_79_569,accumulated cyclone energy (ace)
Consecutive Dry Days (CDD),IPCC_11_93_579,consecutive dry days (cdd)
standardized runoff index,IPCC_11_94_580,standardized runoff index (sri)
Heat Index (HI),IPCC_12_7_581,heat index (hi)
daily maximum tempreature above 35°C,IPCC_12_11_589,daily maximum tempreature above 35°c
Climate velocity,IPCC_12_14_593,climate velocity
accumulated seasonal heat,IPCC_12_14_594,accumulated seasonal heat
Extreme canopy temperatures,IPCC_12_15_596,extreme canopy temperatures
2 m air temperatures,IPCC_12_15_596,2 m air temperatures
heat stress (humidity and temperature),IPCC_12_15_596,heat stress (humidity and temperature)
10-day  cumulative precipitation,IPCC_12_17_597,10-day cumulative precipitation
precipitation intensity-duration thresholds,IPCC_12_17_598,precipitation intensity-duration thresholds
thresholds related to antecedent wet periods,IPCC_12_17_598,thresholds related to antecedent wet periods
thresholds related to antecedent extreme rainfall intensities,IPCC_12_17_598,thresholds related to antecedent extreme rainfall intensities
Changes in soil moisture,IPCC_12_17_599,changes in soil moisture
Changes in surface water,IPCC_12_17_599,changes in surface water
Water table depth,IPCC_12_17_599,water table depth
rooting depth,IPCC_12_17_599,rooting depth
changes in precipitation,IPCC_12_17_599,changes in precipitation
Changes in evapotranspiration demand,IPCC_12_17_599,changes in evapotranspiration demand
Changes in groundwater,IPCC_12_17_599,changes in groundwater
Water flow volume,IPCC_12_17_600,water flow volume
water intermittency thresholds,IPCC_12_17_600,water intermittency thresholds
consecutive dry days (CDD),IPCC_12_17_601,consecutive dry days (cdd)
Soil moisture,IPCC_12_17_601,soil moisture
standardized precipitation index,IPCC_12_17_601,standardized precipitation index (spi)
standardized runoff index,IPCC_12_17_601,standardized runoff index (sri)
standardized precipitation evapotranspiration index,IPCC_12_17_601,standardized precipitation evapotranspiration index (spei)
Low-flows days,IPCC_12_17_601,low-flows days
Extreme low runoff,IPCC_12_17_601,extreme low runoff
Lightning frequency,IPCC_12_18_602,lightning frequency
Fuel aridity,IPCC_12_18_602,fuel aridity
Snow cover,IPCC_12_18_602,snow cover
local wind circulations,IPCC_12_18_602,local wind circulations
snow water equivalent at key seasonal dates,IPCC_12_19_604,snow water equivalent at key seasonal dates
the fraction of precipitation falling as snow,IPCC_12_19_604,fraction of precipitation falling as snow
the first and last days of snow cover,IPCC_12_19_604,first and last days of snow cover
cold season temperatures,IPCC_12_19_604,cold season temperatures
threshold when the local land elevation falls below the local mean higher high water (MHHW),IPCC_12_20_605,threshold when the local land elevation falls below the local mean higher high water (mhhw)
threshold when flooding occurs about once every two weeks,IPCC_12_20_605,threshold when flooding occurs about once every two weeks
rate of RSLR (relative sea level rise),IPCC_12_20_605,rate of rslr (relative sea level rise)
magnitude of shoreline retreat by a pre-determined planning horizon such as 50 or 100 years into the future,IPCC_12_20_606,magnitude of shoreline retreat by a pre-determined planning horizon such as 50 or 100 years into the future
beach erosion volume due to the 100-year recurrence storm wave height,IPCC_12_20_606,beach erosion volume due to the 100-year recurrence storm wave height
full exceedance probability distribution of coastal erosion volume,IPCC_12_20_606,full exceedance probability distribution of coastal erosion volume
cumulative storm energy and storm power index,IPCC_12_20_606,cumulative storm energy and storm power index
climatic impact-driver (cid) magnitude,IPCC_12_22_609,climatic impact-driver (cid) magnitude
climatic impact-driver (cid) frequency,IPCC_12_22_609,climatic impact-driver (cid) frequency
climatic impact-driver (cid) duration,IPCC_12_22_609,climatic impact-driver (cid) duration
climatic impact-driver (cid) timing,IPCC_12_22_609,climatic impact-driver (cid) timing
climatic impact-driver (cid) spatial extent,IPCC_12_22_609,climatic impact-driver (cid) spatial extent
Change in # days Tx>35°C,IPCC_12_24_613,change in # days tx>35°c
Change in # days HI>41°C,IPCC_12_24_613,change in # days hi>41°c
Change in # droughts,IPCC_12_24_613,change in # droughts
Change in # soil moisture,IPCC_12_24_613,change in # soil moisture
change in mean wind,IPCC_12_24_613,change in mean wind
change in extreme total water level,IPCC_12_24_613,change in extreme total water level
Areas below calcium carbonate saturation thresholds,IPCC_12_24_615,areas below calcium carbonate saturation thresholds
Heat Index HI>41°C,IPCC_12_27_618,heat index (hi)
Drought Index (DI),IPCC_12_43_640,drought index (di)
Drought Frequency (DF),IPCC_12_43_641,drought frequency (df)
Forest Fire Danger INDEX (FFDI),IPCC_12_43_642,forest fire danger index (ffdi)
C-Haines Index,IPCC_12_43_643,c-haines index
Forest fire danger Index (FFDI),IPCC_12_43_643,forest fire danger index (ffdi)
combined sea level due to storm surge and tide,IPCC_12_45_645,combined sea level due to storm surge and tide
growing degree days,IPCC_12_46_648,growing degree days
cooling degree days,IPCC_12_46_648,cooling degree days
Wet bulb globe temperature (WBGT) Index,IPCC_12_49_649,wet bulb globe temperature (wbgt) index
maximum temperatures,IPCC_12_49_649,maximum temperatures
Heat Index (hi),IPCC_12_49_649,heat index (hi)
cooling degree day INDEX,IPCC_12_54_662,cooling degree day index
Heat stress index,IPCC_12_54_663,heat stress index
wet bulb globe temperature (WBGT) index,IPCC_12_54_663,wet bulb globe temperature (wbgt) index
Heating degree day Index,IPCC_12_56_664,heating degree day index
Standardized Precipitation INDEX,IPCC_12_57_665,standardized precipitation index (spi)
consecutive dry days (cdd),IPCC_12_57_665,consecutive dry days (cdd)
Drought Severity INDEX,IPCC_12_57_666,drought severity index
Standardized Precipitation Index,IPCC_12_57_666,standardized precipitation index (spi)
shoreline change (indicator of coastal erosion),IPCC_12_60_671,shoreline change (indicator of coastal erosion)
humidity,IPCC_12_62_673,humidity
Monthly Drought Code fire INDEX,IPCC_12_66_682,monthly drought code fire index
fire Weather INDEX (FWI),IPCC_12_66_682,fire weather index (fwi)
maximum fire weather INDEX,IPCC_12_66_682,maximum fire weather index
convective available potential energy and wind shear,IPCC_12_66_684,convective available potential energy and wind shear
Degree heating weeks,IPCC_12_70_691,degree heating weeks
Degree heating months,IPCC_12_70_691,degree heating months
Wet bulb globe temperature (WBGT) index,IPCC_12_71_692,wet bulb globe temperature (wbgt) index
maximum daytime heat index,IPCC_12_71_692,maximum daytime heat index
Regional deficit index,IPCC_12_72_695,regional deficit index
Tide gauges,IPCC_12_73_700,tide gauge
Fire weather index (fwi),IPCC_12_79_710,fire weather index (fwi)
fire risk,IPCC_12_85_722,fire risk
Heat Index (hi),IPCC_12_85_724,heat index (hi)
Standardized Precipitation Evapotranspiration Index SPEI,IPCC_12_85_726,standardized precipitation evapotranspiration index (spei)
Wet bulb temperature,IPCC_12_88_731,wet bulb temperature
