indicator_orig,indic_id,indicator_harmonized
greenhouse gas INDEX (National Oceanic and Atmospheric Administration),GEO_2_23_6,greenhouse gas index (national oceanic and atmospheric administration)
Glacier Mass balance,GEO_2_26_7,glacier mass balance
 Northern hemisphere (Mar-Apr) snow cover,GEO_2_26_7,northern hemisphere (mar-apr) snow cover
 specific humidity,GEO_2_26_7,specific humidity
 ocean acidification,GEO_2_26_7,ocean acidification
 annual global mean surface temperature,GEO_2_26_7,global mean surface temperature (gmst)
 sea surface temperature,GEO_2_26_7,sea surface temperature (sst)
 marine air temperature,GEO_2_26_7,marine air temperature
 sea level,GEO_2_26_7,sea level
 tropospheric temperature,GEO_2_26_7,tropospheric temperature
 ocean heat content and specific humidity,GEO_2_26_7,ocean heat content and specific humidity
 shrinking of the Arctic ice cover,GEO_2_26_7,shrinking of the arctic ice cover
 increase in the global mean sea level,GEO_2_26_7,increase in the global mean sea level
 altering of the carbon and biogeochemical cycles,GEO_2_26_7,altering of the carbon and biogeochemical cycles
 extent of ice cover,GEO_2_26_7,extent of ice cover
 Tropospheric temperature,GEO_2_26_7,tropospheric temperature
 sea surface air temperature,GEO_2_26_7,sea surface air temperature
 summer Arctic sea-ice extent,GEO_2_26_7,summer arctic sea ice extent
climate related loss events,GEO_2_28_8,climate related loss events
poverty,GEO_3_5_16,poverty
 zoonotic disease,GEO_3_5_16,zoonotic disease
 nutrition,GEO_3_5_16,nutrition
 life expectancy,GEO_3_5_16,life expectancy
 economic growth,GEO_3_5_16,economic growth
 inclusive societies,GEO_3_5_16,inclusive societies
 environmentally friendly policy processes,GEO_3_5_16,environmentally friendly policy processes
Normalized Difference Vegetation INDEX (NDVI),GEO_3_7_18,normalized difference vegetation index (ndvi)
gender-disaggregated agricultural Indices,GEO_3_10_20,gender-disaggregated agricultural indices
 agricultural employment and landholders,GEO_3_10_20,agricultural employment and landholders
 cross-natrional comparative information on access to and ownership of land,GEO_3_10_20,cross-natrional comparative information on access to and ownership of land
 sex-disaggregated burden-of-disease data,GEO_3_10_20,sex-disaggregated burden-of-disease data
underweight children,GEO_3_12_24,underweight children
 malnutrition,GEO_3_12_24,malnutrition
 food security,GEO_3_12_24,food security index
Global Human Settlement Layer (GHSL),GEO_3_14_30,global human settlement layer (ghsl)
sustainability and/or environmental themes as one of the general goals of education,GEO_4_9_33,sustainability and/or environmental themes as one of the general goals of education
 integration of education for sustainable development (ESD) in curricula,GEO_4_9_33,integration of education for sustainable development (esd) in curricula
 integration of education for sustainable development (ESD) in higher education,GEO_4_9_33,integration of education for sustainable development (esd) in higher education
loss of mass of mountain glaciers and polar ice sheets,GEO_4_13_34,loss of mass of mountain glaciers and polar ice sheets
 sea level rise,GEO_4_13_34,sea level rise
 mountain glaciers,GEO_4_13_34,mountain glaciers
 polar ice sheets,GEO_4_13_34,polar ice sheets
antimicrobial resistence in pathogens,GEO_4_15_35,antimicrobial resistence in pathogens
toxocological potential of nanoparticals,GEO_4_15_36,toxocological potential of nanoparticals
greenhouse gas emissions,GEO_4_20_39,greenhouse gas emissions
 global temperature increase,GEO_4_20_39,global temperature increase
measured concentrations of O in the upper stratospere,GEO_5_17_41,measured concentrations of o in the upper stratospere
 ODSs and GHGs,GEO_5_17_41,odss and ghgs
 O3 concentration,GEO_5_17_41,o3 concentration
 GHG emissions,GEO_5_17_41,ghg emissions
O3 concentration,GEO_5_17_42,o3 concentration
 Pressure Ozone Trend,GEO_5_17_42,pressure ozone trend
 O recovery,GEO_5_17_42,o recovery
National Oceanic and Atmospheric Administration Annual Greenhouse Gas INDEX (AGGI),GEO_5_18_43,national oceanic and atmospheric administration annual greenhouse gas index (aggi)
Air Pollution Exposure,GEO_5_19_45,air pollution exposure
" years of healthy life lost from heart disease, stroke, lung cancer, chronic lung disease and respiratory infections",GEO_5_19_45,"years of healthy life lost from heart disease, stroke, lung cancer, chronic lung disease and respiratory infections"
 exposure to ambient PM,GEO_5_19_45,exposure to ambient pm
" high blood pressure, smoking, low birth weight, high levels of blood sugar",GEO_5_19_45,"high blood pressure, smoking, low birth weight, high levels of blood sugar"
 high body mass INDEX,GEO_5_19_45,high body mass index
 premature deaths,GEO_5_19_45,premature deaths
 exposure to high concentrations of pollutants,GEO_5_19_45,exposure to high concentrations of pollutants
 safe level of annual average PM exposure,GEO_5_19_45,safe level of annual average pm exposure
 disability-adjusted life years (DALYs) lost,GEO_5_19_45,disability-adjusted life years (dalys) lost
 premature deaths in 2016 to household air pollution,GEO_5_19_45,premature deaths in 2016 to household air pollution
Ocean Health Index,GEO_6_8_48,ocean health index
urban growth,GEO_6_8_49,urban growth
 land use change,GEO_6_8_49,land use change
 habitat loss,GEO_6_8_49,habitat loss
 deforestation,GEO_6_8_49,deforestation
 road construction,GEO_6_8_49,road construction
Red List Index,GEO_6_15_50,red list index
Living Planet Index,GEO_6_16_52,living planet index
species abundance,GEO_6_16_54,species abundance
 IUCN Red List,GEO_6_16_54,red list index
 Living Planet Index,GEO_6_16_54,living planet index
Biodiversity Intactness Index,GEO_6_16_55,biodiversity intactness index
invertebrate abundance and biomass,GEO_6_16_56,invertebrate abundance and biomass
 Biodiversity Intactness Index,GEO_6_17_57,biodiversity intactness index
Enhanced Vegetation Index,GEO_6_18_58,enhanced vegetation index
 land cover change,GEO_6_18_58,land cover change
Arctic Species Trend Index,GEO_6_24_60,arctic species trend index
deforestation rate,GEO_6_26_61,deforestation rate
coral bleaching,GEO_7_7_63,coral bleaching
 global atmospheric CO levels,GEO_7_7_63,global atmospheric co levels
 CO2 Concentration,GEO_7_7_63,co2 concentration
Marine litter,GEO_7_19_66,marine litter
 Index of coastal eutrophication,GEO_7_19_66,index of coastal eutrophication potential (icep)
 floating plastic litter density,GEO_7_19_66,plastic debris density
build up area,GEO_8_14_67,build up area
 build up area per capita,GEO_8_14_67,build up area
biofuel production,GEO_8_26_75,biofuel production
 fertilizer price,GEO_8_26_75,fertilizer price
 maize price,GEO_8_26_75,maize price
Wetland area index,GEO_9_16_77,wetland area index
Living Planet Index (migratory fish),GEO_9_18_79,living planet index (migratory fish)
 water infrastructure,GEO_9_18_80,water infrastructure
" drinking water supply, treatment and distribution",GEO_9_18_80,"drinking water supply, treatment and distribution"
" provision of safe, reliable drinking water",GEO_9_18_80,"provision of safe, reliable drinking water"
Air Quality Index,GEO_12_12_111,air quality index
 US National Ambient Air Quality Standards,GEO_12_12_111,us national ambient air quality standards
Population-weighted annual mean concentration of PM2.5,GEO_12_15_115,population-weighted annual mean concentration of pm2.5
 Emissions of ozone-depleting substances,GEO_12_15_115,emissions of ozone-depleting substances
 Anthropogenic emissions of long-lived greenhouse gases (CO2 equivalents),GEO_12_15_115,anthropogenic emissions of long-lived greenhouse gases (co2 equivalents)
Exposure to PM concentrations (Population-weighted annual mean concentration of PM2.5),GEO_12_16_117,exposure to pm concentrations (population-weighted annual mean concentration of pm2.5)
PM2.5 emissions,GEO_12_16_119,pm2.5 emissions
 SO2 emissions,GEO_12_16_119,so2 emissions
 NO emissions,GEO_12_16_119,no emissions
 NH3 emissions,GEO_12_16_119,nh3 emissions
emissions of ozone-depleting substances,GEO_12_17_120,emissions of ozone-depleting substances
anthropogenic emissions of long-lived greenhouse gases (GHG emissions),GEO_12_18_121,anthropogenic emissions of long-lived greenhouse gases (ghg emissions)
GHG emissions,GEO_12_18_122,ghg emissions
 Global Warming Potential Index,GEO_12_18_122,global warming potential index
Global Temperature Potential,GEO_12_18_124,global temperature potential
City Biodiversity Index,GEO_13_14_128,city biodiversity index
Ecological footprint,GEO_13_14_129,ecological footprint
 Global capacity,GEO_13_14_129,global capacity
Proportion of countries adopting relevant national legislation and adequately resourcing the prevention or control of invasive alien species,GEO_13_17_134,proportion of countries adopting relevant national legislation and adequately resourcing the prevention or control of invasive alien species
presense of endemic species,GEO_13_18_135,presense of endemic species
Red List Index (impacts of utilization),GEO_13_18_136,red list index (for utilized species)
Ecological Footprint,GEO_13_19_142,ecological footprint
 Biocapacity,GEO_13_19_143,biocapacity
willingness-to-participate,GEO_14_7_145,willingness-to-participate
Coverage of marine protected areas,GEO_14_14_147,coverage of protected areas in relation to marine areas
beach litter,GEO_14_14_151,beach litter
floating plastic debris density,GEO_14_15_152,plastic debris density
 beach litter,GEO_14_15_152,beach litter
 nutrient pollution,GEO_14_15_152,nutrient pollution
 Regional Seas and Action Plans,GEO_14_15_152,regional seas and action plans
 floating debris density,GEO_14_15_154,plastic debris density
 stranded debris,GEO_14_15_154,stranded debris
Number of Vulnerable Marine Ecosystems,GEO_14_16_155,number of vulnerable marine ecosystems
 stock status,GEO_14_16_156,stock status
 IUCN Red List of Ecosystems,GEO_14_16_157,red list of ecosystems
Proportion of land degraded over total land area,GEO_15_17_161,proportion of land that is degraded over total land area
 Terrestrial protected areas as a percentage of total land area,GEO_15_17_161,proportion of terrestrial protected area as a share of the total land area
 Ratio of land consumption rate to population growth rate,GEO_15_17_161,ratio of land consumption rate to population growth rate
soil carbon sequestration,GEO_15_18_165,soil carbon sequestration
terrestrial protected areas as a percentage of total land area,GEO_15_19_166,proportion of terrestrial protected area as a share of the total land area
the proportion of terrestrial protected area as a share of the total land area expressed as a percentage,GEO_15_19_167,proportion of terrestrial protected area as a share of the total land area
Terrestrial protected areas as a percentage of total land area,GEO_15_19_168,proportion of terrestrial protected area as a share of the total land area
 deforestation rate,GEO_15_19_169,deforestation rate
 impacts of agricultural outpic prices on deforestation rates both inside and outside of protected areas,GEO_15_19_169,impacts of agricultural outpic prices on deforestation rates both inside and outside of protected areas
 forest area as a percentage of land area,GEO_15_19_170,forest area as a percentage of total land area
ratio of land consumption rate to population growth rate,GEO_15_20_171,ratio of land consumption rate to population growth rate
 Resources per capita invested in human settlement per km2,GEO_15_21_173,resources per capita invested in human settlement per km2
" Percentage of cities with direct participation structure of civil society in urban planning and management, which operate regularly and democratically",GEO_15_21_173,"percentage of cities with direct participation structure of civil society in urban planning and management, which operate regularly and democratically"
 Ratio of land consumption rate to urban population growth rate at comparable scale,GEO_15_21_173,ratio of land consumption rate to urban population growth rate at comparable scale
Proportion of population using safely managed drinking water services,GEO_16_14_181,proportion of population using safely managed drinking water services
" Proportion of population using safely managed sanitation services, including a hand-washing facility with soap and water",GEO_16_14_181,proportion of population using safely managed sanitation services
 freshwater withdrawal as a proportion of available freshwater resources,GEO_16_14_181,freshwater withdrawal as a proportion of available freshwater resources
 Millenium Development Goals Indicators,GEO_16_15_183,millenium development goals indicators
 improved/unimproved sources of drinking water,GEO_16_16_184,improved/unimproved sources of drinking water
proportion of the global population using piped water supplies on premises,GEO_16_16_185,proportion of the global population using piped water supplies on premises
 proportion of population using an improved drinking water source,GEO_16_16_185,proportion of population using safely managed drinking water services
"Proportion of population using safely managed sanitation services, including a hand-washing facility with soap and water",GEO_16_17_187,proportion of population using safely managed sanitation services
 number of people without access to safe sanitation services,GEO_16_17_189,number of people without access to safe sanitation services
 improved water supply and sanitation,GEO_16_18_190,improved water supply and sanitation
Level of water stress (freshwater withdrawal as a proportion of available freshwater resources),GEO_16_18_192,level of water stress (freshwater withdrawal as a proportion of available freshwater resources)
Level of water stress,GEO_16_18_193,level of water stress
 freshwater change over time,GEO_16_19_194,freshwater change over time
quantity of land area known to have (in)sufficient infrastructure against flooding,GEO_17_8_200,quantity of land area known to have (in)sufficient infrastructure against flooding
 number of residents living in floodplains,GEO_17_8_200,number of residents living in floodplains
 low-elevation coastal zones,GEO_17_8_200,low-elevation coastal zones
 network of communication channels in times of crisis or disaster,GEO_17_8_200,network of communication channels in times of crisis or disaster
 drought-resistant vegetation,GEO_17_8_200,drought-resistant vegetation
 water- saving devices,GEO_17_8_200,water- saving devices
 buffer zones to protect catchment areas,GEO_17_8_200,buffer zones to protect catchment areas
 amend policies that lead to destruction of mangroves,GEO_17_8_200,amend policies that lead to destruction of mangroves
 laws preventing recycling of water,GEO_17_8_200,laws preventing recycling of water
 laws allowing building in vulnerable areas,GEO_17_8_200,laws allowing building in vulnerable areas
 land-use models for efficient farming,GEO_17_8_200,land-use models for efficient farming
 sustainable fishing practices,GEO_17_8_200,sustainable fishing practices
 community awareness,GEO_17_8_200,community awareness
GHG emissions from agriculture,GEO_17_9_201,ghg emissions from agriculture
agricultural emissions from different farming sectors,GEO_17_11_203,agricultural emissions from different farming sectors
 proportion of agricultural area under productive and sustainable agriculture,GEO_17_11_203,proportion of agricultural area under productive and sustainable agriculture
 sustainability and nutrient efficiency of national dietary outcomes,GEO_17_11_203,sustainability and nutrient efficiency of national dietary outcomes
 dietary health and sustainability,GEO_17_11_203,dietary health and sustainability
dietary health and sustainability,GEO_17_12_205,dietary health and sustainability
 including annual estimates of national food supplies per capita for each primary commodity and a number of processed commodities that are potentially available for human consumption,GEO_17_12_205,including annual estimates of national food supplies per capita for each primary commodity and a number of processed commodities that are potentially available for human consumption
 recommended intake values for the food groups,GEO_17_12_206,recommended intake values for the food groups
energy production,GEO_17_14_210,energy production
 energy consumption,GEO_17_14_210,energy consumption
achievement of a circular economic system,GEO_17_20_212,achievement of a circular economic system
 sustainable resource management,GEO_17_20_212,sustainable resource management
 societal behaviour,GEO_17_20_212,societal behaviour
 business operations,GEO_17_20_212,business operations
 material flow accounting,GEO_17_20_212,material flow accounting
 material flow analysis,GEO_17_20_212,material flow analysis
domestic material consumption,GEO_17_20_213,domestic material consumption
societal behaviour,GEO_17_22_214,societal behaviour
under-five mortality rate,GEO_20_6_228,under-five child mortality rate
 PM 2.5 emissions,GEO_20_6_228,pm 2.5 emissions
 O3 emissions,GEO_20_6_228,o3 emissions
 volatile organic compounds emissions,GEO_20_6_228,volatile organic compounds emissions
 PM 10 emissions,GEO_20_6_228,pm 10 emissions
 air quality,GEO_20_6_228,air quality
mortality rate attributable to household and ambient air pollution,GEO_20_7_232,mortality rate attributable to household and ambient air pollution
 deaths due to unsafe water,GEO_20_7_232,deaths due to unsafe water
 sanitation and hygiene,GEO_20_7_232,sanitation and hygiene
 mortality from unintentional poisoning,GEO_20_7_232,mortality from unintentional poisoning
percentage of the population exposed to annual mean PM concentrations above the highest interim target of 35 μg/m,GEO_20_8_233,percentage of the population exposed to annual mean pm concentrations above the highest interim target of 35 μg/m
 United Nations Framework Convention on Climate Change (UNFCCC),GEO_20_8_233,united nations framework convention on climate change
freshwater withdrawal as a proportion of available freshwater resources,GEO_20_8_234,freshwater withdrawal as a proportion of available freshwater resources
 total gobal population living in water scarce areas,GEO_20_8_234,total gobal population living in water scarce areas
 marine nutirent pollution,GEO_20_8_234,marine nutirent pollution
 Index of Coastal Eutrophication (icep),GEO_20_8_234,index of coastal eutrophication potential (icep)
 Floating Plastic Debris Density,GEO_20_8_234,plastic debris density
 nutrient runoff into oceans (N and P),GEO_20_8_234,nutrient runoff into oceans (n and p)
 trends in the proportion of fish stocks within biologically sustainable levels,GEO_20_8_234,proportion of fish stocks within biologically sustainable levels
 proportion of land that is degraded over total land area,GEO_20_8_234,proportion of land that is degraded over total land area
 trends in soil organic carbon stock,GEO_20_8_234,soil organic carbon (soc) stocks
number of people living on less than 1.90 USD per day,GEO_21_8_241,number of people living on less than 1.90 usd per day
 land-use change,GEO_21_10_246,land-use change
" changes in terrestrial, marine and freshwater vertebrate populations",GEO_21_10_246,"changes in terrestrial, marine and freshwater vertebrate populations"
species dispersal ability,GEO_21_11_248,species dispersal ability
proportion of fish stocks within biologically sustainable levels,GEO_21_17_250,proportion of fish stocks within biologically sustainable levels
 projections of global fisheries under an unchanged climate and current management scenario,GEO_21_17_250,projections of global fisheries under an unchanged climate and current management scenario
 proportion of fish stocks at or below a target biomass that can undergo recovery,GEO_21_17_250,proportion of fish stocks within biologically sustainable levels
Body mass index,GEO_21_17_251,body mass index
 blood pressure,GEO_21_17_251,blood pressure
 smoking,GEO_21_17_251,smoking
 childhood undernutrition,GEO_21_17_251,childhood undernutrition
 alcohol use,GEO_21_17_251,alcohol use
Under-five child mortality,GEO_21_17_252,under-five child mortality rate
under-five mortality,GEO_21_18_253,under-five child mortality rate
beef consumption,GEO_22_8_255,beef consumption
energy-intensity,GEO_22_12_256,energy-intensity
 share of low-carbon options,GEO_22_12_256,share of low-carbon options
 measure of income,GEO_22_21_257,measure of income
 levels of education,GEO_22_21_257,levels of education
 low income,GEO_22_21_257,low income
 Women and girl’s education,GEO_22_21_257,women and girl’s education
 Inclusive and equitable quality education,GEO_22_21_257,inclusive and equitable quality education
 child mortality,GEO_22_21_257,child mortality
 fertility rates,GEO_22_21_257,fertility rates
 democracy,GEO_22_21_257,democracy
 universal female education,GEO_22_21_257,universal female education
 piped drinking water,GEO_22_21_257,piped drinking water
 advanced malaria control,GEO_22_21_257,advanced malaria control
 complete phase-out of biomass use for cooking,GEO_22_21_257,complete phase-out of biomass use for cooking
food waste,GEO_23_24_262,food waste index
 yield (improvement),GEO_23_24_262,yield (improvement)
 agro-biodiversity,GEO_23_24_262,agro-biodiversity
 forest and land management,GEO_23_24_262,forest and land management
investment costs of groundwater abstraction and desalination for continued water supply and sanitation of rapidly expanding cities,GEO_23_24_263,investment costs of groundwater abstraction and desalination for continued water supply and sanitation of rapidly expanding cities
 wastewater treatment,GEO_23_24_263,wastewater treatment
 chemical contaminants,GEO_23_24_263,chemical contaminants
inclusive wealth,IPBES_VA_2_7_9,inclusive wealth
UNDP human development dashboard,IPBES_VA_2_8_10,undp human development dashboard
 genuine progress INDICATOR,IPBES_VA_2_8_10,genuine progress indicator
 sustainability dashboard,IPBES_VA_2_8_10,sustainability dashboard
genetic diversity,IPBES_VA_2_10_12,genetic diversity
 endemic species richness,IPBES_VA_2_10_12,endemic species richness
 Gross Domestic Product,IPBES_VA_2_10_12,gross domestic product
 environmental awareness,IPBES_VA_2_10_12,environmental awareness
 inclusion of historically disadvantaged stakeholders,IPBES_VA_2_10_12,inclusion of historically disadvantaged stakeholders
Willingness-to-pay,IPBES_VA_2_18_19,willingness to pay to protect nature or improve ecosystem services
gross national happiness INDEX,IPBES_VA_2_29_20,gross national happiness index
 Willingness-to-give-up-time,IPBES_VA_2_37_25,willingness to allocate time for nature´s contributions to people conservation
Genetic diversity,IPBES_VA_2_38_28,genetic diversity
 number of rare or threatened species,IPBES_VA_2_38_28,number of rare or threatened species
 structural and functional connectivity of habitat,IPBES_VA_2_38_28,structural and functional connectivity of habitat
 proportion of population exposed to air pollution,IPBES_VA_2_38_28,proportion of population exposed to air pollution
 photo-rankings,IPBES_VA_2_38_28,photo-rankings
 spatial densities of relational values in an area,IPBES_VA_2_38_28,spatial densities of relational values in an area
 ethnographic accounts,IPBES_VA_2_38_28,ethnographic accounts
 themes in a text representing nature´s values,IPBES_VA_2_38_28,themes in a text representing nature´s values
 benefits derived from healthy ecosystems and costs caused by its depletion,IPBES_VA_2_38_28,benefits derived from healthy ecosystems and costs caused by its depletion
 stock values of natural capital,IPBES_VA_2_38_28,stock values of natural capital
Gross domestic product (GDP),IPBES_VA_2_38_29,gross domestic product
 Index of sustainable economic welfare (ISEW),IPBES_VA_2_38_29,index of sustainable economic welfare (isew)
 genuine progress indicator (GPI),IPBES_VA_2_38_29,genuine progress indicator
 Sustainable Development Goals index,IPBES_VA_2_38_29,sustainable development goals index
 planetary pressures adjusted human development index,IPBES_VA_2_38_29,planetary pressures adjusted human development index (hdi)
 sustainable well-being index (SWI),IPBES_VA_2_38_29,sustainable well-being index (swi)
 ecological footprint,IPBES_VA_2_38_29,ecological footprint
 human appropriation of net primary production,IPBES_VA_2_38_29,human appropriation of net primary productivity
INDEX of Sustainable Economic Welfare,IPBES_VA_2_39_33,index of sustainable economic welfare (isew)
 United Nations System of Environmental Economic Accounting,IPBES_VA_2_39_33,united nations system of environmental economic accounting
 inclusive wealth,IPBES_VA_2_39_33,inclusive wealth
willingness to allocate time for nature´s contributions to people conservation,IPBES_VA_2_63_45,willingness to allocate time for nature´s contributions to people conservation
 willingness to pay for nature´s contributions to people conservation,IPBES_VA_2_63_45,willingness to pay to protect nature or improve ecosystem services
hectares of mangroves,IPBES_VA_2_76_48,mangrove forest area
 reduced cost of road construction,IPBES_VA_2_76_48,reduced cost of road construction
 reduced cost of road maintenance,IPBES_VA_2_76_48,reduced cost of road maintenance
 fewer lives lost,IPBES_VA_2_76_48,fewer lives lost
livelihood dependence,IPBES_VA_3_2_52,livelihood dependence
 use of natural resource,IPBES_VA_3_2_52,use of natural resource
 peoples’ preferences or spending on safeguarding biodiversity and ecosystem services,IPBES_VA_3_2_52,peoples’ preferences or spending on safeguarding biodiversity and ecosystem services
appearance of new grass in grazing areas,IPBES_VA_3_6_54,appearance of new grass in grazing areas
Biodiversity Intactness INDEX,IPBES_VA_3_26_59,biodiversity intactness index
 rate of use of pesticides,IPBES_VA_3_26_59,rate of use of pesticides
 rate of wood removal,IPBES_VA_3_26_59,rate of wood removal
management effectiveness in National Protected Areas,IPBES_VA_3_27_60,number of protected area management effectiveness (pame) assessments
 corruption perception INDEX,IPBES_VA_3_27_60,corruption perception index
life satisfaction,IPBES_VA_3_41_70,life satisfaction
 happiness,IPBES_VA_3_41_70,happiness
number of photos taken by the public in an advert to indicate aesthetic values,IPBES_VA_3_48_73,number of photos taken by the public in an advert to indicate aesthetic values
 photo series analysis using social media,IPBES_VA_3_48_73,photo series analysis using social media
 number of wildlife pictures posted on a photo-sharing website,IPBES_VA_3_48_73,number of wildlife pictures posted on a photo-sharing website
Global index on indigenous peoples' well-being,IPBES_VA_3_63_79,global index on indigenous peoples' well-being
 holistic health model,IPBES_VA_3_63_79,holistic health model
 living conditions in the Arctic,IPBES_VA_3_63_79,living conditions in the arctic
willingness to give up access to land or other resources to protect nature,IPBES_VA_3_76_86,willingness to give up access to land or other resources to protect nature
 willingness to pay to protect nature or improve ecosystem services,IPBES_VA_3_76_86,willingness to pay to protect nature or improve ecosystem services
 costs associated with protecting nature and biodiversity,IPBES_VA_3_76_86,costs associated with protecting nature and biodiversity
 costs associated with maintaining NCPs of past or future projects,IPBES_VA_3_76_86,costs associated with maintaining ncps of past or future projects
social welfare function (SWF),IPBES_VA_3_96_97,social welfare function (swf)
Inclusive Wealth,IPBES_VA_3_114_99,inclusive wealth
"The number of countries implementing natural resource accounts, excluding energy, within the system of environmental economic accounting",IPBES_VA_4_28_108,"number of countries implementing natural resource accounts, excluding energy, within the system of environmental economic accounting"
biodiversity in poverty reduction strategies,IPBES_VA_4_28_109,biodiversity in poverty reduction strategies
 biophysical inventories of biodiversity and ecosystem services,IPBES_VA_4_28_109,biophysical inventories of biodiversity and ecosystem services
 companies with policies for biodiversity-friendly practices,IPBES_VA_4_28_109,companies with policies for biodiversity-friendly practices
 national accounts reflecting state of biodiversity and ecosystem services,IPBES_VA_4_28_109,national accounts reflecting state of biodiversity and ecosystem services
number of countries implementing the system of environmental economic accounting,IPBES_VA_4_73_122,number of countries implementing the system of environmental economic accounting
" number of countries that have integrated biodiversity values into national accounting and reporting systems, defined as implementation of the system of environmental-economic accounting (SEEA)",IPBES_VA_4_73_122,"number of countries that have integrated biodiversity values into national accounting and reporting systems, defined as implementation of the system of environmental-economic accounting (seea)"
gross ecosystem product,IPBES_VA_4_89_124,gross ecosystem product
Gross domestic product,IPBES_VA_5_78_136,gross domestic product
 Human Development INDEX,IPBES_VA_5_78_136,human development index (hdi)
 Genuine Progress INDICATOR (GPI),IPBES_VA_5_78_136,genuine progress indicator
 Sustainable Economic Welfare (ISEW),IPBES_VA_5_78_136,sustainable economic welfare (isew)
 Sustainable Development INDEX (SDI),IPBES_VA_5_78_136,sustainable development index (sdi)
 Inclusive Wealth,IPBES_VA_5_78_136,inclusive wealth
Gross National Happiness INDEX of Bhutan,IPBES_VA_6_21_143,gross national happiness index of bhutan
 Genuine Progress INDICATOR,IPBES_VA_6_21_143,genuine progress indicator
green gross domestic product,IPBES_VA_6_22_145,green gross domestic product
"extent to which (i) global citizenship education and (ii) education for sustainable development, including gender equality and human rights, are mainstreamed at all levels in: (a) national education policies, (b) curricula, (c) teacher education and (d) student assessments",IPBES_VA_6_52_152,"extent to which (i) global citizenship education and (ii) education for sustainable development, including gender equality and human rights, are mainstreamed at all levels in: (a) national education policies, (b) curricula, (c) teacher education and (d) student assessments"
gross domestic product,IPBES_VA_6_61_155,gross domestic product
nature risk INDEX,IPBES_VA_6_64_156,nature risk index
 climate risk index,IPBES_VA_6_64_156,climate risk index
Gross domestic product (GDP),IPBES_GA_1_19_6,gross domestic product
 human development INDEX,IPBES_GA_1_19_6,human development index (hdi)
 inclusive wealth,IPBES_GA_1_19_6,inclusive wealth
 gross national happiness index,IPBES_GA_1_19_6,gross national happiness index
Human development index (HDI),IPBES_GA_1_31_9,human development index (hdi)
Ecological footprint,IPBES_GA_1_52_19,ecological footprint
 Water footprint (Human appropriation of fresh water),IPBES_GA_1_52_19,water footprint
 Percentage of category 1 nations in CITES,IPBES_GA_1_52_19,percentage of countries that are category 1 cites parties
 Trends in forest extent (tree cover),IPBES_GA_1_52_19,trends in forest extent
" Protected area coverage of Key Biodiversity Areas (including Important Bird and Biodiversity Areas, Alliance for Zero Extinction sites)",IPBES_GA_1_52_19,protected area coverage of key biodiversity areas
 Total wood removals,IPBES_GA_1_52_19,total wood removals
 Biodiversity Habitat Index,IPBES_GA_1_52_19,biodiversity habitat index
 Species Habitat Index,IPBES_GA_1_52_19,species habitat index
 Forest area as a percentage of total land area,IPBES_GA_1_52_19,forest area as a percentage of total land area
 Trends in fisheries certified by the MSC,IPBES_GA_1_52_19,trends in fisheries certified by the msc
 Estimated fisheries catch and fishing effort,IPBES_GA_1_52_19,estimated fisheries catch and fishing effort
 Proportion of fish stocks within biologically sustainable levels,IPBES_GA_1_52_19,proportion of fish stocks within biologically sustainable levels
 Inland fishery production,IPBES_GA_1_52_19,inland fishery production
 Marine Trophic Index,IPBES_GA_1_52_19,marine trophic index (mti)
 Proportion of area of forest production under FSC and PEFC certification,IPBES_GA_1_52_19,proportion of area of forest production under fsc and pefc certification
 Nitrogen use efficiency,IPBES_GA_1_52_19,nitrogen use efficiency
 Nitrogen + Phosphate Fertilizers (N+P205 total nutrients),IPBES_GA_1_52_19,nitrogen + phosphate fertilizers (n+p205 total nutrients)
 Trends in pesticide use,IPBES_GA_1_52_19,trends in pesticide use
 Trends in nitrogen deposition,IPBES_GA_1_52_19,trends in nitrogen deposition
 Species protection index,IPBES_GA_1_52_19,species protection index
 Protected area management effectiveness,IPBES_GA_1_52_19,protected area management effectiveness (pame)
 Protected Area Connectedness Index,IPBES_GA_1_52_19,protected area connectedness (parc-connectedness) index
" Percentage of areas covered by protected areas- marine, coastal, terrestrial, inland water",IPBES_GA_1_52_19,protected area coverage
 Biodiversity Intactness Index,IPBES_GA_1_52_19,biodiversity intactness index
 Red list index,IPBES_GA_1_52_19,red list index
 Species habitat index,IPBES_GA_1_52_19,species habitat index
" Proportion of local breeds, classified as being at risk, not-at-risk or unknown level of risk of extinction",IPBES_GA_1_52_19,proportion of local breeds classified as being at risk of extinction
 inland fishery production,IPBES_GA_1_52_19,inland fishery production
 Percentage of undernourished people,IPBES_GA_1_52_19,percentage of undernourished people
 Number of countries with developed or revised NBSAPs,IPBES_GA_1_52_19,number of countries with developed or revised nbsaps
 Proportion of known species assessed through the IUCN red list,IPBES_GA_1_52_19,proportion of known species assessed through the red list index
 species status index,IPBES_GA_1_52_19,species status index
 Living planet index,IPBES_GA_1_52_19,living planet index
" Number of countries with national instruments on biodiversity-relevant taxes, charges and fees",IPBES_GA_1_52_19,"number of countries with national instruments on biodiversity relevant taxes, charges and fees"
 Number of countries with national instruments on REDD plus schemes,IPBES_GA_1_52_19,number of countries with national instruments on redd plus schemes
 Trends in potentially harmful elements of government support to agriculture (produced support estimates),IPBES_GA_1_52_19,trends in potentially harmful elements of government support to agriculture (produced support estimates)
 Trends in potentially harmful elements of government support to fisheries,IPBES_GA_1_52_19,trends in potentially harmful elements of government support to fisheries
 Number of countries with national instruments on biodiversity relevant tradable permit schemes,IPBES_GA_1_52_19,number of countries with national instruments on biodiversity relevant tradable permit schemes
 Human appropriation of net primary productivity,IPBES_GA_1_52_19,human appropriation of net primary productivity
 Trend in Carbon Intensity,IPBES_GA_1_52_19,trend in carbon intensity
 Global climate risk Index,IPBES_GA_1_52_19,global climate risk index
 Westland Extent Trend Index,IPBES_GA_1_52_19,wetland extent trends index
 Global effort in bottom trawling,IPBES_GA_1_52_19,global effort in bottom-trawling
 Number and coverage of stocks with adaptive management systems/plans,IPBES_GA_1_52_19,number and coverage of stocks with adaptive management systems/plans
  Presence of regulations requiring recovery of depleted species,IPBES_GA_1_52_19,presence of regulations requiring recovery of depleted species
 Policies to secure that mortalities and significant indirect adverse impacts on non-target species are accounted for are in place,IPBES_GA_1_52_19,policies to secure that mortalities and significant indirect adverse impacts on non-target species are accounted for are in place
  Policies make adequate provisions to minimize impacts of fisheries on threatened species,IPBES_GA_1_52_19,policies make adequate provisions to minimize impacts of fisheries on threatened species
 Coverage of fisheries with management measures to reduce bycatch and discards,IPBES_GA_1_52_19,coverage of fisheries with management measures to reduce bycatch and discards
  Proportion of predatory fish,IPBES_GA_1_52_19,proportion of predatory fish
 Mean length of fish,IPBES_GA_1_52_19,mean length of fish
 BioTime-Local Species Richness,IPBES_GA_1_52_19,biotime-local species richness
 Temporal Species Turnover,IPBES_GA_1_52_19,temporal species turnover
 Overall Species Abundance,IPBES_GA_1_52_19,overall species abundance
 Non declining exploited species,IPBES_GA_1_52_19,non declining exploited species
 Number of world natural heritage sites per country per year,IPBES_GA_1_52_19,number of world natural heritage sites per country per year
 Nitrogen use balance,IPBES_GA_1_52_19,nitrogen use balance
 Areas of agricultural land under convervation agriculture,IPBES_GA_1_52_19,area of agricultural land under conservation
  Proportion of agricultural area under productive and sustainable agriculture,IPBES_GA_1_52_19,proportion of agricultural area under productive and sustainable agriculture
 Trends in the numbers of invasive alien species introduction events,IPBES_GA_1_52_19,trends in the numbers of invasive alien species introduction events
 Trends in invasive alien species vertebrate eradications,IPBES_GA_1_52_19,trends in invasive alien species vertebrate eradications
" Protected area coverage of terrestrial, marine and freshwater ecoregions",IPBES_GA_1_52_19,"protected area coverage of terrestrial, marine and freshwater ecoregions"
 Protected Area Representativeness Index,IPBES_GA_1_52_19,protected area representativeness index
 Wildlife Picture Index,IPBES_GA_1_52_19,wildlife picture index
 Mean Species Abundance,IPBES_GA_1_52_19,mean species abundance (msa)
 Number of species extinctions,IPBES_GA_1_52_19,number of species extinctions
 RAMSAR sites,IPBES_GA_1_52_19,ramsar sites
 Better life index,IPBES_GA_1_52_19,better life index
 Percentage of population using safely managed drinking water services,IPBES_GA_1_52_19,percentage of population using safely managed drinking water services
 Wetland Extent Trend Index,IPBES_GA_1_52_19,wetland extent trends index
 Land under cereal production (ha),IPBES_GA_1_52_19,land under cereal production (ha)
 Global Ecosystem Restoration Index,IPBES_GA_1_52_19,global ecosystem restoration index
" Number of countries that have adopted legislative, administrative and policy frameworks to ensure fair and equitable sharing of benefits",IPBES_GA_1_52_19,"number of countries that have adopted legislative, administrative and policy frameworks to ensure fair and equitable sharing of benefits"
 Global Index of Linguistic Diversity and language threat level,IPBES_GA_1_52_19,global linguistic diversity index and language threat level
 Growth in species occurrence records accessible through GBIF,IPBES_GA_1_52_19,species occurrence records accessible through the global biodiversity information facility
  Species represented in the barcode of life data system,IPBES_GA_1_52_19,species represented in the barcode of life data system
" Information provided through the financial reporting framework, adopted by decision XII/3 
",IPBES_GA_1_52_19,"information provided through the financial reporting framework, adopted by decision xii/3"
GDP per capita,IPBES_GA_2_20_26,gross domestic product
Child mortality,IPBES_GA_2_22_28,child mortality
 caloric intake,IPBES_GA_2_22_28,caloric intake
 per capita consumption,IPBES_GA_2_22_28,per capita consumption
 value of merchandise being exported,IPBES_GA_2_22_28,value of merchandise being exported
mortality rate under 5,IPBES_GA_2_24_29,mortality rate under 5
 Human development index,IPBES_GA_2_24_29,human development index (hdi)
 calorie intake,IPBES_GA_2_24_29,caloric intake
 GDP per capita,IPBES_GA_2_24_29,gross domestic product
 Globalization index,IPBES_GA_2_24_29,globalization index
 Domestic material consumption per capita,IPBES_GA_2_24_29,domestic material consumption
 merchandise exports,IPBES_GA_2_24_29,merchandise exports
 total population,IPBES_GA_2_24_29,total population
 proportion of urban population,IPBES_GA_2_24_29,proportion of urban population
 International migrant stock,IPBES_GA_2_24_29,international migrant stock
 Absence of conflict as indicator of political stability,IPBES_GA_2_24_29,absence of conflict as indicator of political stability
 Protection of key biodiversity areas,IPBES_GA_2_24_29,protection of key biodiversity areas
human development index,IPBES_GA_2_22_30,human development index (hdi)
income,IPBES_GA_2_25_31,income
 life expectancy at birth,IPBES_GA_2_25_31,life expectancy
 average number of years of schooling,IPBES_GA_2_25_31,average number of years of schooling
World happiness index,IPBES_GA_2_25_34,world happiness index
 Social progress index,IPBES_GA_2_25_34,social progress index
 Environmental performance index,IPBES_GA_2_25_34,environmental performance index
 Environmental Component of the Social Sustainability INDEX,IPBES_GA_2_25_34,environmental component of the social sustainability index
index of linguistic diversity,IPBES_GA_2_41_36,linguistic diversity index
Fertilizer use,IPBES_GA_2_83_42,fertilizer use
 Land use change,IPBES_GA_2_83_42,land use change
 Extraction of living biomass,IPBES_GA_2_83_42,extraction of living biomass
 Extraction of non-living materials,IPBES_GA_2_83_42,extraction of non-living materials
 Greenhouse gas emissions,IPBES_GA_2_83_42,greenhouse gas emissions
 Air pollution,IPBES_GA_2_83_42,air pollution
 Alien species richness,IPBES_GA_2_83_42,alien species richness
Access to improved sanitation facilities,IPBES_GA_2_109_44,access to improved sanitation facilities
Water quality index (WATQI),IPBES_GA_2_110_45,water quality index (watqi)
Biodiversity Intactness index,IPBES_GA_2_117_46,biodiversity intactness index
Total land footprint,IPBES_GA_2_118_47,total land footprint
 percentage of abroad land use footprint,IPBES_GA_2_118_47,percentage of abroad land use footprint
 percentage of agricultural and urban areas,IPBES_GA_2_118_47,percentage of agricultural and urban areas
 Extraction of non-human materials,IPBES_GA_2_118_47,extraction of non-human materials
 Total GHG emissions,IPBES_GA_2_118_47,total greenhouse gas emissions per year
 Alien species,IPBES_GA_2_118_47,alien species
Biomass of prey fish,IPBES_GA_2.2_1_50,biomass of prey fish
 Terrestrial vegetation biomass,IPBES_GA_2.2_1_50,terrestrial vegetation biomass
 extent of forests,IPBES_GA_2.2_1_50,extent of forests
 area of tree cover,IPBES_GA_2.2_1_50,tree cover
 total extinction risk,IPBES_GA_2.2_1_50,extinction risk
time needed to harvest resources,IPBES_GA_2.2_5_55,time needed to harvest resources
 distance travelled to harvest resources,IPBES_GA_2.2_5_55,distance travelled to harvest resources
 culturally salient species,IPBES_GA_2.2_5_55,culturally salient species
 native newcomer species arrive,IPBES_GA_2.2_5_55,native newcomer species arrive
 new pests and invasive alien species colonize,IPBES_GA_2.2_5_55,new pests and invasive alien species colonize
 forests and grazing lands loss,IPBES_GA_2.2_5_55,forests and grazing lands loss
 remnant ecosystems degrade,IPBES_GA_2.2_5_55,remnant ecosystems degrade
 health condition and body size of wild animals decrease,IPBES_GA_2.2_5_55,health condition and body size of wild animals decrease
tropical forest-monocrop conversions,IPBES_GA_2.2_6_56,tropical forest-monocrop conversions
 expansion of settlements,IPBES_GA_2.2_6_56,expansion of settlements
 discontinued traditional land-management practices,IPBES_GA_2.2_6_56,discontinued traditional land-management practices
 droughts,IPBES_GA_2.2_6_56,droughts
 increasingly unpredictable annual distribution of rainfall,IPBES_GA_2.2_6_56,increasingly unpredictable annual distribution of rainfall
 arrival of new native and alien species,IPBES_GA_2.2_6_56,arrival of new native and alien species
 changing range of wild species,IPBES_GA_2.2_6_56,changing range of wild species
 floods,IPBES_GA_2.2_6_56,floods
 overexploitation of resources by outsiders and locals,IPBES_GA_2.2_6_56,overexploitation of resources by outsiders and locals
Total richness of endemic species,IPBES_GA_2.2_21_61,total richness of endemic species
 range-size rarity,IPBES_GA_2.2_21_61,range-size rarity
 endemism richness,IPBES_GA_2.2_21_61,endemism richness
 weighted endemisms,IPBES_GA_2.2_21_61,weighted endemisms
Soil organic carbon,IPBES_GA_2.2_37_70,soil organic carbon
 Fraction of ocean not fished per year,IPBES_GA_2.2_37_70,fraction of ocean not fished per year
 Extent of marine wilderness,IPBES_GA_2.2_37_70,extent of marine wilderness
 Leaf area index,IPBES_GA_2.2_37_70,leaf area index (lai)
 Tree cover,IPBES_GA_2.2_37_70,tree cover
 Vegetation biomass,IPBES_GA_2.2_37_70,vegetation biomass
 Permanent surface water extent,IPBES_GA_2.2_37_70,permanent surface water extent
 Aboveground biomass,IPBES_GA_2.2_37_70,above-ground biomass
 BHI (overall habitat integrity),IPBES_GA_2.2_37_70,biodiversity habitat index
 Land not cultivated or urban (indigenous Lands),IPBES_GA_2.2_37_70,land not cultivated or urban (indigenous lands)
 Land not cultivated or urban (Hotspots),IPBES_GA_2.2_37_70,land not cultivated or urban (hotspots)
 Land not cultivated or urban (global),IPBES_GA_2.2_37_70,land not cultivated or urban
 Natural habitat extent,IPBES_GA_2.2_37_70,extent of suitable habitat
 Extent of forests,IPBES_GA_2.2_37_70,extent of forests
 Mangrove forest area,IPBES_GA_2.2_37_70,mangrove forest area
 Remaining primary vegetation (Indigenous Lands),IPBES_GA_2.2_37_70,remaining primary vegetation (indigenous lands)
 Coastal protection habitats,IPBES_GA_2.2_37_70,coastal protection habitats
 Percentage live coral cover,IPBES_GA_2.2_37_70,live coral cover
 remaining primary vegetations,IPBES_GA_2.2_37_70,remaining primary vegetation
 Extent of terrestrial wilderness,IPBES_GA_2.2_37_70,extent of terrestrial wilderness
 Extent of intact forest landscapes,IPBES_GA_2.2_37_70,extent of intact forest landscapes
 Coastal carbon-rich habitat,IPBES_GA_2.2_37_70,coastal carbon-rich habitat
 Wetland extent trends index,IPBES_GA_2.2_37_70,wetland extent trends index
 Seagrass meadow area,IPBES_GA_2.2_37_70,seagrass meadow area
 Mean annual change in aboveground biomass,IPBES_GA_2.2_37_70,mean annual change in above-ground biomass
 Biomass turnover rate,IPBES_GA_2.2_37_70,biomass turnover rate
 Oceanic carbon sequestration,IPBES_GA_2.2_37_70,oceanic carbon sequestration
 Terrestrial C sequestration,IPBES_GA_2.2_37_70,terrestrial c sequestration
 Marine NPP,IPBES_GA_2.2_37_70,marine net primary production
 Terrestrial NPP,IPBES_GA_2.2_37_70,terrestrial net primary production
 NPP remaining in ecosystems,IPBES_GA_2.2_37_70,net primary production
 Evapotranspiration,IPBES_GA_2.2_37_70,evapotranspiration
 Biological pump efficiency,IPBES_GA_2.2_37_70,biological pump efficiency
 Local species richness,IPBES_GA_2.2_37_70,local species richness
 Mean Species abundance Index,IPBES_GA_2.2_37_70,mean species abundance (msa)
 Tropical forest BII (Indigenous Lands),IPBES_GA_2.2_37_70,"biodiversity intactness index (tropical forest, indigenous lands)"
 Tropical forest BII (overall),IPBES_GA_2.2_37_70,biodiversity intactness index (tropical forest)
 Tropical forest BII (hotspots),IPBES_GA_2.2_37_70,"biodiversity intactness index (tropical forest, hotspots)"
 Cumulative number of alien species,IPBES_GA_2.2_37_70,cumulative introduced invasive aliens
 Cumulative introduced invasive aliens,IPBES_GA_2.2_37_70,cumulative introduced invasive aliens
 Bird species per grid cell,IPBES_GA_2.2_37_70,bird species per grid cell
 Species richness per grid cell,IPBES_GA_2.2_37_70,species richness per grid cell
 Forest-specialist bird species per grid cell,IPBES_GA_2.2_37_70,forest-specialist bird species per grid cell
 Functional intactness,IPBES_GA_2.2_37_70,functional intactness (madingley)
 Global mammal & bird species remaining,IPBES_GA_2.2_37_70,global mammal and bird species remaining
 Red List Index,IPBES_GA_2.2_37_70,red list index
 Mammalian range size,IPBES_GA_2.2_37_70,mammalian range size
 Megafaunal range size,IPBES_GA_2.2_37_70,megafaunal range size
 Species Habitat index,IPBES_GA_2.2_37_70,species habitat index
 Extent of suitable habitat,IPBES_GA_2.2_37_70,extent of suitable habitat
 wild mammal biomass,IPBES_GA_2.2_37_70,wild mammal biomass
 prey fish biomass,IPBES_GA_2.2_37_70,prey fish biomass
 fish stocks biologically sustainable,IPBES_GA_2.2_37_70,proportion of fish stocks within biologically sustainable levels
 Wild Bird Index,IPBES_GA_2.2_37_70,wild bird index
 Predatory fish biomass,IPBES_GA_2.2_37_70,predatory fish biomass
seagrass meadow area,IPBES_GA_2.2_38_74,seagrass meadow area
 mangrove forest area,IPBES_GA_2.2_38_74,mangrove forest area
 live coral cover on reefs,IPBES_GA_2.2_38_74,live coral cover
 Ocean health index,IPBES_GA_2.2_38_74,ocean health index
Biodiversity habitat index,IPBES_GA_2.2_39_75,biodiversity habitat index
 Wetland extent trend index,IPBES_GA_2.2_39_75,wetland extent trends index
Aboveground biomass,IPBES_GA_2.2_39_76,above-ground biomass
Tree cover,IPBES_GA_2.2_40_77,tree cover
Extent of forests,IPBES_GA_2.2_40_78,extent of forests
Leaf area index,IPBES_GA_2.2_40_79,leaf area index (lai)
Terrestrial Net Primary Production NPP,IPBES_GA_2.2_42_82,terrestrial net primary production
 material NCP,IPBES_GA_2.2_42_82,material ncp
BioTime Species richness indicator,IPBES_GA_2.2_45_85,biotime species richness indicator
 PREDICTS species-richness INDICATOR,IPBES_GA_2.2_45_85,local species richness (predicts)
Biodiversity Intactness INDEX,IPBES_GA_2.2_45_87,biodiversity intactness index
Biodiversity Intactness Index,IPBES_GA_2.2_46_88,biodiversity intactness index
 Mean species abundance,IPBES_GA_2.2_46_88,mean species abundance (msa)
Species richness per grid cell,IPBES_GA_2.2_47_90,species richness per grid cell
 Average functional intactness,IPBES_GA_2.2_47_90,functional intactness (madingley)
Red List INDEX,IPBES_GA_2.2_51_92,red list index
 red list index (internationally traded species),IPBES_GA_2.2_51_92,red list index (internationally traded species)
 red list index (pollinators),IPBES_GA_2.2_51_92,red list index (pollinators)
 red list index (species used for food and medicine),IPBES_GA_2.2_51_92,red list index (for utilized species)
 red list index (wild relatives of farmed and domesticated species),IPBES_GA_2.2_51_92,red list index (wild relatives of farmed and domesticated species)
Biodiversity Habitat Index,IPBES_GA_2.2_52_95,biodiversity habitat index
Marine trophic index,IPBES_GA_2.2_59_101,marine trophic index (mti)
Human Footprint,IPBES_GA_2.2_62_105,human footprint
trends of populations of palatable or unpalatable species,IPBES_GA_2.2_63_107,trends of populations of palatable or unpalatable species
culturally salient wild species populations,IPBES_GA_2.2_65_113,culturally salient species
 time needed or distance travelled to harvest resources,IPBES_GA_2.2_65_113,distance travelled to harvest resources
 native newcomer species,IPBES_GA_2.2_65_113,native newcomer species arrive
 opening up of forest canopy,IPBES_GA_2.2_65_113,opening up of forest canopy
" less biomass, more annuals and shrubs on pastures",IPBES_GA_2.2_65_113,"less biomass, more annuals and shrubs on pastures"
 proportion of unpalatable plants on rangelands,IPBES_GA_2.2_65_113,proportion of unpalatable plants on rangelands
 condition and size of wild animals,IPBES_GA_2.2_65_113,condition and size of wild animals
IUCN red list of threatened species,IPBES_GA_2.2_70_120,red list index
 Proportion of fish stocks within sustainable levels,IPBES_GA_2.2_70_120,proportion of fish stocks within biologically sustainable levels
 mean length of fish,IPBES_GA_2.2_70_120,mean length of fish
 local species richness,IPBES_GA_2.2_70_120,local species richness
 NPP,IPBES_GA_2.2_70_120,net primary production
 Mangrove forest cover,IPBES_GA_2.2_70_120,mangrove forest area
 Percentage of live coral cover,IPBES_GA_2.2_70_120,percentage of live coral cover
Adverse changes in woody or shrubby vegetation,IPBES_GA_2.2_81_123,adverse changes in woody or shrubby vegetation
 adverse changes of unpalatable species,IPBES_GA_2.2_81_123,adverse changes of unpalatable species
Global cover of mangroves,IPBES_GA_2.2_91_124,global cover of mangroves
 hallow coral reefs,IPBES_GA_2.2_91_124,hallow coral reefs
 live coral cover,IPBES_GA_2.2_91_124,live coral cover
 severe global bleaching events,IPBES_GA_2.2_91_124,severe global bleaching events
 pollinator diversity,IPBES_GA_2.3_2_125,pollinator diversity
Species used for medicine,IPBES_GA_2.3_22_127,species used for medicine
 Crops and their dietary roles,IPBES_GA_2.3_22_127,crops and their dietary roles
 Forest and its role in protecting water sources,IPBES_GA_2.3_22_127,forest and its role in protecting water sources
 behavior of animals with importance as food,IPBES_GA_2.3_22_127,behavior of animals with importance as food
 changes in crop phenology,IPBES_GA_2.3_22_127,changes in crop phenology
 development of crop varieties or landraces,IPBES_GA_2.3_22_127,development of crop varieties or landraces
Visitation to national parks,IPBES_GA_2.3_32_132,visitation to national parks
 Visitation to urban green spaces,IPBES_GA_2.3_32_132,visitation to urban green spaces
Connection to land,IPBES_GA_2.3_36_133,connection to land
 Connection to sea,IPBES_GA_2.3_36_133,connection to sea
" Terrestrial Net Primary Productivity, evapotranspiration",IPBES_GA_2.3_39_137,terrestrial net primary production
 Bare area,IPBES_GA_2.3_39_137,bare area
 Soil organic carbon,IPBES_GA_2.3_39_137,soil organic carbon
 Area of Floodplain Wetlands,IPBES_GA_2.3_39_137,area of floodplain wetlands
 Net Primary Productivity in Forests and on Cultivated Land,IPBES_GA_2.3_39_137,net primary productivity in forests and on cultivated land
 Cultivated area,IPBES_GA_2.3_39_137,cultivated area
 Aboveground biomass in forests,IPBES_GA_2.3_39_137,above-ground biomass in forests
 Medicinal Species as a Fraction of Total Vascular Plant Species,IPBES_GA_2.3_39_137,medicinal species as a fraction of total vascular plant species
 Geographical Overlay of Linguistic Diversity and Biodiversity,IPBES_GA_2.3_39_137,geographical overlay of linguistic diversity and biodiversity
 Rate of land use change,IPBES_GA_2.3_39_137,rate of land use change
Population size,IPBES_GA_2.3_40_140,population size
 Spatial distribution,IPBES_GA_2.3_40_140,spatial distribution of species
 Animal behavior,IPBES_GA_2.3_40_140,animal behavior
 Phenology of economically and/or culturally important wild plant and animal species,IPBES_GA_2.3_40_140,phenology of economically and/or culturally important wild plant and animal species
 catch per unit effort,IPBES_GA_2.3_40_140,catch per unit effort
 distance travelled to reach a resource,IPBES_GA_2.3_40_140,distance travelled to harvest resources
 health of the soil,IPBES_GA_2.3_40_140,health of the soil
 density of preferred and palatable species,IPBES_GA_2.3_40_140,density of preferred and palatable species
health of the forest,IPBES_GA_2.3_41_142,health of the forest
 encounter rates with supernatural forest dwelling entities,IPBES_GA_2.3_41_142,encounter rates with supernatural forest dwelling entities
Water availability,IPBES_GA_2.3_42_143,water availability
Water available for people relative to demand,IPBES_GA_2.3_42_143,water available for people relative to demand
 Extent of ecosystems that filter or add constituent components to water,IPBES_GA_2.3_42_143,extent of ecosystems that filter or add constituent components to water
Reduced concentration of pollutants in water,IPBES_GA_2.3_42_143,reduced concentration of pollutants in water
Avoided water treatment costs,IPBES_GA_2.3_42_143,avoided water treatment costs
Reduced incidence of water borne disease,IPBES_GA_2.3_42_143,reduced incidence of water borne disease
Extent of suitable habitat,IPBES_GA_2.3_42_143,extent of suitable habitat
Biodiversity intactness index,IPBES_GA_2.3_42_143,biodiversity intactness index
Pollinator diversity,IPBES_GA_2.3_42_143,pollinator diversity
Abundance of managed and wild pollinators,IPBES_GA_2.3_42_143,abundance of managed and wild pollinators
Health associated with intake of pollinator dependent foods,IPBES_GA_2.3_42_143,health associated with intake of pollinator dependent foods
Natural habitat in agriculture,IPBES_GA_2.3_42_143,natural habitat in agriculture
 Pollen deposition,IPBES_GA_2.3_42_143,pollen deposition
Retention and prevented emissions of air pollutants by ecosystems,IPBES_GA_2.3_42_143,retention and prevented emissions of air pollutants by ecosystems
Reduced concentrations of PM2.5,IPBES_GA_2.3_42_143,reduced concentrations of pm2.5
Avoided morbidity and premature mortality from air pollution,IPBES_GA_2.3_42_143,avoided morbidity and premature mortality from air pollution
Avoided costs from air pollution,IPBES_GA_2.3_42_143,avoided costs from air pollution
Prevented emissions and uptake of greenhouse gases by ecosystems,IPBES_GA_2.3_42_143,prevented emissions and uptake of greenhouse gases by ecosystems
Reduced concentrations of greenhouse gases in the atmosphere,IPBES_GA_2.3_42_143,reduced concentrations of greenhouse gases in the atmosphere
Reduction in climate related costs,IPBES_GA_2.3_42_143,reduction in climate related costs
Land and ocean carbon sinks,IPBES_GA_2.3_42_143,land and ocean carbon sinks
Reduced ocean acidification,IPBES_GA_2.3_42_143,reduced ocean acidification
Seafood availability due to ocean acidification,IPBES_GA_2.3_42_143,seafood availability due to ocean acidification
Extent of marine calcification Benefits from coral reefs,IPBES_GA_2.3_42_143,extent of marine calcification benefits from coral reefs
Soil quality impact on crop production,IPBES_GA_2.3_42_143,soil quality impact on crop production
Ability of ecosystems to absorb and buffer hazards,IPBES_GA_2.3_42_143,ability of ecosystems to absorb and buffer hazards
Reduced incidence and severity of hazards,IPBES_GA_2.3_42_143,reduced incidence and severity of hazards
Reduced morbidity and premature mortality due to natural hazards,IPBES_GA_2.3_42_143,reduced morbidity and premature mortality due to natural hazards
Reduced property loss due to natural hazards,IPBES_GA_2.3_42_143,reduced property loss due to natural hazards
Reduced food spoilage,IPBES_GA_2.3_42_143,reduced food spoilage
Reduced net farm income loss from pests and diseases,IPBES_GA_2.3_42_143,reduced net farm income loss from pests and diseases
Diversity of competent hosts of vector-borne diseases,IPBES_GA_2.3_42_143,diversity of competent hosts of vector-borne diseases
Reduced risk of disease transmission,IPBES_GA_2.3_42_143,reduced risk of disease transmission
Reduced incidence of infectious diseases,IPBES_GA_2.3_42_143,reduced incidence of infectious diseases
Extent of agricultural land,IPBES_GA_2.3_42_143,extent of agricultural land
Energy content of bioenergy crops,IPBES_GA_2.3_42_143,energy content of bioenergy crops
Revenue from bioenergy production,IPBES_GA_2.3_42_143,revenue from bioenergy production
Extent of forested land,IPBES_GA_2.3_42_143,extent of forests
Production of fuelwood,IPBES_GA_2.3_42_143,production of fuelwood
Energy security from bio-energy and fuelwood,IPBES_GA_2.3_42_143,energy security from bio-energy and fuelwood
Food produced (kcal),IPBES_GA_2.3_42_143,food produced (kcal)
Food quality (nutrients),IPBES_GA_2.3_42_143,food quality (nutrients)
Reduced malnutrition,IPBES_GA_2.3_42_143,reduced malnutrition
Marine stocks,IPBES_GA_2.3_42_143,marine stocks
Reduced hunger,IPBES_GA_2.3_42_143,reduced hunger
Seafood produced (kcal),IPBES_GA_2.3_42_143,seafood produced (kcal)
Agriculture-based materials produced (tons),IPBES_GA_2.3_42_143,agriculture-based materials produced (tons)
Employment in materials production,IPBES_GA_2.3_42_143,employment in materials production
Timber production (m3),IPBES_GA_2.3_42_143,timber production (m3)
Revenue from forestry,IPBES_GA_2.3_42_143,revenue from forestry
Fraction of species known to be medicinal,IPBES_GA_2.3_42_143,species used for medicine
Natural medicinal products and manufactured bio-derived medicines,IPBES_GA_2.3_42_143,natural medicinal products and manufactured bio-derived medicines
Improved health from natural medicines or bio-derived medicines,IPBES_GA_2.3_42_143,improved health from natural medicines or bio-derived medicines
Phylogenetic diversity,IPBES_GA_2.3_42_143,phylogenetic diversity
Gene bank accession and available genetic resources,IPBES_GA_2.3_42_143,gene bank accession and available genetic resources
Proximity of people and nature,IPBES_GA_2.3_42_143,proximity of people and nature
Ideas and products mimicking or inspired by nature,IPBES_GA_2.3_42_143,ideas and products mimicking or inspired by nature
Economic value of bio-inspired production,IPBES_GA_2.3_42_143,economic value of bio-inspired production
Diversity of life from which to learn,IPBES_GA_2.3_42_143,diversity of life from which to learn
Area of natural and traditional landscapes and seascapes,IPBES_GA_2.3_42_143,area of natural and traditional landscapes and seascapes
"Visitation rates to natural terrestrial, coastal, and marine areas",IPBES_GA_2.3_42_143,"visitation rates to natural terrestrial, coastal, and marine areas"
"Increased awareness, care, mental health, cultural security, life satisfaction - urban",IPBES_GA_2.3_42_143,"increased awareness, care, mental health, cultural security, life satisfaction - urban"
"Increased awareness, care, mental health, cultural security, life satisfaction - rural and IPLC",IPBES_GA_2.3_42_143,"increased awareness, care, mental health, cultural security, life satisfaction - rural and iplc"
"Daily exposure natural terrestrial, coastal and marine areas",IPBES_GA_2.3_42_143,"daily exposure natural terrestrial, coastal and marine areas"
Stability of land use and land cover,IPBES_GA_2.3_42_143,stability of land use and land cover
Identity value – urban,IPBES_GA_2.3_42_143,identity value - urban
Identity value - rural and IPLC,IPBES_GA_2.3_42_143,identity value - rural and iplc
Visitation to natural areas,IPBES_GA_2.3_50_149,visitation to natural areas
 Percentage of population living in dense urban areas,IPBES_GA_2.3_50_149,percentage of population living in dense urban areas
Historic land use change since 1970,IPBES_GA_2.3_53_152,historic land use change since 1970
Leaf surface area,IPBES_GA_2.3_56_155,leaf surface area
 net carbon sequestration,IPBES_GA_2.3_56_155,carbon sequestration
 transfer of water to the atmosphere,IPBES_GA_2.3_56_155,transfer of water to the atmosphere
 biotic productivity,IPBES_GA_2.3_56_155,biotic productivity
Extent of protected and intact habitat globally,IPBES_GA_2.3_59_157,extent of protected and intact habitat globally
Correlation between high cultural diversity and areas of high biodiversity,IPBES_GA_2.3_71_160,correlation between high cultural diversity and areas of high biodiversity
Population extinctions,IPBES_GA_2.3_75_161,population extinctions
 Range contractions,IPBES_GA_2.3_75_161,range contractions
IUCN Red list index,IPBES_GA_4_30_175,red list index
Biomass abundance,IPBES_GA_4_34_176,biomass abundance
 Production,IPBES_GA_4_34_176,production
 Species distribution area and shift,IPBES_GA_4_34_176,species distribution area and shift
 Species Richness,IPBES_GA_4_34_176,species richness
 Habitat area and Quality,IPBES_GA_4_34_176,habitat area and quality
 Organisms` size or growth,IPBES_GA_4_34_176,organisms` size or growth
 Reproduction rate,IPBES_GA_4_34_176,reproduction rate
" Pest, invasive or harmful species",IPBES_GA_4_34_176,"pest, invasive or harmful species"
 C pool,IPBES_GA_4_34_176,c pool
Global sclae ecosystem carbon storage,IPBES_GA_4_87_186,global scale ecosystem carbon storage
Adaptive capacity index (ACI),IPBES_GA_4_129_208,adaptive capacity index (aci)
OECD Better life index,IPBES_GA_4_131_209,oecd better life index
Living Planet Index,IPBES_GA_4_144_217,living planet index
SDG Index,IPBES_GA_4_147_220,sustainable development goals index
Proportion of fish stocks within safe biological limits,IPBES_GA_4_152_225,proportion of fish stocks within biologically sustainable levels
 global effort in bottom trawling,IPBES_GA_4_152_225,global effort in bottom-trawling
 MSC certified fisheries,IPBES_GA_4_152_225,marine stewardship council certified fisheries
Ocean health index,IPBES_GA_4_155_228,ocean health index
 Cumulative human impacts on marine ecosystems,IPBES_GA_4_155_228,cumulative human impacts on marine ecosystems
 average conservation status,IPBES_GA_4_158_230,average conservation status
 Living Planet INDEX,IPBES_GA_5_10_235,living planet index
 Biodiversity Intactness INDEX,IPBES_GA_5_10_235,biodiversity intactness index
Mean Species Abundance Index,IPBES_GA_5_34_243,mean species abundance (msa)
 Extent of Suitable Habitat ESH Index,IPBES_GA_5_34_243,extent of suitable habitat index (esh)
 Living Planet Index,IPBES_GA_5_34_243,living planet index
 Species Area Relationship,IPBES_GA_5_34_243,species area relationship
Human Development Index,IPBES_GA_5_68_252,human development index (hdi)
Happy Planet INDEX,IPBES_GA_5_69_253,happy planet index
 Gross Domestic Happiness INDEX,IPBES_GA_5_69_253,gross national happiness index
Ecological Footprint,IPBES_GA_5_73_254,ecological footprint
Gini Index,IPBES_GA_5_80_256,gini index
Rule of Law Index,IPBES_GA_5_104_261,rule of law index
 Environmental Performance Index,IPBES_GA_5_104_261,environmental performance index
Environmental Performance Index,IPBES_GA_5_107_262,environmental performance index
Happy Planet Index,IPBES_GA_5_108_263,happy planet index
Ocean Health Index,IPBES_GA_6_86_279,ocean health index
Water Quality Risk index,IPBES_GA_6_93_281,water quality risk index
MiBiD Index,IPBES_GA_6_122_285,mibid index
Commodity Index,IPBES_GA_6_137_288,commodity index
Index of Sustainable Economic Welfare (ISEW),IPBES_GA_6_139_289,index of sustainable economic welfare (isew)
 Genuine Progress Indicator (GPI),IPBES_GA_6_139_289,genuine progress indicator
 GDP,IPBES_GA_6_139_289,gross domestic product
Gross National Happiness Index,IPBES_GA_6_140_290,gross national happiness index
Biodiversity Barometer (% of respondents that have heard of biodiversity),IPBES_GA_3_15_329,biodiversity barometer (percentage of respondents that have heard of biodiversity)
 Biodiversity Barometer (% of respondents giving correct definition of biodiversity),IPBES_GA_3_15_329,biodiversity barometer (percentage of respondents giving correct definition of biodiversity)
 Funding for environmental education,IPBES_GA_3_15_329,funding for environmental education
 Online interest in biodiversity (proportion of google searches),IPBES_GA_3_15_329,online interest in biodiversity (proportion of google searches)
 Funding for Environmental Impact Assessments,IPBES_GA_3_15_329,funding for environmental impact assessments
 Number of research studies involving economic valuation,IPBES_GA_3_15_329,number of research studies involving economic valuation
 World Trade Organisation greenbox agricultural subsidies,IPBES_GA_3_15_329,world trade organisation greenbox agricultural subsidies
 Funding towards institutional capacity building in fisheries,IPBES_GA_3_15_329,funding towards institutional capacity building in fisheries
 Percentage of countries that are Category 1 CITES Parties,IPBES_GA_3_15_329,percentage of countries that are category 1 cites parties
 Ecological Footprint,IPBES_GA_3_15_329,ecological footprint
 Red List Index (impacts of utilisation),IPBES_GA_3_15_329,red list index (for utilized species)
 Red List Index (internationally traded species),IPBES_GA_3_15_329,red list index (internationally traded species)
 Human appropriation of fresh water,IPBES_GA_3_15_329,human appropriation of fresh water
 Wetland Extent Trends Index,IPBES_GA_3_15_329,wetland extent trends index
 Area of tree cover loss,IPBES_GA_3_15_329,tree cover
 Percentage natural habitat extent,IPBES_GA_3_15_329,extent of suitable habitat
 Wild Bird Index (habitat specialists),IPBES_GA_3_15_329,wild bird index (habitat specialists)
 Red List index (forest specialists),IPBES_GA_3_15_329,red list index (forest specialists)
 Proportion of fish stocks within safe biological limits,IPBES_GA_3_15_329,proportion of fish stocks within biologically sustainable levels
 Marine Stewardship Council certified fisheries,IPBES_GA_3_15_329,marine stewardship council certified fisheries
 Global effort in bottom-trawling,IPBES_GA_3_15_329,global effort in bottom-trawling
 Marine trophic index,IPBES_GA_3_15_329,marine trophic index (mti)
 Red List Index (impacts of fisheries),IPBES_GA_3_15_329,red list index (impacts of fisheries)
 Wild Bird Index (farmland birds),IPBES_GA_3_15_329,wild bird index (farmland birds)
 Area of agricultural land under organic production,IPBES_GA_3_15_329,area of agricultural land under organic production
 Area of agricultural land under conservation,IPBES_GA_3_15_329,area of agricultural land under conservation
proportion of countries that are category 1 signatories to the Convention on International Trade in Endangered Species of Wild Fauna and Flora (CITES),IPBES_GA_3_26_354,proportion of countries that are category 1 signatories to the convention on international trade in endangered species of wild fauna and flora (cites)
Growth in human appropriation of net primary production (HANPP) ,IPBES_GA_3_26_355,growth in human appropriation of net primary productivity
 ecological footprint,IPBES_GA_3_26_355,ecological footprint
 water footprint,IPBES_GA_3_26_355,water footprint
 Demand for greener products and services,IPBES_GA_3_26_355,demand for greener products and services
 green consumption,IPBES_GA_3_26_355,green consumption
annual rate of net forest loss,IPBES_GA_3_27_356,annual rate of net forest loss
 annual tree cover loss,IPBES_GA_3_27_356,annual rate of net forest loss
"wild bird index (farmland birds)
",IPBES_GA_3_31_358,wild bird index (farmland birds)
percentage of live coral cover,IPBES_GA_3_34_361,percentage of live coral cover
Climatic Impact INDEX,IPBES_GA_3_35_362,climatic impact index
proportion of sites in the World Database on Protected Areas reporting shared governance,IPBES_GA_3_38_364,proportion of sites in the world database on protected areas reporting shared governance
number of extintions,IPBES_GA_3_40_367,number of extintions
  IUCN Red List,IPBES_GA_3_40_368,red list index
Living Planet INDEX,IPBES_GA_3_41_369,living planet index
proportion of domesticated breeds categorized as at risk or extinct,IPBES_GA_3_44_371,proportion of domesticated breeds categorized as at risk or extinct
 extinction risk of wild relatives of domesticated or farmed birds and mammals,IPBES_GA_3_44_371,extinction risk of wild relatives of domesticated or farmed birds and mammals
IUCN Red List,IPBES_GA_3_45_374,red list index
 Red List INDEX for vertebrate pollinators,IPBES_GA_3_45_374,red list index (vertebrate pollinators)
number of countries implementing NBSAPs,IPBES_GA_3_48_377,number of countries implementing nbsaps
numbers of scientific publications on biodiversity,IPBES_GA_3_49_379,numbers of scientific publications on biodiversity
 relevant research funding,IPBES_GA_3_49_379,relevant research funding
 taxa assessed for the IUCN Red List,IPBES_GA_3_49_379,proportion of known species assessed through the red list index
 species with data included in the Global Biodiversity Information Facility,IPBES_GA_3_49_379,species with data included in the global biodiversity information facility
 Mean polar sea ice extent,IPBES_GA_3_51_381,mean polar sea ice extent
 Official development assistance provided in support of CBD objectives,IPBES_GA_3_51_381,official development assistance provided in support of the cbd objectives
 Wild Bird INDEX (habitat specialists),IPBES_GA_3_51_381,wild bird index (habitat specialists)
 Pesticide use,IPBES_GA_3_51_381,pesticide use
 Glacial mass balance,IPBES_GA_3_51_381,glacier mass balance
Red List INDEX for birds and mammals,IPBES_GA_3_51_382,red list index (birds and mammals)
Species Habitat INDEX,IPBES_GA_3_54_387,species habitat index
 Pesticide Use,IPBES_GA_3_54_387,pesticide use
Area of tree cover loss,IPBES_GA_3_55_389,tree cover
 Marine trophic INDEX,IPBES_GA_3_55_389,marine trophic index (mti)
 Percentage of Key Biodiversity Areas covered by protected areas,IPBES_GA_3_55_389,protected area coverage of key biodiversity areas
Red List Index (impacts of pollution),IPBES_GA_3_72_395,red list index (impacts of pollution)
 Percentage of freshwater Key Biodiversity Areas covered by protected areas,IPBES_GA_3_72_395,percentage of freshwater key biodiversity areas covered by protected areas
 Proportion of fish stocks in safe biological limits,IPBES_GA_3_72_395,proportion of fish stocks within biologically sustainable levels
 Marine Stewardship Council engaged fisheries (tonnes),IPBES_GA_3_72_395,marine stewardship council engaged fisheries
 Percentage of marine and coastal areas covered by protected areas,IPBES_GA_3_72_395,protected area coverage of marine and coastal areas
 Percentage of marine Key Biodiversity Areas covered by protected areas,IPBES_GA_3_72_395,percentage of marine key biodiversity areas covered by protected areas
 Percentage of terrestrial areas covered by protected areas,IPBES_GA_3_72_395,percentage of terrestrial ecoregions covered by protected areas
 Percentage of terrestrial ecoregions covered by protected areas,IPBES_GA_3_72_395,percentage of terrestrial ecoregions covered by protected areas
 Number of protected area management effectiveness assessments,IPBES_GA_3_72_395,number of protected area management effectiveness (pame) assessments
 Percentage of terrestrial Key Biodiversity Areas covered by protected areas,IPBES_GA_3_72_395,protected area coverage of key biodiversity areas
 Area of forest under sustainable management: total FSC and PEFC forest management certification (million ha),IPBES_GA_3_72_395,area of forest under sustainable management
 Area of tree cover loss (ha),IPBES_GA_3_72_395,tree cover
 Percentage of mountain Key Biodiversity Areas covered by protected areas,IPBES_GA_3_72_395,coverage by protected areas of important sites for mountain biodiversity
 Climatic Impact Index for Birds,IPBES_GA_3_72_395,climatic impact index for birds
 Number of invasive alien species introductions,IPBES_GA_3_72_395,number of invasive alien species introduction events
 Percentage of countries with invasive alien species legislation,IPBES_GA_3_72_395,percentage of countries with invasive alien species legislation
 Red List Index (impacts of invasive alien species),IPBES_GA_3_72_395,red list index (impacts of invasive alien species)
biochemical oxygen demand (BOD),IPBES_GA_3_74_399,biochemical oxygen demand (bod)
 nitrogen (N) loads,IPBES_GA_3_74_399,nitrogen (n) loads
 phosphorus (P) loads,IPBES_GA_3_74_399,phosphorus (p) loads
 total dissolved solids (TDS),IPBES_GA_3_74_399,total dissolved solids (tds)
blue water sustainability INDEX,IPBES_GA_3_76_401,blue water sustainability index
Human Development INDEX (HDI),IPBES_GA_3_77_402,human development index (hdi)
human development INDEX,IPBES_GA_3_97_413,human development index (hdi)
 multidimensional poverty INDEX,IPBES_GA_3_97_413,multidimensional poverty index
 Individual Deprivation Measure,IPBES_GA_3_97_413,individual deprivation measure
City Biodiversity INDEX,IPBES_GA_3_115_417,city biodiversity index
CO2 emissions,IPBES_GA_3_123_420,co2 emissions
 air quality,IPBES_GA_3_123_420,air quality
 water quality,IPBES_GA_3_123_420,water quality
proportion of the rural population who live within 2 km of an all-season road,IPBES_GA_3_128_421,proportion of the rural population who live within 2 km of an all-season road
 Passenger and freight volumes by mode of transport,IPBES_GA_3_128_421,passenger and freight volumes by mode of transport
migratory birds threatened or Near Threatened on the IUCN Red List,IPBES_GA_3_150_436,migratory birds threatened or near threatened on the red list index
 Red List INDEX,IPBES_GA_3_150_436,red list index
fisheries stock size,IPBES_GA_3_164_441,fisheries stock size
 fisheries exploitation rates,IPBES_GA_3_164_441,fisheries exploitation rates
Arctic Species Trend INDEX,IPBES_GA_3_169_443,arctic species trend index
number of countries that have ratified the Nagoya Protocol,IPBES_GA_3_175_446,number of countries that have ratified the nagoya protocol
IUCN Red List of Threatened Species,IPBES_SUA_1_1_1,red list index
GDP,IPBES_SUA_1_11_4,gross domestic product
Human Development Index,IPBES_SUA_1_12_5,human development index (hdi)
 Inclusive Wealth,IPBES_SUA_1_12_5,inclusive wealth
 Gross National Happiness Index,IPBES_SUA_1_12_5,gross national happiness index
IUCN Red List of threatened species,IPBES_SUA_1_22_10,red list index
number of countries with policies to secure that [fish] mortalities are accounted for and kept within safe biological limits,IPBES_SUA_2_90_65,number of countries with policies to secure that [fish] mortalities are accounted for and kept within safe biological limits
 number of countries with regulations requiring recovered of depleted species,IPBES_SUA_2_90_65,number of countries with regulations requiring recovered of depleted species
 Marine Stewardship Council Certified catch,IPBES_SUA_2_90_65,marine stewardship council certified catch
 Share of main groups of species in fish trade in terms of value,IPBES_SUA_2_90_65,share of main groups of species in fish trade in terms of value
importance of forests to people,IPBES_SUA_2_92_69,importance of forests to people
" Area and percent of forests managed primarily to protect the range of cultural, social and spiritual needs and values",IPBES_SUA_2_92_69,"area and percent of forests managed primarily to protect the range of cultural, social and spiritual needs and values"
 Recognition and value of forest-management knowledge and skills of local people,IPBES_SUA_2_92_69,recognition and value of forest-management knowledge and skills of local people
 Area and percent of forests used for subsistence purposes,IPBES_SUA_2_92_69,area and percent of forests used for subsistence purposes
 Resilience of forest-dependent communities,IPBES_SUA_2_92_69,resilience of forest-dependent communities
Ecolabel Index,IPBES_SUA_2_93_72,ecolabel index
quality and abundance of food and medicine species,IPBES_SUA_2_95_77,quality and abundance of food and medicine species
 habitat quality,IPBES_SUA_2_95_77,habitat quality
 harvest intensity,IPBES_SUA_2_95_77,harvest intensity
 sharing and trading institutions,IPBES_SUA_2_95_77,sharing and trading institutions
 accessibility of resources,IPBES_SUA_2_95_77,accessibility of resources
 weather patterns,IPBES_SUA_2_95_77,weather patterns
 cultural continuity,IPBES_SUA_2_95_77,cultural continuity
 abnormal occurrences in the territory,IPBES_SUA_2_95_77,abnormal occurrences in the territory
abundance of food species,IPBES_SUA_2_96_79,abundance of food species
 catch per unit effort,IPBES_SUA_2_96_79,catch per unit effort
 spatial distribution of species,IPBES_SUA_2_96_79,spatial distribution of species
 associated species,IPBES_SUA_2_96_79,associated species
 cyclical patterns of abundance,IPBES_SUA_2_96_79,cyclical patterns of abundance
 quality and abundance of food and medicine species,IPBES_SUA_2_96_79,quality and abundance of food and medicine species
prevalence of certain species,IPBES_SUA_2_97_80,prevalence of certain species
 sounds associated with the forest,IPBES_SUA_2_97_80,sounds associated with the forest
 intensity of weather,IPBES_SUA_2_97_80,intensity of weather
 strength of people’s connection to the forest,IPBES_SUA_2_97_80,strength of people’s connection to the forest
 body condition,IPBES_SUA_2_97_80,body condition
 population size,IPBES_SUA_2_97_80,population size
 variability in migration patterns,IPBES_SUA_2_97_80,variability in migration patterns
 environmental change,IPBES_SUA_2_97_80,environmental change
 hunting success,IPBES_SUA_2_97_80,hunting success
 prevalence of knowledge about seasonal cycles in their communities,IPBES_SUA_2_97_80,prevalence of knowledge about seasonal cycles in their communities
 mean body mass,IPBES_SUA_2_97_80,mean body mass
 abundance of preferred harvest species,IPBES_SUA_2_97_80,abundance of preferred harvest species
 catch-per-unit effort,IPBES_SUA_2_97_80,catch per unit effort
number of publications,IPBES_SUA_4_2_109,number of publications
impact of agricultural habitat conversion on birds,IPBES_SUA_4_42_113,impact of agricultural habitat conversion on birds
Loss of lichen diversity,IPBES_SUA_4_47_115,loss of lichen diversity
Farmland Bird Index,IPBES_SUA_4_51_116,farmland bird index
 Quality of Governance Index,IPBES_SUA_4_61_118,quality of governance index
number of CITES parties that have adopted standard procedures for non-detrimental findings,IPBES_SUA_4_65_122,number of cites parties that have adopted standard procedures for non-detrimental findings
 number of surveys of CITES listed species undertaken by exporting States to support non-detrimental findings,IPBES_SUA_4_65_122,number of surveys of cites listed species undertaken by exporting states to support non-detrimental findings
number of Appendix-II species for which trade is determined to be non-detrimental to the survival of the species as a result of implementing recommendations from the Review of Significant Trade,IPBES_SUA_4_66_123,number of appendix-ii species for which trade is determined to be non-detrimental to the survival of the species as a result of implementing recommendations from the review of significant trade
 uplisting of species or populations from Appendix II to Appendix I,IPBES_SUA_4_66_123,uplisting of species or populations from appendix ii to appendix i
Number of CITES parties with increased capacity,IPBES_SUA_4_68_125,number of cites parties with increased capacity
 CITES parties that have implemented relevant resolutions and decisions,IPBES_SUA_4_68_125,cites parties that have implemented relevant resolutions and decisions
Red List Index,IPBES_SUA_4_70_126,red list index
commercial trade in wild-collected specimens,IPBES_SUA_4_71_127,commercial trade in wild-collected specimens
 Red List Index,IPBES_SUA_4_71_127,red list index
Body fat,IPBES_SUA_4_78_130,body fat
 reproductive success,IPBES_SUA_4_78_130,reproductive success
 abundance and location of habitat,IPBES_SUA_4_78_130,abundance and location of habitat
Body condition,IPBES_SUA_4_89_132,body condition
 Reproductive success,IPBES_SUA_4_89_132,reproductive success
 Habitat conditions,IPBES_SUA_4_89_132,habitat conditions
income,IPBES_SUA_4_149_137,income
 GDP,IPBES_SUA_4_149_137,gross domestic product
 access to land,IPBES_SUA_4_149_137,access to land
Multidimensional Poverty Index,IPBES_SUA_4_149_138,multidimensional poverty index
 material wealth,IPBES_SUA_4_149_140,material wealth
trade in wild mammals,IPBES_SUA_4_184_143,trade in wild mammals
 trade in wild animals,IPBES_SUA_4_184_143,trade in wild animals
Living Planet Index,IPBES_SUA_4_256_160,living planet index
Governance Index,IPBES_SUA_6_77_200,governance index
catch per unit effort,IPBES_SUA_6_115_207,catch per unit effort
invasive alien species are given new names by Indigenous Peoples and local communities,IPBES_IAS_1_53_8,invasive alien species are given new names by indigenous peoples and local communities
Total imports,IPBES_IAS_2_5_11,total imports
 Human population size,IPBES_IAS_2_5_11,human population size
 Gross domestic product per capita,IPBES_IAS_2_5_11,gross domestic product
 Number of tourists,IPBES_IAS_2_5_11,number of tourists
 Proportion of cropland,IPBES_IAS_2_5_11,proportion of cropland
 Proportion of urban area,IPBES_IAS_2_5_11,proportion of urban area
 Ship calls,IPBES_IAS_2_5_11,ship calls
 Number of people migrating,IPBES_IAS_2_5_11,number of people migrating
 Temperature,IPBES_IAS_2_5_11,temperature
number of studies on IAS available per region,IPBES_IAS_2_13_15,number of studies on ias available per region
number of widespread phyla for which no information was available for a particular region,IPBES_IAS_2_13_16,number of widespread phyla for which no information was available for a particular region
Comparison of the number of available first records of established alien species for a region with the total number of species recorded for the same region,IPBES_IAS_2_14_17,comparison of the number of available first records of established alien species for a region with the total number of species recorded for the same region
Total number of introduced alien species,IPBES_IAS_2_15_20,total number of introduced alien species
 Rate of species accumulation,IPBES_IAS_2_15_20,rate of species accumulation
Human development index,IPBES_IAS_2_18_24,human development index (hdi)
Red List of threatened species,IPBES_IAS_2_48_40,red list index
Current distribution of species,IPBES_IAS_2_155_79,current distribution of species
GDP per capita,IPBES_IAS_3_8_84,gross domestic product
 Human population density,IPBES_IAS_3_8_84,human population density
 mean annual precipitation,IPBES_IAS_3_8_84,mean annual precipitation
 mean annual temperature,IPBES_IAS_3_8_84,mean annual temperature
 alien species richness,IPBES_IAS_3_8_84,alien species richness
GDP,IPBES_IAS_3_34_90,gross domestic product
Evolutionary diversity,IPBES_IAS_3_84_95,evolutionary diversity
 tree biomass,IPBES_IAS_3_84_95,tree biomass
 phylogenetic distance,IPBES_IAS_3_84_95,phylogenetic distance
 species richness,IPBES_IAS_3_84_95,species richness
concentration of hydrogen ions (H+),IPBES_IAS_4_8_100,concentration of hydrogen ions (h+)
Number of extinctions,IPBES_IAS_4_22_102,number of species extinctions
 Number of species at risk of extinction,IPBES_IAS_4_22_102,number of species at risk of extinction
 local species richness,IPBES_IAS_4_22_102,local species richness
 Mean body length,IPBES_IAS_4_22_102,mean body length
 IUCN Red List Index,IPBES_IAS_4_22_102,red list index
species growth rate,IPBES_IAS_4_64_104,species growth rate
 species Condition Index,IPBES_IAS_4_64_104,species condition index
totem or culturally important species,IPBES_IAS_4_140_116,totem or culturally important species
IUCN Red List,IPBES_IAS_5_52_127,red list index
Functional diversity,IPBES_IAS_5_109_131,functional diversity
Proportion of countries adopting relevant national legislation and adequately resourcing the prevention or control of invasive alien species,IPBES_IAS_5_120_132,proportion of countries adopting relevant national legislation and adequately resourcing the prevention or control of invasive alien species
Macroinvertebrate-based indices,IPBES_IAS_5_130_134,macroinvertebrate-based indices
trends in pathways of introduction and spread,IPBES_IAS_6_11_138,trends in pathways of introduction and spread
 trends in numbers of invasive alien species and their impacts,IPBES_IAS_6_11_138,trends in numbers of invasive alien species and their impacts
" trends, mechanisms and severity of invasive alien species impacts",IPBES_IAS_6_11_138,"trends, mechanisms and severity of invasive alien species impacts"
 trends in the allocation of resources towards the prevention or control of invasive alien species,IPBES_IAS_6_11_138,trends in the allocation of resources towards the prevention or control of invasive alien species
 trends in establishment and national adoption of international agreements relevant to the prevention and control of invasive alien species,IPBES_IAS_6_11_138,trends in establishment and national adoption of international agreements relevant to the prevention and control of invasive alien species
 trends in numbers of countries with national legislation and other policy measures relevant to the prevention and/or control of invasive alien species,IPBES_IAS_6_11_138,trends in numbers of countries with national legislation and other policy measures relevant to the prevention and/or control of invasive alien species
 trends in the prevention of invasive alien species,IPBES_IAS_6_11_138,trends in the prevention of invasive alien species
 growth in information relevant to informing policy on invasive alien species prevention and control,IPBES_IAS_6_11_138,growth in information relevant to informing policy on invasive alien species prevention and control
 trends in successful control and eradications of invasive alien species,IPBES_IAS_6_11_138,trends in successful control and eradications of invasive alien species
existence and uptake of multilateral agreements and national legislation relevant to the prevention and control of invasive alien species,IPBES_IAS_6_14_142,existence and uptake of multilateral agreements and national legislation relevant to the prevention and control of invasive alien species
 resourcing of invasive alien species prevention and control activities,IPBES_IAS_6_14_142,resourcing of invasive alien species prevention and control activities
National funding for resourcing of biological invasions policy and management implementation,IPBES_IAS_6_17_143,national funding for resourcing of biological invasions policy and management implementation
 Global funding for resourcing of biological invasions policy and management implementation,IPBES_IAS_6_17_143,global funding for resourcing of biological invasions policy and management implementation
Number of biogeographic regions with risk-associated activities,IPBES_IAS_6_21_146,number of biogeographic regions with risk-associated activities
 Trends in numbers of facilities in the region,IPBES_IAS_6_21_146,trends in numbers of facilities in the region
" Number of tourists, scientists and facilities per biogeographic region",IPBES_IAS_6_21_146,"number of tourists, scientists and facilities per biogeographic region"
 Number of alien and invasive taxa per biogeographic region,IPBES_IAS_6_21_146,number of alien and invasive taxa per biogeographic region
 Trends in extinction risk of birds impacted by invasive species,IPBES_IAS_6_21_146,trends in extinction risk of birds impacted by invasive species
 Prospective inclusion of other native taxa and threatened habitats,IPBES_IAS_6_21_146,prospective inclusion of other native taxa and threatened habitats
 Trends in adoption of multinational agreements to reduce invasive alien species threats,IPBES_IAS_6_21_146,trends in adoption of multinational agreements to reduce invasive alien species threats
 Trends in invasive alien species relevant submissions to managers,IPBES_IAS_6_21_146,trends in invasive alien species relevant submissions to managers
 Trends in invasive alien species eradication at different scales,IPBES_IAS_6_21_146,trends in invasive alien species eradication at different scales
number of alien taxa,IPBES_IAS_6_56_150,number of alien taxa
 species negatively impacting biodiversity,IPBES_IAS_6_56_150,species negatively impacting biodiversity
 Trends in species at risk of localized extinction in a protected area,IPBES_IAS_6_56_150,trends in species at risk of localized extinction in a protected area
 extent of which essential policy and management approaches have been adopted,IPBES_IAS_6_56_150,extent of which essential policy and management approaches have been adopted
Gross domestic product,IPBES_IAS_6_85_153,gross domestic product
 Gross national product,IPBES_IAS_6_85_153,gross national product
 Genuine Progress indicator,IPBES_IAS_6_85_153,genuine progress indicator
 index of sustainable economic welfare (isew),IPBES_IAS_6_85_153,index of sustainable economic welfare (isew)
 Gross National Happiness measure,IPBES_IAS_6_85_153,gross national happiness index
Spread of alien species by pathway,IPBES_IAS_6_97_160,spread of alien species by pathway
" Impact of alien species on sensitive places, species and functions",IPBES_IAS_6_97_160,"impact of alien species on sensitive places, species and functions"
 Interventions to limit spread and reduce impact of alien species,IPBES_IAS_6_97_160,interventions to limit spread and reduce impact of alien species
alien species occurrence,IPBES_IAS_6_114_165,alien species occurrence
 status of an individual or species as native or alien,IPBES_IAS_6_114_165,status of an individual or species as native or alien
 invasive alien species impact,IPBES_IAS_6_114_165,invasive alien species impact
Rate of invasive alien species establishment,IPBES_IAS_6_119_173,rate of invasive alien species establishment
Trends in pathways of introduction and spread,IPBES_IAS_6_119_174,trends in pathways of introduction and spread
 Trends in numbers and spatial distribution of invasive alien species and their impacts,IPBES_IAS_6_119_174,trends in numbers and spatial distribution of invasive alien species and their impacts
" Trends, mechanisms and severity of invasive alien species impacts",IPBES_IAS_6_119_174,"trends, mechanisms and severity of invasive alien species impacts"
 Trends in the allocation of resources towards the prevention or control of invasive alien species,IPBES_IAS_6_119_174,trends in the allocation of resources towards the prevention or control of invasive alien species
 Trends in establishments and national adoption of international agreements relevant to the prevention and control of invasive alien species,IPBES_IAS_6_119_174,trends in establishment and national adoption of international agreements relevant to the prevention and control of invasive alien species
 Trends in numbers of countries with national legislation and other policy measures relevant to the prevention and/or control of invasive alien species,IPBES_IAS_6_119_174,trends in numbers of countries with national legislation and other policy measures relevant to the prevention and/or control of invasive alien species
 Trends in the prevention and eradication and control of invasive alien species,IPBES_IAS_6_119_174,trends in the prevention and eradication and control of invasive alien species
 Growth in information relevant to informing policy on invasive alien species prevention and control,IPBES_IAS_6_119_174,growth in information relevant to informing policy on invasive alien species prevention and control
 Trends in successful eradications of invasive alien species,IPBES_IAS_6_119_174,trends in successful eradications of invasive alien species
 Improvement in conseration status of species threatened by invasive alien species,IPBES_IAS_6_119_174,improvement in conseration status of species threatened by invasive alien species
Antarctic ice cores,IPCC_1_13_4,antarctic ice cores
 direct CO2 air measurements,IPCC_1_13_4,direct co2 air measurements
 Global Precipitation Climatology Centre (GPCC) V8,IPCC_1_13_4,global precipitation climatology centre (gpcc) v8
 glacier mass loss,IPCC_1_13_4,glacier mass loss
 global surface air temperature (GMST),IPCC_1_13_4,global mean surface temperature (gmst)
 sea level change,IPCC_1_13_4,sea level change
 ocean heat content,IPCC_1_13_4,ocean heat content
atmospheric CO2 concentrations,IPCC_1_16_6,atmospheric co2 concentrations
 global mean surface temperature (GMST),IPCC_1_16_6,global mean surface temperature (gmst)
 global mean sea level (GMSL),IPCC_1_16_6,global mean sea level (gmsl)
pH of ocean surface water,IPCC_1_32_16,ph of ocean surface water
global energy budget,IPCC_1_38_17,global energy budget
simulated Global mean surface air temperature (GSAT),IPCC_1_45_19,simulated global mean surface air temperature (gsat)
 simulated Global mean surface air temperature (GSAT) anomalies,IPCC_1_45_19,simulated global mean surface air temperature (gsat) anomalies
  estimate of GSAT (ERA-5),IPCC_1_45_19,estimate of gsat (era-5)
 observation-based estimate of global mean surface air temperature (GMST),IPCC_1_45_19,global mean surface temperature (gmst)
 mean GSAT,IPCC_1_45_19,mean gsat
global mean surface temperature (GMST),IPCC_1_47_20,global mean surface temperature (gmst)
annual GSAT change,IPCC_1_50_21,annual gsat change
 annual ice volume,IPCC_1_50_21,annual ice volume
 September sea ice extent,IPCC_1_50_21,september sea ice extent
global temperature,IPCC_1_58_23,global temperature
 cumulative GHG emissions,IPCC_1_58_23,cumulative ghg emissions
economic damages due to river floods,IPCC_1_62_25,economic damages due to river floods
  occurrence of heat-related human mortality,IPCC_1_62_25,occurrence of heat-related human mortality
 economic inequality,IPCC_1_62_25,economic inequality
Essential Climate Variables (ECVs),IPCC_1_64_26,essential climate variables (ecvs)
 Essential Ocean Variables (EOVs),IPCC_1_64_26,essential ocean variables (eovs)
leaf area INDEX,IPCC_1_66_27,leaf area index (lai)
 fraction of absorbed photosynthetically active radiation (FAPAR),IPCC_1_66_27,fraction of absorbed photosynthetically active radiation (fapar)
 fire disturbances/burned areas,IPCC_1_66_27,fire disturbances/burned areas
Time series of Normalized Difference Vegetation INDEX (NDVI),IPCC_1_67_28,time series of normalized difference vegetation index (ndvi)
Northern Hemisphere temperature over the last millennium,IPCC_1_67_29,northern hemisphere temperature over the last millennium
ocean heat content,IPCC_1_70_30,ocean heat content
 thermosteric sea level,IPCC_1_70_30,thermosteric sea level
 salinity,IPCC_1_70_30,salinity
 sea ice extent,IPCC_1_70_30,sea ice extent
 AMOC,IPCC_1_70_30,amoc
Atmospheric concentrations,IPCC_1_92_33,atmospheric co2 concentrations
 global temperatures,IPCC_1_92_33,global temperatures
Global mean surface temperature (GMST),IPCC_2_8_35,global mean surface temperature (gmst)
Boron-Isotope,IPCC_2_14_37,boron-isotope
Isotope-composition of molecular oxygen trapped in polar firn and ice,IPCC_2_21_41,isotope-composition of molecular oxygen trapped in polar firn and ice
Free tropospheric ozone,IPCC_2_21_42,free tropospheric ozone
Aerosol abundance,IPCC_2_24_45,aerosol abundance
Pollen presence,IPCC_2_24_46,pollen presence
Surface and upper air temperatures,IPCC_2_26_47,surface and upper air temperatures
 Surface humidity,IPCC_2_26_47,surface humidity
 precipitable water vapour,IPCC_2_26_47,precipitable water vapour
 precipitation,IPCC_2_26_47,precipitation
 Precipitation-Evaporation,IPCC_2_26_47,precipitation-evaporation
 runoff,IPCC_2_26_47,runoff
 Sea level pressure and winds,IPCC_2_26_47,sea level pressure and winds
 Hadley/Walker circulation,IPCC_2_26_47,hadley/walker circulation
 global monsoons,IPCC_2_26_47,global monsoons
 strom tracks and jets,IPCC_2_26_47,strom tracks and jets
 sudden stratospheric warmings,IPCC_2_26_47,sudden stratospheric warmings
 Sea ice extent/area,IPCC_2_26_47,sea ice extent
 seasonality and thickness,IPCC_2_26_47,seasonality and thickness
 Terrestrial snow cover,IPCC_2_26_47,terrestrial snow cover
 Glacier mass and extent,IPCC_2_26_47,glacier mass and extent
 Terrestrial permafrost temperature and active layer thickness,IPCC_2_26_47,terrestrial permafrost temperature and active layer thickness
 Temperature/ocean heat content,IPCC_2_26_47,ocean heat content
 Salinity,IPCC_2_26_47,salinity
 Sea level,IPCC_2_26_47,sea level
 Circulation,IPCC_2_26_47,circulation
 pH and desoxygenation,IPCC_2_26_47,ph and desoxygenation
 Seasonal cycle of CO2,IPCC_2_26_47,seasonal cycle of co2
 Distribution of marine biota,IPCC_2_26_47,distribution of marine biota
 primary production of marine biota,IPCC_2_26_47,primary production of marine biota
 phenology of marine biota,IPCC_2_26_47,phenology of marine biota
 distribution of terrestrial biota,IPCC_2_26_47,distribution of terrestrial biota
 global greening/browning,IPCC_2_26_47,global greening/browning
 growing season of terrestrial biota,IPCC_2_26_47,growing season of terrestrial biota
Temperature,IPCC_2_28_57,temperature
 benthich isotopes,IPCC_2_28_57,benthich isotopes
Marine sediment cores,IPCC_2_29_60,marine sediment cores
Paleo-temperature records,IPCC_2_29_62,paleo-temperature records
Zonally averaged mean annual temperature reconstructions,IPCC_2_31_64,zonally averaged mean annual temperature reconstructions
subsurface borehole temperature profiles,IPCC_2_31_65,subsurface borehole temperature profiles
 changes in land versus sea surface temperature,IPCC_2_31_65,changes in land versus sea surface temperature
Radio occultation,IPCC_2_42_69,radio occultation
Global vegetation cover,IPCC_2_43_71,global vegetation cover
 atmospheric dust deposition,IPCC_2_43_71,atmospheric dust deposition
Changes in observed cloud cover,IPCC_2_51_79,changes in observed cloud cover
 satellite observations of precipitation,IPCC_2_51_79,satellite observations of precipitation
 upper tropospheric humidity,IPCC_2_51_79,upper tropospheric humidity
SH monsoons,IPCC_2_51_80,sh monsoons
air Moisture,IPCC_2_52_82,air moisture
Loss of older ice,IPCC_2_56_85,loss of older ice
Mean Arctic Sea Ice Area,IPCC_2_57_88,mean arctic sea ice area
Marine Sediments,IPCC_2_57_89,marine sediments
Whaling records,IPCC_2_58_90,whaling records
 old ship logbooks,IPCC_2_58_90,old ship logbooks
 ice core records,IPCC_2_58_90,ice core records
Early Nimbus satellite visible and infrared imagery,IPCC_2_58_91,early nimbus satellite visible and infrared imagery
Glacier areal and mass changes/loss rate,IPCC_2_60_95,glacier areal and mass changes/loss rate
Greenland Ice Sheet fluctuations,IPCC_2_60_96,greenland ice sheet fluctuations
Marine sediments,IPCC_2_61_98,marine sediments
marine sediments below the ice sheet,IPCC_2_61_99,marine sediments below the ice sheet
Pollen Presence,IPCC_2_62_100,pollen presence
 Speleothem records,IPCC_2_62_100,speleothem records
 permafrost-vegetation relationships,IPCC_2_62_100,permafrost-vegetation relationships
Permafrost temperature,IPCC_2_62_101,permafrost temperature
ground subsidence,IPCC_2_63_102,ground subsidence
 thermokarst,IPCC_2_63_102,thermokarst
 slope instability,IPCC_2_63_102,slope instability
Ocean Heat Content,IPCC_2_63_104,ocean heat content
Ice cores,IPCC_2_63_105,ice cores
 Sediment cores,IPCC_2_63_105,sediment cores
reef growth,IPCC_2_67_109,reef growth
Atlantic Meridional Overturning Circulation (AMOC),IPCC_2_69_110,atlantic meridional overturning circulation (amoc)
Sediment cores,IPCC_2_70_112,sediment cores
Seasonal variations in atmospheric CO2 concentration,IPCC_2_74_116,seasonal variations in atmospheric co2 concentrations
Expansion of oligotrophic subtropical gyres of the Atlantic and Pacific Oceans,IPCC_2_74_117,expansion of oligotrophic subtropical gyres of the atlantic and pacific oceans
Phytoplankton abundance,IPCC_2_74_118,phytoplankton abundance
Clorophyll concentration,IPCC_2_75_119,clorophyll concentration
 Phytoplankton community structure,IPCC_2_75_119,phytoplankton community structure
Distribution of species,IPCC_2_75_120,distribution of species
El niño-southern oscillation (ENSO) index,IPCC_2_76_122,el niño-southern oscillation (enso) index
 Changes in phytoplankton phenology,IPCC_2_76_122,changes in phytoplankton phenology
Ocean-colour,IPCC_2_76_123,ocean-colour
Normalized Difference Vegetation INDEX (NDVI),IPCC_2_78_126,normalized difference vegetation index (ndvi)
Northernmost location of the treeline,IPCC_2_78_127,northernmost location of the treeline
Fraction of Absorbed Photosynthetically Active Radiation (FAPAR),IPCC_2_79_128,fraction of absorbed photosynthetically active radiation (fapar)
 Leaf Area Index,IPCC_2_79_128,leaf area index (lai)
Atmospheric CO2 concentrations,IPCC_2_81_132,atmospheric co2 concentrations
 Ocenan pH,IPCC_2_81_132,ocenan ph
North Atlantic Oscillation NAO Index,IPCC_2_84_139,north atlantic oscillation (nao) index
 Northern Annular Mode NAM Index,IPCC_2_84_139,northern annular mode (nam) index
Southern Annular Mode (SAM) Index,IPCC_2_85_141,southern annular mode (sam) index
Sea Surface Temperature (SST Index),IPCC_2_86_146,sea surface temperature (sst)
 Oceanic Niño INDEX (ONI),IPCC_2_86_146,oceanic niño index (oni)
 Southern Oscillation Index (SOI),IPCC_2_86_146,southern oscillation index (soi)
 Marine sediment cores,IPCC_2_89_153,marine sediment cores
Pacific Decadal Oscillation (PDO) Index,IPCC_2_89_154,pacific decadal oscillation (pdo)
 Inter-decadal Pacific Oscillation (IPO) Index,IPCC_2_89_154,inter-decadal pacific oscillation (ipo) index
Atlantic Multi-decadal Variability (AMV) Index,IPCC_2_90_158,atlantic multi-decadal variability (amv) index
 Precipitation,IPCC_3_8_164,precipitation
Volcanic activity,IPCC_3_17_173,volcanic activity
 GHG changes,IPCC_3_17_173,ghg changes
 aerosol changes,IPCC_3_17_173,aerosol changes
Sea Surface Temperature (SST),IPCC_3_22_174,sea surface temperature (sst)
Tree rings,IPCC_3_27_176,tree rings
Hadley circulation cell,IPCC_3_37_179,hadley circulation cell
Sea Ice Thermodynamic,IPCC_3_45_183,sea ice thermodynamic
Ocean Temperature,IPCC_3_51_187,ocean temperature
 Ocean Heat Content,IPCC_3_51_187,ocean heat content
atmospheric CO2 concentration,IPCC_3_64_190,atmospheric co2 concentrations
 atmosphere-land CO2 fluxes,IPCC_3_64_190,atmosphere-land co2 fluxes
 leaf area INDEX,IPCC_3_64_190,leaf area index (lai)
 Land-Use and Management,IPCC_3_64_190,land-use and management
 Wildfires,IPCC_3_64_190,wildfires
Leaf Area Index,IPCC_3_65_191,leaf area index (lai)
North Atlantic Oscillation NAO,IPCC_3_67_194,north atlantic oscillation (nao) index
 Northern Annular Mode NAM,IPCC_3_67_194,northern annular mode (nam) index
Indian Ocean Dipole Index (IOD),IPCC_3_78_202,indian ocean dipole index (iod)
Indian ocean Basin (IOB) Index,IPCC_3_78_203,indian ocean basin (iob) index
 Pacific Decadal Variability (PDV),IPCC_3_78_203,pacific decadal variability (pdv)
Pacific Decadal Oscillation (PDO),IPCC_3_80_205,pacific decadal oscillation (pdo)
 Indian Ocean Dipole (IPO),IPCC_3_80_205,indian ocean dipole (ipo)
Pacific Decadal Variability (PDV),IPCC_3_80_206,pacific decadal variability (pdv)
Pacific Decadal Variability (PDV) Index,IPCC_3_81_208,pacific decadal variability (pdv)
 Atlantic Multi-decadal Variability (AMV),IPCC_3_83_210,atlantic multi-decadal variability (amv) index
Sea Surface Temperature (SST) Index,IPCC_3_84_211,sea surface temperature (sst)
Ocean Salinity,IPCC_3_84_212,ocean salinity
global surface air temperature (GSAT),IPCC_4_7_219,global surface air temperature (gsat)
 global land precipitation,IPCC_4_7_219,global land precipitation
 Arctic sea ice area (SIA),IPCC_4_7_219,arctic sea ice area
 the Atlantic Meridional Overturning Circulation (AMOC),IPCC_4_8_220,atlantic meridional overturning circulation (amoc)
 global mean ocean surface pH,IPCC_4_8_220,global mean ocean surface ph
 carbon uptake by land and ocean,IPCC_4_8_220,carbon uptake by land and ocean
 Northern and Southern Annular Modes (NAM and SAM),IPCC_4_8_220,northern and southern annular modes (nam and sam)
 El Niño–Southern Oscillation (ENSO),IPCC_4_8_220,el niño-southern oscillation (enso) index
Precipitation Index,IPCC_4_8_221,precipitation index
 Circulation Index,IPCC_4_8_221,circulation index
 Atlantic Meridional Overturning Circulation (AMOC),IPCC_4_18_229,atlantic meridional overturning circulation (amoc)
 ocean pH,IPCC_4_18_229,ocean ph
Northern Annular Mode NAM,IPCC_4_26_231,northern annular mode (nam) index
 Sea Surface Temperature (SST),IPCC_4_26_231,sea surface temperature (sst)
"el niño-southern oscillation (enso) index
",IPCC_4_27_234,el niño-southern oscillation (enso) index
land monsoon precipitation INDEX,IPCC_4_34_236,land monsoon precipitation index
 Northern Hemisphere summer monsoon circulation INDEX,IPCC_4_34_236,northern hemisphere summer monsoon circulation index
Northern Annular Mode NAM Index,IPCC_4_35_237,northern annular mode (nam) index
El Niño–Southern Oscillation (ENSO) Bjerknes Index,IPCC_4_37_241,el niño-southern oscillation (enso) index bjerknes index
changes in mean precipitation,IPCC_4_49_249,changes in mean precipitation
 contrast of mean precipitation between dry and wet regions and between dry and wet seasons,IPCC_4_49_249,contrast of mean precipitation between dry and wet regions and between dry and wet seasons
Global Land Monsoon Precipitation INDEX,IPCC_4_51_250,land monsoon precipitation index
Annular Mode Index,IPCC_4_51_251,annular mode index
Land-Use CO2 Emissions,IPCC_4_79_266,land-use co2 emissions
 fossil CO2 Emissions,IPCC_4_79_266,fossil co2 emissions
 Non-CO2 fossil fuel emissions,IPCC_4_79_266,non-co2 fossil-fuel emissions
 Land-use related non-CO2 emissions,IPCC_4_79_266,land-use related non-co2 emissions
 CO2 Concentration,IPCC_4_79_266,co2 concentration
Ice Core Measurements,IPCC_5_14_270,ice core measurements
Sink rate,IPCC_5_19_272,sink rate
El Niño–Southern Oscillation (ENSO) Index,IPCC_5_36_278,el niño-southern oscillation (enso) index
15N/14N isotope ratio,IPCC_5_36_279,15n/14n isotope ratio
 position of 15N atom in atmospheric N2O,IPCC_5_36_279,position of 15n atom in atmospheric n2o
Atmospheric inversions,IPCC_5_40_281,atmospheric inversions
Interannual variability of primary production (PP),IPCC_5_57_287,interannual variability of primary production (pp)
Global carbon budget,IPCC_5_70_289,global carbon budget
Global dust deposition,IPCC_6_16_296,global dust deposition
global annual mean tropospheric ozone burden,IPCC_6_22_300,global annual mean tropospheric ozone burden
Tropospheric NO2 abundance,IPCC_6_23_302,tropospheric no2 abundance
Satellite Formaldehyde (HCHO) observations,IPCC_6_26_304,satellite formaldehyde (hcho) observations
Sulphate in precipitation,IPCC_6_30_309,sulphate in precipitation
Surface warming,IPCC_6_56_315,surface warming
Sectoral emissions density,IPCC_6_63_319,sectoral emissions density
population-weighted PM2.5 concentrations,IPCC_6_73_321,population-weighted pm2.5 concentrations
 population-weighted ozone concentrations,IPCC_6_73_321,population-weighted ozone concentrations
transient climate response TCR,IPCC_7_9_323,transient climate response tcr
 equilibrium climate sensitivity ECS,IPCC_7_9_323,equilibrium climate sensitivity ecs
Surface turbulent fluxes,IPCC_7_17_328,surface turbulent fluxes
Aerosol Index,IPCC_7_29_329,aerosol index
GHS effective radiative forcing,IPCC_7_44_330,ghs effective radiative forcing
 transient climate response TCR,IPCC_7_44_330,transient climate response tcr
Antarctic Ice Sheet loss,IPCC_7_55_334,antarctic ice sheet loss
Net climate feedback,IPCC_7_56_335,net climate feedback
 Planck temperature response,IPCC_7_56_335,planck temperature response
Sea Surface Temperature SST,IPCC_7_67_343,sea surface temperature (sst)
Global Energy Budget,IPCC_7_77_351,global energy budget
global surface temperature,IPCC_7_82_356,global mean surface temperature (gmst)
 TOA energy budget,IPCC_7_82_356,toa energy budget
profile of effective radiative forcing (ERF),IPCC_7_90_359,profile of effective radiative forcing (erf)
 emission of particular compounds,IPCC_7_90_359,emission of particular compounds
radiative forcing,IPCC_7_91_360,radiative forcing
 absolute global forcing potential (AGFP),IPCC_7_91_360,absolute global forcing potential (agfp)
 global surface temperature,IPCC_7_91_360,global mean surface temperature (gmst)
 absolute global temperature change potential (AGTP),IPCC_7_91_360,absolute global temperature change potential (agtp)
changes in precipitation frequency and intensity,IPCC_8_27_367,changes in precipitation frequency and intensity
Precipitation,IPCC_8_28_370,precipitation
Snowfall,IPCC_8_28_371,snowfall
Leaf Area Index LAI,IPCC_8_30_372,leaf area index (lai)
Tree ring reconstructions,IPCC_8_33_374,tree rings
Soil Moisture,IPCC_8_33_375,soil moisture
South Pacific Convergence Zone (SPCZ),IPCC_8_39_378,south pacific convergence zone (spcz)
 Inter-tropical Convergence Zone (ITCZ) narrowing,IPCC_8_39_378,inter-tropical convergence zone (itcz) narrowing
Rainfall,IPCC_8_42_382,rainfall
poleward shifts in the South Atlantic Convergence Zone (SACZ),IPCC_8_45_390,poleward shifts in the south atlantic convergence zone (sacz)
land rainfall over MC,IPCC_8_46_393,land rainfall over mc
 marine cloudiness over MC,IPCC_8_46_393,marine cloudiness over mc
 surface moisture flux convergence,IPCC_8_46_393,surface moisture flux convergence
Blocking Index,IPCC_8_47_395,blocking index
Water Vapour Residence Time,IPCC_8_53_397,water vapour residence time
Plant Water Use Efficiency (WUE),IPCC_8_65_401,plant water use efficiency (wue)
 Leaf area Index,IPCC_8_65_401,leaf area index (lai)
Palmer Drought Severity INDEX,IPCC_8_66_403,palmer drought severity index (pdsi)
Sea Surface Temperature,IPCC_8_71_406,sea surface temperature (sst)
Rainfall variability,IPCC_8_77_414,rainfall variability
Tropical precipitation,IPCC_8_83_420,tropical precipitation
atmospheric internal variability,IPCC_8_88_422,atmospheric internal variability
 Sea surface temperature (SST),IPCC_8_88_422,sea surface temperature (sst)
volcanic eruptions,IPCC_8_90_424,volcanic eruptions
 global surface air temperature (GSAT),IPCC_9_11_426,global surface air temperature (gsat)
Sea surface temperature (SST),IPCC_9_27_430,sea surface temperature (sst)
Ocean heat content OHC,IPCC_9_37_432,ocean heat content ohc
aRCTIC SEA ICE AREA,IPCC_9_37_433,arctic sea ice area
Summer North Atlantic Oscilation Index,IPCC_9_47_438,north atlantic oscillation (nao) index
 Greenland Blocking Index,IPCC_9_47_438,greenland blocking index
Bedrock topography,IPCC_9_48_440,bedrock topography
Grounding line retreat,IPCC_9_55_443,grounding line retreat
Retreat of Ice Sheet,IPCC_9_59_445,retreat of ice sheet
Glaciar mass loss,IPCC_9_65_447,glacier mass loss
Lake sediments,IPCC_9_66_448,lake sediments
Speleotherm records,IPCC_9_71_451,speleotherm records
Leaf area Index,IPCC_9_76_452,leaf area index (lai)
Tide gauge,IPCC_9_85_462,tide gauge
global mean sea level (GMSL),IPCC_9_96_465,global mean sea level (gmsl)
Power dissipation INDEX,IPCC_9_104_471,power dissipation index
Spatiotemporal variability of meteorological parameters,IPCC_10_24_481,spatiotemporal variability of meteorological parameters
Soil moisture,IPCC_10_31_483,soil moisture
 leaf area index,IPCC_10_31_483,leaf area index (lai)
 surface albedo,IPCC_10_31_483,surface albedo
Sedimentary records,IPCC_10_56_492,sedimentary records
Atlantic Multi-decadal Variability AMV,IPCC_10_58_493,atlantic multi-decadal variability (amv) index
 temperature,IPCC_10_77_504,temperature
Extreme temperatures,IPCC_11_24_511,extreme temperatures
Daily precipitation,IPCC_11_25_512,daily precipitation
 Daily temperature,IPCC_11_25_512,daily temperature
Daily temperature,IPCC_11_37_520,daily temperature
 mean air temperature,IPCC_11_39_524,mean air temperature
" Changes in the number of warm nights, warm days, cold nights, and cold days",IPCC_11_40_526,"changes in the number of warm nights, warm days, cold nights, and cold days"
 Warm spell duration index (WSDI),IPCC_11_40_526,warm spell duration index (wsdi)
Combined extreme index (CEI),IPCC_11_40_527,combined extreme index (cei)
Minimum temperature,IPCC_11_44_532,minimum temperature
reduction in post-volcanic eruption extreme precipitation,IPCC_11_50_537,reduction in post-volcanic eruption extreme precipitation
 Simple Daily Intensity INDEX (SDII),IPCC_11_50_537,simple daily intensity index (sdii)
Highest five day precipitation amount (Rx5day),IPCC_11_52_540,highest five day precipitation amount (rx5day)
 Highest one day precipitation amount (rx1day),IPCC_11_52_540,highest one day precipitation amount (rx1day)
 days of heavy precipitation,IPCC_11_53_541,days of heavy precipitation
  annual precipitation from daily precipitation > 95th percentile (r95p),IPCC_11_53_541,annual precipitation from daily precipitation > 95th percentile (r95p)
Standardized Precipitation Index (SPI),IPCC_11_58_543,standardized precipitation index (spi)
 Consecutive dry days (CDD),IPCC_11_58_543,consecutive dry days (cdd)
 Precipitation deciles and percentiles,IPCC_11_58_543,precipitation deciles and percentiles
 Potential evaporation anomalies,IPCC_11_58_543,potential evaporation anomalies
 Evaporative Demand Drought Index (EDDI),IPCC_11_58_543,evaporative demand drought index (eddi)
 Soil moisture anomalies (SMA),IPCC_11_58_543,soil moisture anomalies
 Standardized Soil Moisture Index (SSMI),IPCC_11_58_543,standardized soil moisture index (ssmi)
 Standardized Runoff Index (SRI),IPCC_11_58_543,standardized runoff index (sri)
 Standardized Streamflow Index (SSI),IPCC_11_58_543,standardized streamflow index (ssi)
 threshold level methods,IPCC_11_58_543,threshold level methods
 Standardized Groundwater Index (SGI),IPCC_11_58_543,standardized groundwater index (sgi)
 Standardized Precipitation Evapotranspiration Index (SPEI),IPCC_11_58_543,standardized precipitation evapotranspiration index (spei)
 Palmer Drought Severity Index (PDSI),IPCC_11_58_543,palmer drought severity index (pdsi)
 precipitation deficits,IPCC_11_58_544,precipitation deficits
 excess of atmospheric evaporative demand (AED),IPCC_11_58_544,excess of atmospheric evaporative demand (aed)
 soil moisture deficits,IPCC_11_58_544,soil moisture deficits
 hydrological deficits,IPCC_11_58_544,hydrological deficits
 atmospheric evaporative demand (AED),IPCC_11_60_547,atmospheric evaporative demand (aed)
Palmer Drought Severity INDEX (PDSI),IPCC_11_60_549,palmer drought severity index (pdsi)
 Standardized Precipitation Evapotranspiration INDEX (SPEI),IPCC_11_60_549,standardized precipitation evapotranspiration index (spei)
standardized precipitation index,IPCC_11_60_550,standardized precipitation index (spi)
 number of consecutive dry days (CDD),IPCC_11_60_550,number of consecutive dry days (cdd)
 total soil moisture,IPCC_11_60_550,total soil moisture
 soil moisture-based drought events,IPCC_11_60_550,soil moisture-based drought events
 surface soil moisture,IPCC_11_60_550,surface soil moisture
 water-balance estimates,IPCC_11_60_550,water-balance estimates
 changes in low flows,IPCC_11_60_550,changes in low flows
 changes in mean streamflow,IPCC_11_60_550,changes in mean streamflow
pan evaporation measurements,IPCC_11_61_551,pan evaporation measurements
 Penman-Monteith AED (atmospheric evaporative demand),IPCC_11_61_551,penman-monteith aed (atmospheric evaporative demand)
Genesis Potential INDEX,IPCC_11_78_568,genesis potential index
increase in global TC maximum surface wind speeds,IPCC_11_79_569,increase in global tc maximum surface wind speeds
 power dissipation INDEX,IPCC_11_79_569,power dissipation index
 Accumulated Cyclone Energy (ACE),IPCC_11_79_569,accumulated cyclone energy (ace)
 Consecutive Dry Days (CDD),IPCC_11_93_579,consecutive dry days (cdd)
standardized runoff index,IPCC_11_94_580,standardized runoff index (sri)
Heat Index (HI),IPCC_12_7_581,heat index (hi)
daily maximum tempreature above 35°C,IPCC_12_11_589,daily maximum tempreature above 35°c
Climate velocity,IPCC_12_14_593,climate velocity
accumulated seasonal heat,IPCC_12_14_594,accumulated seasonal heat
Extreme canopy temperatures,IPCC_12_15_596,extreme canopy temperatures
 2 m air temperatures,IPCC_12_15_596,2 m air temperatures
 heat stress (humidity and temperature),IPCC_12_15_596,heat stress (humidity and temperature)
10-day  cumulative precipitation,IPCC_12_17_597,10-day cumulative precipitation
precipitation intensity-duration thresholds,IPCC_12_17_598,precipitation intensity-duration thresholds
 thresholds related to antecedent wet periods,IPCC_12_17_598,thresholds related to antecedent wet periods
 thresholds related to antecedent extreme rainfall intensities,IPCC_12_17_598,thresholds related to antecedent extreme rainfall intensities
Changes in soil moisture,IPCC_12_17_599,changes in soil moisture
 Changes in surface water,IPCC_12_17_599,changes in surface water
 Water table depth,IPCC_12_17_599,water table depth
 rooting depth,IPCC_12_17_599,rooting depth
 changes in precipitation,IPCC_12_17_599,changes in precipitation
 Changes in evapotranspiration demand,IPCC_12_17_599,changes in evapotranspiration demand
 Changes in groundwater,IPCC_12_17_599,changes in groundwater
Water flow volume,IPCC_12_17_600,water flow volume
 water intermittency thresholds,IPCC_12_17_600,water intermittency thresholds
consecutive dry days (CDD),IPCC_12_17_601,consecutive dry days (cdd)
 Soil moisture,IPCC_12_17_601,soil moisture
 standardized precipitation index,IPCC_12_17_601,standardized precipitation index (spi)
 standardized runoff index,IPCC_12_17_601,standardized runoff index (sri)
 standardized precipitation evapotranspiration index,IPCC_12_17_601,standardized precipitation evapotranspiration index (spei)
 Low-flows days,IPCC_12_17_601,low-flows days
 Extreme low runoff,IPCC_12_17_601,extreme low runoff
Lightning frequency,IPCC_12_18_602,lightning frequency
 Fuel aridity,IPCC_12_18_602,fuel aridity
 Snow cover,IPCC_12_18_602,snow cover
 local wind circulations,IPCC_12_18_602,local wind circulations
snow water equivalent at key seasonal dates,IPCC_12_19_604,snow water equivalent at key seasonal dates
 the fraction of precipitation falling as snow,IPCC_12_19_604,fraction of precipitation falling as snow
 the first and last days of snow cover,IPCC_12_19_604,first and last days of snow cover
 cold season temperatures,IPCC_12_19_604,cold season temperatures
threshold when the local land elevation falls below the local mean higher high water (MHHW),IPCC_12_20_605,threshold when the local land elevation falls below the local mean higher high water (mhhw)
 threshold when flooding occurs about once every two weeks,IPCC_12_20_605,threshold when flooding occurs about once every two weeks
 rate of RSLR (relative sea level rise),IPCC_12_20_605,rate of rslr (relative sea level rise)
magnitude of shoreline retreat by a pre-determined planning horizon such as 50 or 100 years into the future,IPCC_12_20_606,magnitude of shoreline retreat by a pre-determined planning horizon such as 50 or 100 years into the future
 beach erosion volume due to the 100-year recurrence storm wave height,IPCC_12_20_606,beach erosion volume due to the 100-year recurrence storm wave height
 full exceedance probability distribution of coastal erosion volume,IPCC_12_20_606,full exceedance probability distribution of coastal erosion volume
 cumulative storm energy and storm power index,IPCC_12_20_606,cumulative storm energy and storm power index
climatic impact-driver (cid) magnitude,IPCC_12_22_609,climatic impact-driver (cid) magnitude
climatic impact-driver (cid) frequency,IPCC_12_22_609,climatic impact-driver (cid) frequency
 climatic impact-driver (cid) duration,IPCC_12_22_609,climatic impact-driver (cid) duration
 climatic impact-driver (cid) timing,IPCC_12_22_609,climatic impact-driver (cid) timing
 climatic impact-driver (cid) spatial extent,IPCC_12_22_609,climatic impact-driver (cid) spatial extent
Change in # days Tx>35°C,IPCC_12_24_613,change in # days tx>35°c
 Change in # days HI>41°C,IPCC_12_24_613,change in # days hi>41°c
 Change in # droughts,IPCC_12_24_613,change in # droughts
 Change in # soil moisture,IPCC_12_24_613,change in # soil moisture
 change in mean wind,IPCC_12_24_613,change in mean wind
 change in extreme total water level,IPCC_12_24_613,change in extreme total water level
Areas below calcium carbonate saturation thresholds,IPCC_12_24_615,areas below calcium carbonate saturation thresholds
Heat Index HI>41°C,IPCC_12_27_618,heat index (hi)
Drought Index (DI),IPCC_12_43_640,drought index (di)
Drought Frequency (DF),IPCC_12_43_641,drought frequency (df)
Forest Fire Danger INDEX (FFDI),IPCC_12_43_642,forest fire danger index (ffdi)
C-Haines Index,IPCC_12_43_643,c-haines index
 Forest fire danger Index (FFDI),IPCC_12_43_643,forest fire danger index (ffdi)
combined sea level due to storm surge and tide,IPCC_12_45_645,combined sea level due to storm surge and tide
growing degree days,IPCC_12_46_648,growing degree days
 cooling degree days,IPCC_12_46_648,cooling degree days
Wet bulb globe temperature (WBGT) Index,IPCC_12_49_649,wet bulb globe temperature (wbgt) index
 maximum temperatures,IPCC_12_49_649,maximum temperatures
 Heat Index (hi),IPCC_12_49_649,heat index (hi)
cooling degree day INDEX,IPCC_12_54_662,cooling degree day index
Heat stress index,IPCC_12_54_663,heat stress index
 wet bulb globe temperature (WBGT) index,IPCC_12_54_663,wet bulb globe temperature (wbgt) index
Heating degree day Index,IPCC_12_56_664,heating degree day index
Standardized Precipitation INDEX,IPCC_12_57_665,standardized precipitation index (spi)
 consecutive dry days (cdd),IPCC_12_57_665,consecutive dry days (cdd)
Drought Severity INDEX,IPCC_12_57_666,drought severity index
 Standardized Precipitation Index,IPCC_12_57_666,standardized precipitation index (spi)
shoreline change (indicator of coastal erosion),IPCC_12_60_671,shoreline change (indicator of coastal erosion)
 humidity,IPCC_12_62_673,humidity
Monthly Drought Code fire INDEX,IPCC_12_66_682,monthly drought code fire index
 fire Weather INDEX (FWI),IPCC_12_66_682,fire weather index (fwi)
 maximum fire weather INDEX,IPCC_12_66_682,maximum fire weather index
convective available potential energy and wind shear,IPCC_12_66_684,convective available potential energy and wind shear
Degree heating weeks,IPCC_12_70_691,degree heating weeks
 Degree heating months,IPCC_12_70_691,degree heating months
Wet bulb globe temperature (WBGT) index,IPCC_12_71_692,wet bulb globe temperature (wbgt) index
 maximum daytime heat index,IPCC_12_71_692,maximum daytime heat index
Regional deficit index,IPCC_12_72_695,regional deficit index
Tide gauges,IPCC_12_73_700,tide gauge
Fire weather index (fwi),IPCC_12_79_710,fire weather index (fwi)
fire risk,IPCC_12_85_722,fire risk
Heat Index (hi),IPCC_12_85_724,heat index (hi)
Standardized Precipitation Evapotranspiration Index SPEI,IPCC_12_85_726,standardized precipitation evapotranspiration index (spei)
Wet bulb temperature,IPCC_12_88_731,wet bulb temperature
